Workbook

Sheet Summary
A1: DATABASE ASET VIBRASI — PLTU JERANJANG
A4: KPI | B4: Nilai | D4: Status | E4: Jumlah | G4: Unit / Area | H4: Jumlah Aset
A5: Total report record | B5: =COUNTA(Report_Records!A2:A500) -> 69 | D5: NORMAL | E5: =COUNTIF(Report_Records!I2:I500,"NORMAL") -> 28 | G5: UNIT 1 | H5: =COUNTIF(Asset_Master!AT2:AT69,"UNIT 1") -> 18
A6: Aset logis unik | B6: =COUNTA(Asset_Master!A2:A500) -> 68 | D6: PREWARNING | E6: =COUNTIF(Report_Records!I2:I500,"PREWARNING") -> 39 | G6: UNIT 2 | H6: =COUNTIF(Asset_Master!AT2:AT69,"UNIT 2") -> 16
A7: KKS kosong (record) | B7: =COUNTBLANK(Report_Records!D2:D70) -> 9 | D7: WARNING | E7: =COUNTIF(Report_Records!I2:I500,"WARNING") -> 1 | G7: UNIT 3 | H7: =COUNTIF(Asset_Master!AT2:AT69,"UNIT 3") -> 20
A8: Status NORMAL | B8: =COUNTIF(Report_Records!I2:I500,"NORMAL") -> 28 | D8: ALARM | E8: =COUNTIF(Report_Records!I2:I500,"ALARM") -> 1 | G8: COMMON | H8: =COUNTIF(Asset_Master!AT2:AT69,"COMMON") -> 14
A9: Status non-NORMAL | B9: =COUNTIF(Report_Records!I2:I500,"PREWARNING")+COUNTIF(Report_Records!I2:I500,"WARNING")+COUNTIF(Report_Records!I2:I500,"ALARM") -> 41 | D9: TOTAL | E9: =SUM(E5:E8) -> 69 | G9: TOTAL | H9: =SUM(H5:H8) -> 68
A12: Catatan Ekstraksi
A13: Sumber | B13: VIbrasi dataset.pdf — 139 halaman
A14: Cakupan | B14: 69 detail report record; 68 identitas aset logis
A15: Prinsip | B15: Nilai sumber dipertahankan. Typo/spelling class tidak diubah; versi normalized disimpan pada kolom terpisah.
A16: Kualitas | B16: Nilai kosong pada PDF tetap kosong. Metadata aset berulang tetap dipertahankan di Report_Records.

Sheet Asset_Master
A1: Asset ID | B1: Equipment | C1: KKS | D1: Equipment Class (Source) | E1: Equipment Class (Normalized) | F1: Asset Category (Derived) | G1: PM Week | H1: Measurement Date | I1: Status Vibrasi | J1: Component 1 | K1: Component 2 | L1: C1 Type/Mfg | M1: C1 Speed | N1: C1 Power | O1: C1 Bearing Type | P1: C1 Inboard Bearing | Q1: C1 Outboard Bearing | R1: C1 Rotor Bar | S1: C1 Foundation | T1: C1 House Power | U1: C1 Brake Horse Power | V1: C1 Current | W1: C1 Rated Capacity | X1: C1 Rated Active Power | Y1: C1 Rated Stator Voltage | Z1: C1 Rated Stator Current | AA1: C1 Rated Speed | AB1: C1 Rated Frequency | AC1: C2 Type/Mfg | AD1: C2 Manufacturer | AE1: C2 Speed | AF1: C2 Power | AG1: C2 Capacity | AH1: C2 Pressure | AI1: C2 Flow Rate | AJ1: C2 Bearing Type | AK1: C2 Inboard Bearing | AL1: C2 Onboard Bearing | AM1: C2 Total Blade | AN1: C2 NCR | AO1: C2 Ekstraction | AP1: C2 Stages | AQ1: C2 Governoor Type | AR1: Source Pages | AS1: Data Quality Note | AT1: Unit Group (Derived)
A2: AST-001 | B2: Motor ID Fan 1#1 | C2: LJ10HNC10AN001-001 | D2: ISO 10816-3 (GROUP 1 RIGID) | E2: ISO 10816-3 (GROUP 1 RIGID) | F2: Fan | G2: W37 | H2: 45544 | I2: NORMAL | J2: MOTOR | K2: FAN | L2: YKK4003-4 | M2: 985 | N2: 355 Kw | P2: NU324 | Q2: 6324 | R2: - | S2: Rigid | AK2: - | AL2: - | AR2: 1 | AT2: =IF(VALUE(LEFT(AR2,FIND(",",AR2&",")-1))<=36,"UNIT 1",IF(VALUE(LEFT(AR2,FIND(",",AR2&",")-1))<=70,"UNIT 2",IF(VALUE(LEFT(AR2,FIND(",",AR2&",")-1))<=110,"UNIT 3","COMMON"))) -> UNIT 1
A3: AST-002 | B3: Motor ID Fan 2#1 | C3: LJ10HNC10AN002-001 | D3: ISO 10816-3 (GROUP 1 RIGID) | E3: ISO 10816-3 (GROUP 1 RIGID) | F3: Fan | G3: W39 | H3: 45558 | I3: PREWARNING | J3: MOTOR | K3: FAN | L3: YKK4003-4 | M3: 985 | N3: 355 Kw | P3: NU324 | Q3: 6324 | R3: - | S3: Rigid | AK3: - | AL3: - | AR3: 3 | AT3: =IF(VALUE(LEFT(AR3,FIND(",",AR3&",")-1))<=36,"UNIT 1",IF(VALUE(LEFT(AR3,FIND(",",AR3&",")-1))<=70,"UNIT 2",IF(VALUE(LEFT(AR3,FIND(",",AR3&",")-1))<=110,"UNIT 3","COMMON"))) -> UNIT 1
A4: AST-003 | B4: Motor Primary Air Fan 1#1 | C4: LJ10HLB10AN001-001 | D4: ISO 10816-3 (GROUP 1 RIGID) | E4: ISO 10816-3 (GROUP 1 RIGID) | F4: Fan | G4: W37 | H4: 45544 | I4: NORMAL | J4: MOTOR | K4: FAN | L4: YKK 4001-4 | M4: 1480 r/min | N4: 280 kW | O4: Roller Bearing | P4: NU324 | Q4: 6224 | R4: - | S4: Rigid | AC4: QALG-217D | AE4: 1450 r/min | AH4: 13500 Pa | AI4: 50000 m2/h | AJ4: - | AK4: - | AL4: - | AM4: - | AR4: 5 | AT4: =IF(VALUE(LEFT(AR4,FIND(",",AR4&",")-1))<=36,"UNIT 1",IF(VALUE(LEFT(AR4,FIND(",",AR4&",")-1))<=70,"UNIT 2",IF(VALUE(LEFT(AR4,FIND(",",AR4&",")-1))<=110,"UNIT 3","COMMON"))) -> UNIT 1
A5: AST-004 | B5: Motor Primary Air Fan 2#1 | C5: LJ10HLB10AN002-001 | D5: ISO 10816-3 (GROUP 1 RIGID) | E5: ISO 10816-3 (GROUP 1 RIGID) | F5: Fan | G5: W39 | H5: 45558 | I5: NORMAL | J5: MOTOR | K5: FAN | L5: YKK 4001-4 | M5: 1480 r/min | N5: 280 kW | O5: Roller Bearing | P5: NU324 | Q5: 6224 | R5: - | S5: Rigid | AC5: QALG-217D | AE5: 1450 r/min | AH5: 13500 Pa | AI5: 50000 m2/h | AJ5: - | AK5: - | AL5: - | AM5: - | AR5: 7 | AT5: =IF(VALUE(LEFT(AR5,FIND(",",AR5&",")-1))<=36,"UNIT 1",IF(VALUE(LEFT(AR5,FIND(",",AR5&",")-1))<=70,"UNIT 2",IF(VALUE(LEFT(AR5,FIND(",",AR5&",")-1))<=110,"UNIT 3","COMMON"))) -> UNIT 1
A6: AST-005 | B6: Motor Secondary Air Fan 1#1 | C6: LJ10HLB10AN003-001 | D6: ISO 10816-3 (GROUP 1 RIGID) | E6: ISO 10816-3 (GROUP 1 RIGID) | F6: Fan | G6: W37 | H6: 45544 | I6: NORMAL | J6: MOTOR | K6: FAN | L6: YKK 4001-4 | M6: 1480 r/min | N6: 280 kW | O6: Roller Bearing | P6: NU324 | Q6: 6224 | R6: - | S6: Rigid | AC6: QALG-217D | AE6: 1450 r/min | AH6: 13500 Pa | AI6: 50000 m2/h | AJ6: - | AK6: - | AL6: - | AM6: - | AR6: 9 | AT6: =IF(VALUE(LEFT(AR6,FIND(",",AR6&",")-1))<=36,"UNIT 1",IF(VALUE(LEFT(AR6,FIND(",",AR6&",")-1))<=70,"UNIT 2",IF(VALUE(LEFT(AR6,FIND(",",AR6&",")-1))<=110,"UNIT 3","COMMON"))) -> UNIT 1
A7: AST-006 | B7: Motor Secondary Air Fan 2#1 | C7: LJ10HLB10AN004-001 | D7: ISO 10816-3 (GROUP 1 RIGID) | E7: ISO 10816-3 (GROUP 1 RIGID) | F7: Fan | G7: W39 | H7: 45558 | I7: PREWARNING | J7: MOTOR | K7: FAN | L7: YKK 4001-4 | M7: 1480 r/min | N7: 280 kW | O7: Roller Bearing | P7: NU324 | Q7: 6224 | R7: - | S7: Rigid | AC7: QALG-217D | AE7: 1450 r/min | AH7: 13500 Pa | AI7: 50000 m2/h | AJ7: - | AK7: - | AL7: - | AM7: - | AR7: 11 | AT7: =IF(VALUE(LEFT(AR7,FIND(",",AR7&",")-1))<=36,"UNIT 1",IF(VALUE(LEFT(AR7,FIND(",",AR7&",")-1))<=70,"UNIT 2",IF(VALUE(LEFT(AR7,FIND(",",AR7&",")-1))<=110,"UNIT 3","COMMON"))) -> UNIT 1
A8: AST-007 | B8: Turbin-Generator#1 | C8: LJ10MAA10HB010-001 | D8: ISO 10816-2 | E8: ISO 10816-2 | F8: Turbine-Generator | G8: W37 | H8: 45544 | I8: NORMAL | J8: GENERATOR | K8: TURBINE | L8: China Changjiang Energy Corp. | W8: 37.5 MVA | X8: 30 MW | Y8: 6.3 kV Phase 3 Wire | AA8: 3000 r/min | AB8: 50 Hz | AD8: China Changjiang Energy Corp. | AE8: 3000 r/min | AN8: 30 MW | AO8: 6 | AP8: 19 | AQ8: Digital Electric Hidroulic (Woodard 505) | AR8: 13 | AT8: =IF(VALUE(LEFT(AR8,FIND(",",AR8&",")-1))<=36,"UNIT 1",IF(VALUE(LEFT(AR8,FIND(",",AR8&",")-1))<=70,"UNIT 2",IF(VALUE(LEFT(AR8,FIND(",",AR8&",")-1))<=110,"UNIT 3","COMMON"))) -> UNIT 1
A9: AST-008 | B9: Motor Condensat Pump 2#1 | C9: LJ10LCB10AP020-001 | D9: ISO 10816-3 (GROUP 2 RIGID) | E9: ISO 10816-3 (GROUP 2 RIGID) | F9: Pump | G9: W36 | H9: 45537 | I9: PREWARNING | J9: MOTOR | K9: POMPA | L9: YLB 250-2-4 | M9: 1430 rpm | N9: 75 kW | O9: - | P9: - | Q9: - | R9: - | S9: Rigid | AC9: 5LDIN | AE9: 1480 rpm | AF9: 53 kW | AG9: 120 m3/h | AK9: - | AL9: - | AR9: 15 | AT9: =IF(VALUE(LEFT(AR9,FIND(",",AR9&",")-1))<=36,"UNIT 1",IF(VALUE(LEFT(AR9,FIND(",",AR9&",")-1))<=70,"UNIT 2",IF(VALUE(LEFT(AR9,FIND(",",AR9&",")-1))<=110,"UNIT 3","COMMON"))) -> UNIT 1
A10: AST-009 | B10: Motor Vacuum Pump 1#1 | C10: LJ10MAG10AP011-001 | D10: ISO 10816-3 (GROUP 2 RIGID) | E10: ISO 10816-3 (GROUP 2 RIGID) | F10: Pump | G10: W39 | H10: 45558 | I10: NORMAL | J10: MOTOR | K10: POMPA | L10: Y2 - 250-6 | M10: 980 rpm | N10: 37 kW | R10: - | S10: Rigid | AK10: - | AL10: - | AR10: 17 | AT10: =IF(VALUE(LEFT(AR10,FIND(",",AR10&",")-1))<=36,"UNIT 1",IF(VALUE(LEFT(AR10,FIND(",",AR10&",")-1))<=70,"UNIT 2",IF(VALUE(LEFT(AR10,FIND(",",AR10&",")-1))<=110,"UNIT 3","COMMON"))) -> UNIT 1
A11: AST-010 | B11: Motor Vacuum Pump 2#1 | C11: LJ10MAG10AP012-001 | D11: ISO 10816-3 (GROUP 2 RIGID) | E11: ISO 10816-3 (GROUP 2 RIGID) | F11: Pump | G11: W39 | H11: 45558 | I11: NORMAL | J11: MOTOR | K11: POMPA | L11: Y2 - 250-6 | M11: 980 rpm | N11: 37 kW | R11: - | S11: Rigid | AK11: - | AL11: - | AR11: 19 | AT11: =IF(VALUE(LEFT(AR11,FIND(",",AR11&",")-1))<=36,"UNIT 1",IF(VALUE(LEFT(AR11,FIND(",",AR11&",")-1))<=70,"UNIT 2",IF(VALUE(LEFT(AR11,FIND(",",AR11&",")-1))<=110,"UNIT 3","COMMON"))) -> UNIT 1
A12: AST-011 | B12: Motor Boiler Feed Pump 1#1 | C12: LJ10LAC10AP001-001 | D12: ISO 10816-3 (GROUP 1 RIGID) | E12: ISO 10816-3 (GROUP 1 RIGID) | F12: Pump | G12: W36 | H12: 45537 | I12: NORMAL | J12: MOTOR | K12: POMPA | L12: SY23372-1028, QINGJIANG | M12: 2980 rpm | N12: 1000 | P12: NU 224EC | Q12: 6224/C3 | R12: - | S12: Rigid | AC12: SHENYANG AST PUMP MANUFACTURING CO.,LTD | AE12: 2980 rpm | AG12: 140 | AK12: - | AL12: - | AR12: 21 | AT12: =IF(VALUE(LEFT(AR12,FIND(",",AR12&",")-1))<=36,"UNIT 1",IF(VALUE(LEFT(AR12,FIND(",",AR12&",")-1))<=70,"UNIT 2",IF(VALUE(LEFT(AR12,FIND(",",AR12&",")-1))<=110,"UNIT 3","COMMON"))) -> UNIT 1
A13: AST-012 | B13: Motor CCCWP 1#1 | C13: LJ10PGB10AP001-001 | D13: ISO 10816-3 (GROUP 2 RIGID) | E13: ISO 10816-3 (GROUP 2 RIGID) | F13: Pump | G13: W37 | H13: 45545 | I13: PREWARNING | J13: MOTOR | K13: POMPA | L13: Y2 - 280-4 | M13: 980 rpm | N13: 75 kW | O13: - | P13: - | Q13: - | R13: - | S13: Rigid | AK13: - | AL13: - | AR13: 23 | AT13: =IF(VALUE(LEFT(AR13,FIND(",",AR13&",")-1))<=36,"UNIT 1",IF(VALUE(LEFT(AR13,FIND(",",AR13&",")-1))<=70,"UNIT 2",IF(VALUE(LEFT(AR13,FIND(",",AR13&",")-1))<=110,"UNIT 3","COMMON"))) -> UNIT 1
A14: AST-013 | B14: Motor CCCWP 2#1 | C14: LJ10PGB10AP002-001 | D14: ISO 10816-3 (GROUP 2 RIGID) | E14: ISO 10816-3 (GROUP 2 RIGID) | F14: Pump | G14: W39 | H14: 45559 | I14: NORMAL | J14: MOTOR | K14: POMPA | L14: Y2 - 280-4 | M14: 980 rpm | N14: 75 kW | R14: - | S14: Rigid | AK14: - | AL14: - | AR14: 25 | AT14: =IF(VALUE(LEFT(AR14,FIND(",",AR14&",")-1))<=36,"UNIT 1",IF(VALUE(LEFT(AR14,FIND(",",AR14&",")-1))<=70,"UNIT 2",IF(VALUE(LEFT(AR14,FIND(",",AR14&",")-1))<=110,"UNIT 3","COMMON"))) -> UNIT 1
A15: AST-014 | B15: Motor CWP 355 Kw 1#1 | C15: LJ10PAC10AP001-001 | D15: ISO 10816-3 (GROUP 1 RIGID)) | E15: ISO 10816-3 (GROUP 1 RIGID) | F15: Pump | G15: W39 | H15: 45559 | I15: PREWARNING | J15: MOTOR | K15: POMPA | L15: YLKK400-6 | M15: 991 | N15: 315 | R15: - | S15: Rigid | AR15: 27 | AS15: Class dinormalisasi pada kolom terpisah; nilai sumber dipertahankan | AT15: =IF(VALUE(LEFT(AR15,FIND(",",AR15&",")-1))<=36,"UNIT 1",IF(VALUE(LEFT(AR15,FIND(",",AR15&",")-1))<=70,"UNIT 2",IF(VALUE(LEFT(AR15,FIND(",",AR15&",")-1))<=110,"UNIT 3","COMMON"))) -> UNIT 1
A16: AST-015 | B16: Motor CWP 355 Kw 2#1 | C16: LJ10PAC10AP002-001 | D16: ISO 10816-3 (GROUP 1 RIGID)) | E16: ISO 10816-3 (GROUP 1 RIGID) | F16: Pump | G16: W37 | H16: 45545 | I16: NORMAL | J16: MOTOR | K16: POMPA | L16: YLKK400-6 | M16: 991 | N16: 315 | R16: - | S16: Rigid | AR16: 29 | AS16: Class dinormalisasi pada kolom terpisah; nilai sumber dipertahankan | AT16: =IF(VALUE(LEFT(AR16,FIND(",",AR16&",")-1))<=36,"UNIT 1",IF(VALUE(LEFT(AR16,FIND(",",AR16&",")-1))<=70,"UNIT 2",IF(VALUE(LEFT(AR16,FIND(",",AR16&",")-1))<=110,"UNIT 3","COMMON"))) -> UNIT 1
A17: AST-016 | B17: Motor BWRO 1#1 | C17: LJ10GCK10AP005-001 | D17: ISO 10816-3 (GROUP 2 RIGID) | E17: ISO 10816-3 (GROUP 2 RIGID) | F17: Pump | G17: W37 | H17: 45545 | I17: PREWARNING | J17: MOTOR | K17: POMPA | L17: AEUBKG020015FMBP3 | M17: 2920 r/min | N17: 11 kw | O17: Roller Bearing | P17: 7309B | Q17: 6307C3 | R17: - | S17: Rigid | AC17: A96536974P11003 | AE17: 2920 r/min | AF17: 11 Kw | AG17: 21 m3/h | AK17: - | AL17: - | AR17: 32 | AT17: =IF(VALUE(LEFT(AR17,FIND(",",AR17&",")-1))<=36,"UNIT 1",IF(VALUE(LEFT(AR17,FIND(",",AR17&",")-1))<=70,"UNIT 2",IF(VALUE(LEFT(AR17,FIND(",",AR17&",")-1))<=110,"UNIT 3","COMMON"))) -> UNIT 1
A18: AST-017 | B18: Motor SWRO 2#1 | C18: LJ10GCK10AP008-001 | D18: ISO 10816-3 (GROUP 2 RIGID) | E18: ISO 10816-3 (GROUP 2 RIGID) | F18: Pump | G18: W39 | H18: 45559 | I18: NORMAL | J18: MOTOR | K18: POMPA | M18: 2970 r/min | N18: 75 | R18: - | S18: Rigid | AK18: - | AL18: - | AR18: 34 | AT18: =IF(VALUE(LEFT(AR18,FIND(",",AR18&",")-1))<=36,"UNIT 1",IF(VALUE(LEFT(AR18,FIND(",",AR18&",")-1))<=70,"UNIT 2",IF(VALUE(LEFT(AR18,FIND(",",AR18&",")-1))<=110,"UNIT 3","COMMON"))) -> UNIT 1
A19: AST-018 | B19: AC OIL PUMP UNIT 1 | D19: ISO 10816-3 (GROUP 2 RIGID) | E19: ISO 10816-3 (GROUP 2 RIGID) | F19: Pump | G19: W38 | H19: 45551 | I19: PREWARNING | J19: MOTOR | K19: POMPA | L19: Y2 - 250-6 | M19: 980 rpm | N19: 37 kW | R19: - | S19: Rigid | AK19: - | AL19: - | AR19: 36 | AS19: KKS kosong pada sumber PDF | AT19: =IF(VALUE(LEFT(AR19,FIND(",",AR19&",")-1))<=36,"UNIT 1",IF(VALUE(LEFT(AR19,FIND(",",AR19&",")-1))<=70,"UNIT 2",IF(VALUE(LEFT(AR19,FIND(",",AR19&",")-1))<=110,"UNIT 3","COMMON"))) -> UNIT 1
A20: AST-019 | B20: Motor ID Fan 1#2 | C20: LJ20HNC10AN001-001 | D20: ISO 10816-3 (GROUP 1 RIGID) | E20: ISO 10816-3 (GROUP 1 RIGID) | F20: Fan | G20: W39 | H20: 45559 | I20: NORMAL | J20: MOTOR | K20: FAN | L20: YKK4003-4 | M20: 985 | N20: 355 Kw | P20: NU324 | Q20: 6324 | R20: - | S20: Rigid | AK20: - | AL20: - | AR20: 38 | AT20: =IF(VALUE(LEFT(AR20,FIND(",",AR20&",")-1))<=36,"UNIT 1",IF(VALUE(LEFT(AR20,FIND(",",AR20&",")-1))<=70,"UNIT 2",IF(VALUE(LEFT(AR20,FIND(",",AR20&",")-1))<=110,"UNIT 3","COMMON"))) -> UNIT 2
A21: AST-020 | B21: Motor ID Fan 2#2 | C21: LJ20HNC10AN002-001 | D21: ISO 10816-3 (GROUP 1 RIGID) | E21: ISO 10816-3 (GROUP 1 RIGID) | F21: Fan | G21: W37 | H21: 45545 | I21: PREWARNING | J21: MOTOR | K21: FAN | L21: YKK4003-4 | M21: 985 | N21: 355 Kw | P21: NU324 | Q21: 6324 | R21: - | S21: Rigid | AK21: - | AL21: - | AR21: 40 | AT21: =IF(VALUE(LEFT(AR21,FIND(",",AR21&",")-1))<=36,"UNIT 1",IF(VALUE(LEFT(AR21,FIND(",",AR21&",")-1))<=70,"UNIT 2",IF(VALUE(LEFT(AR21,FIND(",",AR21&",")-1))<=110,"UNIT 3","COMMON"))) -> UNIT 2
A22: AST-021 | B22: Motor Primary Air Fan 1#2 | C22: LJ20HLB10AN001-001 | D22: ISO 10816-3 (GROUP 1 RIGID) | E22: ISO 10816-3 (GROUP 1 RIGID) | F22: Fan | G22: W39 | H22: 45560 | I22: NORMAL | J22: MOTOR | K22: FAN | L22: YKK 4001-4 | M22: 1480 r/min | N22: 280 kW | O22: Roller Bearing | P22: NU324 | Q22: 6224 | R22: - | S22: Rigid | AC22: QALG-217D | AE22: 1450 r/min | AH22: 13500 Pa | AI22: 50000 m2/h | AJ22: - | AK22: - | AL22: - | AM22: - | AR22: 42 | AT22: =IF(VALUE(LEFT(AR22,FIND(",",AR22&",")-1))<=36,"UNIT 1",IF(VALUE(LEFT(AR22,FIND(",",AR22&",")-1))<=70,"UNIT 2",IF(VALUE(LEFT(AR22,FIND(",",AR22&",")-1))<=110,"UNIT 3","COMMON"))) -> UNIT 2
A23: AST-022 | B23: Motor Primary Air Fan 2#2 | C23: LJ20HLB10AN002-001 | D23: ISO 10816-3 (GROUP 1 RIGID) | E23: ISO 10816-3 (GROUP 1 RIGID) | F23: Fan | G23: W37 | H23: 45546 | I23: NORMAL | J23: MOTOR | K23: FAN | L23: YKK 4001-4 | M23: 1480 r/min | N23: 280 kW | O23: Roller Bearing | P23: NU324 | Q23: 6224 | R23: - | S23: Rigid | AC23: QALG-217D | AE23: 1450 r/min | AH23: 13500 Pa | AI23: 50000 m2/h | AJ23: - | AK23: - | AL23: - | AM23: - | AR23: 44 | AT23: =IF(VALUE(LEFT(AR23,FIND(",",AR23&",")-1))<=36,"UNIT 1",IF(VALUE(LEFT(AR23,FIND(",",AR23&",")-1))<=70,"UNIT 2",IF(VALUE(LEFT(AR23,FIND(",",AR23&",")-1))<=110,"UNIT 3","COMMON"))) -> UNIT 2
A24: AST-023 | B24: Motor Secondary Air Fan 1#2 | C24: LJ20HLB10AN003-001 | D24: ISO 10816-3 (GROUP 1 RIGID) | E24: ISO 10816-3 (GROUP 1 RIGID) | F24: Fan | G24: W39 | H24: 45560 | I24: PREWARNING | J24: MOTOR | K24: FAN | L24: YKK 4001-4 | M24: 1480 r/min | N24: 280 kW | O24: Roller Bearing | P24: NU324 | Q24: 6224 | R24: - | S24: Rigid | AC24: QALG-217D | AE24: 1450 r/min | AH24: 13500 Pa | AI24: 50000 m2/h | AJ24: - | AK24: - | AL24: - | AM24: - | AR24: 46 | AT24: =IF(VALUE(LEFT(AR24,FIND(",",AR24&",")-1))<=36,"UNIT 1",IF(VALUE(LEFT(AR24,FIND(",",AR24&",")-1))<=70,"UNIT 2",IF(VALUE(LEFT(AR24,FIND(",",AR24&",")-1))<=110,"UNIT 3","COMMON"))) -> UNIT 2
A25: AST-024 | B25: Motor Secondary Air Fan 2#2 | C25: LJ20HLB10AN004-001 | D25: ISO 10816-3 (GROUP 1 RIGID) | E25: ISO 10816-3 (GROUP 1 RIGID) | F25: Fan | G25: W37 | H25: 45546 | I25: NORMAL | J25: MOTOR | K25: FAN | L25: YKK 4001-4 | M25: 1480 r/min | N25: 280 kW | O25: Roller Bearing | P25: NU324 | Q25: 6224 | R25: - | S25: Rigid | AC25: QALG-217D | AE25: 1450 r/min | AH25: 13500 Pa | AI25: 50000 m2/h | AJ25: - | AK25: - | AL25: - | AM25: - | AR25: 48 | AT25: =IF(VALUE(LEFT(AR25,FIND(",",AR25&",")-1))<=36,"UNIT 1",IF(VALUE(LEFT(AR25,FIND(",",AR25&",")-1))<=70,"UNIT 2",IF(VALUE(LEFT(AR25,FIND(",",AR25&",")-1))<=110,"UNIT 3","COMMON"))) -> UNIT 2
A26: AST-025 | B26: Turbin-Generator#2 | C26: LJ20MAA10HB010-001 | D26: ISO 10816-2 | E26: ISO 10816-2 | F26: Turbine-Generator | G26: W39 | H26: 45560 | I26: PREWARNING | J26: GENERATOR | K26: TURBINE | L26: China Changjiang Energy Corp. | W26: 37.5 MVA | X26: 30 MW | Y26: 6.3 kV Phase 3 Wire | AA26: 3000 r/min | AB26: 50 Hz | AD26: China Changjiang Energy Corp. | AE26: 3000 r/min | AN26: 30 MW | AO26: 6 | AP26: 19 | AQ26: Digital Electric Hidroulic (Woodard 505) | AR26: 50 | AT26: =IF(VALUE(LEFT(AR26,FIND(",",AR26&",")-1))<=36,"UNIT 1",IF(VALUE(LEFT(AR26,FIND(",",AR26&",")-1))<=70,"UNIT 2",IF(VALUE(LEFT(AR26,FIND(",",AR26&",")-1))<=110,"UNIT 3","COMMON"))) -> UNIT 2
A27: AST-026 | B27: Motor Condensat Pump 1#2 | C27: LJ20LCB10AP010-001 | D27: ISO 10816-3 (GROUP 2 RIGID) | E27: ISO 10816-3 (GROUP 2 RIGID) | F27: Pump | G27: W36 | H27: 45537 | I27: NORMAL | J27: MOTOR | K27: POMPA | L27: YLB 250-2-4 | M27: 1430 rpm | N27: 75 kW | O27: - | P27: - | Q27: - | R27: - | S27: Rigid | AK27: - | AL27: - | AR27: 52 | AT27: =IF(VALUE(LEFT(AR27,FIND(",",AR27&",")-1))<=36,"UNIT 1",IF(VALUE(LEFT(AR27,FIND(",",AR27&",")-1))<=70,"UNIT 2",IF(VALUE(LEFT(AR27,FIND(",",AR27&",")-1))<=110,"UNIT 3","COMMON"))) -> UNIT 2
A28: AST-027 | B28: Motor Vacuum Pump 1#2 | C28: LJ20MAG10AP011-001 | D28: ISO 10816-3 (GROUP 2 RIGID) | E28: ISO 10816-3 (GROUP 2 RIGID) | F28: Pump | G28: W39 | H28: 45561 | I28: PREWARNING | J28: MOTOR | K28: POMPA | L28: Y2 - 250-6 | M28: 980 rpm | N28: 37 kW | R28: - | S28: Rigid | AK28: - | AL28: - | AR28: 54 | AT28: =IF(VALUE(LEFT(AR28,FIND(",",AR28&",")-1))<=36,"UNIT 1",IF(VALUE(LEFT(AR28,FIND(",",AR28&",")-1))<=70,"UNIT 2",IF(VALUE(LEFT(AR28,FIND(",",AR28&",")-1))<=110,"UNIT 3","COMMON"))) -> UNIT 2
A29: AST-028 | B29: Motor Vacuum Pump 2#2 | C29: LJ20MAG10AP012-001 | D29: ISO 10816-3 (GROUP 2 RIGID) | E29: ISO 10816-3 (GROUP 2 RIGID) | F29: Pump | G29: W39 | H29: 45561 | I29: PREWARNING | J29: MOTOR | K29: POMPA | L29: Y2 - 250-6 | M29: 980 rpm | N29: 37 kW | R29: - | S29: Rigid | AK29: - | AL29: - | AR29: 56 | AT29: =IF(VALUE(LEFT(AR29,FIND(",",AR29&",")-1))<=36,"UNIT 1",IF(VALUE(LEFT(AR29,FIND(",",AR29&",")-1))<=70,"UNIT 2",IF(VALUE(LEFT(AR29,FIND(",",AR29&",")-1))<=110,"UNIT 3","COMMON"))) -> UNIT 2
A30: AST-029 | B30: Motor Boiler Feed Pump 2#2 | C30: LJ20LAC10AP002-001 | D30: ISO 10816-3 (GROUP 1 RIGID) | E30: ISO 10816-3 (GROUP 1 RIGID) | F30: Pump | G30: W36 | H30: 45537 | I30: PREWARNING | J30: MOTOR | K30: FAN | L30: SY23372-1028, QINGJIANG | M30: 2980 rpm | N30: 1000 | P30: NU 224EC | Q30: 6224/C3 | R30: - | S30: Rigid | AC30: SHENYANG AST PUMP MANUFACTURING CO.,LTD | AE30: 2980 rpm | AG30: 140 | AK30: - | AL30: - | AR30: 58 | AT30: =IF(VALUE(LEFT(AR30,FIND(",",AR30&",")-1))<=36,"UNIT 1",IF(VALUE(LEFT(AR30,FIND(",",AR30&",")-1))<=70,"UNIT 2",IF(VALUE(LEFT(AR30,FIND(",",AR30&",")-1))<=110,"UNIT 3","COMMON"))) -> UNIT 2
A31: AST-030 | B31: Motor CCCWP 1#2 | C31: LJ20PGB10AP001-001 | D31: ISO 10816-3 (GROUP 2 RIGID) | E31: ISO 10816-3 (GROUP 2 RIGID) | F31: Pump | G31: W39 | H31: 45561 | I31: PREWARNING | J31: MOTOR | K31: POMPA | L31: Y2 - 280-4 | M31: 980 rpm | N31: 75 kW | O31: - | P31: - | Q31: - | R31: - | S31: Rigid | AK31: - | AL31: - | AR31: 60 | AT31: =IF(VALUE(LEFT(AR31,FIND(",",AR31&",")-1))<=36,"UNIT 1",IF(VALUE(LEFT(AR31,FIND(",",AR31&",")-1))<=70,"UNIT 2",IF(VALUE(LEFT(AR31,FIND(",",AR31&",")-1))<=110,"UNIT 3","COMMON"))) -> UNIT 2
A32: AST-031 | B32: Motor CCCWP 2#2 | C32: LJ20PGB10AP002-001 | D32: ISO 10816-3 (GROUP 2 RIGID) | E32: ISO 10816-3 (GROUP 2 RIGID) | F32: Pump | G32: W39 | H32: 45561 | I32: PREWARNING | J32: MOTOR | K32: POMPA | L32: Y2 - 280-4 | M32: 980 rpm | N32: 75 kW | R32: - | S32: Rigid | AK32: - | AL32: - | AR32: 62 | AT32: =IF(VALUE(LEFT(AR32,FIND(",",AR32&",")-1))<=36,"UNIT 1",IF(VALUE(LEFT(AR32,FIND(",",AR32&",")-1))<=70,"UNIT 2",IF(VALUE(LEFT(AR32,FIND(",",AR32&",")-1))<=110,"UNIT 3","COMMON"))) -> UNIT 2
A33: AST-032 | B33: Motor CWP 355 Kw 1#2 | C33: LJ20PAC10AP001-001 | D33: ISO 10816-3 (GROUP 1 RIGID)) | E33: ISO 10816-3 (GROUP 1 RIGID) | F33: Pump | G33: W38 | H33: 45552 | I33: NORMAL | J33: MOTOR | K33: POMPA | L33: YLKK400-6 | M33: 991 | N33: 315 | R33: - | S33: Rigid | AR33: 64 | AS33: Class dinormalisasi pada kolom terpisah; nilai sumber dipertahankan | AT33: =IF(VALUE(LEFT(AR33,FIND(",",AR33&",")-1))<=36,"UNIT 1",IF(VALUE(LEFT(AR33,FIND(",",AR33&",")-1))<=70,"UNIT 2",IF(VALUE(LEFT(AR33,FIND(",",AR33&",")-1))<=110,"UNIT 3","COMMON"))) -> UNIT 2
A34: AST-033 | B34: Motor CWP 355 Kw 2#2 | C34: LJ20PAC10AP002-001 | D34: ISO 10816-3 (GROUP 1 RIGID)) | E34: ISO 10816-3 (GROUP 1 RIGID) | F34: Pump | G34: W36 | H34: 45537 | I34: NORMAL | J34: MOTOR | K34: POMPA | L34: YLKK400-6 | M34: 991 | N34: 315 | R34: - | S34: Rigid | AR34: 66 | AS34: Class dinormalisasi pada kolom terpisah; nilai sumber dipertahankan | AT34: =IF(VALUE(LEFT(AR34,FIND(",",AR34&",")-1))<=36,"UNIT 1",IF(VALUE(LEFT(AR34,FIND(",",AR34&",")-1))<=70,"UNIT 2",IF(VALUE(LEFT(AR34,FIND(",",AR34&",")-1))<=110,"UNIT 3","COMMON"))) -> UNIT 2
A35: AST-034 | B35: ACA OIL PUMP UNIT 2 | D35: ISO 10816-3 (GROUP 2 RIGID) | E35: ISO 10816-3 (GROUP 2 RIGID) | F35: Pump | G35: W38 | H35: 45552 | I35: PREWARNING | J35: MOTOR | K35: POMPA | L35: Y2 - 250-6 | M35: 980 rpm | N35: 37 kW | R35: - | S35: Rigid | AK35: - | AL35: - | AR35: 68, 70 | AS35: KKS kosong pada sumber PDF; Metadata aset yang sama muncul pada halaman 68, 70; Lebih dari satu report record dengan metadata aset yang sama | AT35: =IF(VALUE(LEFT(AR35,FIND(",",AR35&",")-1))<=36,"UNIT 1",IF(VALUE(LEFT(AR35,FIND(",",AR35&",")-1))<=70,"UNIT 2",IF(VALUE(LEFT(AR35,FIND(",",AR35&",")-1))<=110,"UNIT 3","COMMON"))) -> UNIT 2
A36: AST-035 | B36: Motor ID Fan 1#3 | C36: LJ03HNC10AN001-001 | D36: ISO 10816-3 (GROUP 1 RIGID) | E36: ISO 10816-3 (GROUP 1 RIGID) | F36: Fan | G36: W38 | H36: 45552 | I36: NORMAL | J36: MOTOR | K36: FAN | L36: YKK 4504-6 | M36: 990 | N36: 450 | O36: Roller Bearing | P36: NU228E/C3 | Q36: 6226/C3 | R36: - | S36: Rigid | AC36: 25 SB-P | AE36: 2980 r/min | AG36: 165 m3/h | AJ36: Journal Bearing | AK36: - | AL36: - | AR36: 72 | AT36: =IF(VALUE(LEFT(AR36,FIND(",",AR36&",")-1))<=36,"UNIT 1",IF(VALUE(LEFT(AR36,FIND(",",AR36&",")-1))<=70,"UNIT 2",IF(VALUE(LEFT(AR36,FIND(",",AR36&",")-1))<=110,"UNIT 3","COMMON"))) -> UNIT 3
A37: AST-036 | B37: Motor ID Fan 2#3 | C37: LJ03HNC20AN001-001 | D37: ISO 10816-3 (GROUP 1 RIGID) | E37: ISO 10816-3 (GROUP 1 RIGID) | F37: Fan | G37: W36 | H37: 45538 | I37: NORMAL | J37: MOTOR | K37: FAN | L37: YKK 4504-6 | M37: 990 | N37: 450 | O37: Roller Bearing | P37: NU228E/C3 | Q37: 6226/C3 | R37: - | S37: Rigid | AC37: 25 SB-P | AE37: 2980 r/min | AG37: 165 m3/h | AJ37: Journal Bearing | AK37: - | AL37: - | AR37: 74 | AT37: =IF(VALUE(LEFT(AR37,FIND(",",AR37&",")-1))<=36,"UNIT 1",IF(VALUE(LEFT(AR37,FIND(",",AR37&",")-1))<=70,"UNIT 2",IF(VALUE(LEFT(AR37,FIND(",",AR37&",")-1))<=110,"UNIT 3","COMMON"))) -> UNIT 3
A38: AST-037 | B38: Motor Primary Air Fan#3 | C38: LJ03HLB10AN001-001 | D38: ISO 10816-3 (GROUP 1 RIGID) | E38: ISO 10816-3 (GROUP 1 RIGID) | F38: Fan | G38: W36 | H38: 45538 | I38: PREWARNING | J38: MOTOR | K38: FAN | L38: YKK 4504-4 | M38: 1490 | N38: 630 | O38: Roller Bearing | P38: NU226E/C3 | Q38: 6228/C3 | R38: - | S38: Rigid | AC38: G6-30 19.50 | AE38: 1485 r/min | AF38: 630 Kw | AI38: 400871 m2/h | AJ38: Journal Bearing | AK38: - | AL38: - | AM38: - | AR38: 76 | AT38: =IF(VALUE(LEFT(AR38,FIND(",",AR38&",")-1))<=36,"UNIT 1",IF(VALUE(LEFT(AR38,FIND(",",AR38&",")-1))<=70,"UNIT 2",IF(VALUE(LEFT(AR38,FIND(",",AR38&",")-1))<=110,"UNIT 3","COMMON"))) -> UNIT 3
A39: AST-038 | B39: Motor Secondary Air Fan#3 | C39: LJ03HLB20AN001-001 | D39: ISO 10816-3 (GROUP 1 RIGID) | E39: ISO 10816-3 (GROUP 1 RIGID) | F39: Fan | G39: W39 | H39: 45561 | I39: PREWARNING | J39: MOTOR | K39: FAN | L39: YKK 4504-4 | M39: 1485 | N39: 400 | O39: Roller Bearing | P39: NU224EC | Q39: 6224/C3 | R39: - | S39: Rigid | AC39: G6-40 16.20 | AE39: 1485 r/min | AF39: 400 Kw | AI39: 87120 m2/h | AJ39: Journal Bearing | AK39: - | AL39: - | AM39: - | AR39: 78 | AT39: =IF(VALUE(LEFT(AR39,FIND(",",AR39&",")-1))<=36,"UNIT 1",IF(VALUE(LEFT(AR39,FIND(",",AR39&",")-1))<=70,"UNIT 2",IF(VALUE(LEFT(AR39,FIND(",",AR39&",")-1))<=110,"UNIT 3","COMMON"))) -> UNIT 3
A40: AST-039 | B40: Motor Recirculating Air Fan 2#3 | C40: LJ03PAD11AN001-001 | D40: ISO 10816-3 (GROUP 2 RIGID) | E40: ISO 10816-3 (GROUP 2 RIGID) | F40: Fan | G40: W36 | H40: 45538 | I40: PREWARNING | J40: MOTOR | K40: FAN | L40: Y2-250M-4-B3 | M40: 1480 | N40: 55 | O40: Ball Bearing | P40: 6314/CM | Q40: 6313/CM | R40: - | S40: Rigid | AR40: 80 | AT40: =IF(VALUE(LEFT(AR40,FIND(",",AR40&",")-1))<=36,"UNIT 1",IF(VALUE(LEFT(AR40,FIND(",",AR40&",")-1))<=70,"UNIT 2",IF(VALUE(LEFT(AR40,FIND(",",AR40&",")-1))<=110,"UNIT 3","COMMON"))) -> UNIT 3
A41: AST-040 | B41: Turbin-Generator#3 | D41: ISO 10816-2 (GROUP 2 RIGID) | E41: ISO 10816-2 (GROUP 2 RIGID) | F41: Turbine-Generator | G41: W37 | H41: 45546 | I41: NORMAL | J41: TURBINE | K41: GENERATOR | L41: Luoyang Generating Equipment Co., Ltd | W41: 37.5 MVA | X41: 30 MW | Y41: 6.3 kV | Z41: 3437 A | AA41: 3000 r/min | AB41: 50 Hz | AD41: Qingdao Jieneng Steam Turbine | AE41: 3000 r/min | AN41: 30 MW | AO41: 6 | AP41: 18 | AR41: 82 | AS41: KKS kosong pada sumber PDF | AT41: =IF(VALUE(LEFT(AR41,FIND(",",AR41&",")-1))<=36,"UNIT 1",IF(VALUE(LEFT(AR41,FIND(",",AR41&",")-1))<=70,"UNIT 2",IF(VALUE(LEFT(AR41,FIND(",",AR41&",")-1))<=110,"UNIT 3","COMMON"))) -> UNIT 3
A42: AST-041 | B42: Motor Condensat Pump 1#3 | C42: LJ03LCB10AP001-001 | D42: ISO 10816-3 (GROUP 2 RIGID) | E42: ISO 10816-3 (GROUP 2 RIGID) | F42: Pump | G42: W36 | H42: 45538 | I42: PREWARNING | J42: MOTOR | K42: POMPA | L42: HN2-225 | M42: 2970 r/min | N42: 45 Kw | O42: Roller Bearing | P42: 6313-2z | Q42: 6313-2z | R42: - | S42: Rigid | AC42: Shandong Shuanglun Group Co.,Ltd | AE42: 2950 r/min | AF42: 45 Kw | AG42: 52.5 m2/h | AJ42: Roller Bearing | AK42: - | AL42: - | AR42: 84 | AT42: =IF(VALUE(LEFT(AR42,FIND(",",AR42&",")-1))<=36,"UNIT 1",IF(VALUE(LEFT(AR42,FIND(",",AR42&",")-1))<=70,"UNIT 2",IF(VALUE(LEFT(AR42,FIND(",",AR42&",")-1))<=110,"UNIT 3","COMMON"))) -> UNIT 3
A43: AST-042 | B43: Motor Condensat Pump 2#3 | C43: LJ03LCB10AP002-001 | D43: ISO 10816-3 (GROUP 2 RIGID) | E43: ISO 10816-3 (GROUP 2 RIGID) | F43: Pump | G43: W38 | H43: 45553 | I43: PREWARNING | J43: MOTOR | K43: POMPA | L43: HN2-225 | M43: 2970 r/min | N43: 45 Kw | O43: Roller Bearing | P43: 6313-2z | Q43: 6313-2z | R43: - | S43: Rigid | AC43: Shandong Shuanglun Group Co.,Ltd | AE43: 2950 r/min | AF43: 45 Kw | AG43: 52.5 m2/h | AK43: - | AL43: - | AR43: 86 | AT43: =IF(VALUE(LEFT(AR43,FIND(",",AR43&",")-1))<=36,"UNIT 1",IF(VALUE(LEFT(AR43,FIND(",",AR43&",")-1))<=70,"UNIT 2",IF(VALUE(LEFT(AR43,FIND(",",AR43&",")-1))<=110,"UNIT 3","COMMON"))) -> UNIT 3
A44: AST-043 | B44: Motor Water jet Pump 2#3 | C44: LJ03MAJ10AP002-001 | D44: ISO 10816-3 (GROUP 2 RIGID) | E44: ISO 10816-3 (GROUP 2 RIGID) | F44: Pump | G44: W38 | H44: 45553 | I44: NORMAL | J44: MOTOR | K44: POMPA | L44: HM2-20012-2 | M44: 2950 r/min | N44: 37 Kw | O44: Roller Bearing | P44: 6313 | Q44: 6313 | R44: - | S44: Rigid | AC44: S125.100-200A | AE44: 2900 r/min | AF44: 37 Kw | AG44: 160 m2/h | AK44: - | AL44: - | AR44: 88 | AT44: =IF(VALUE(LEFT(AR44,FIND(",",AR44&",")-1))<=36,"UNIT 1",IF(VALUE(LEFT(AR44,FIND(",",AR44&",")-1))<=70,"UNIT 2",IF(VALUE(LEFT(AR44,FIND(",",AR44&",")-1))<=110,"UNIT 3","COMMON"))) -> UNIT 3
A45: AST-044 | B45: Motor Boiler Feed Pump 1#3 | C45: LJ03LAB11AP001-001 | D45: ISO 10816-3 (GROUP 1 RIGID) | E45: ISO 10816-3 (GROUP 1 RIGID) | F45: Pump | G45: W38 | H45: 45553 | I45: PREWARNING | J45: MOTOR | K45: POMPA | L45: YKS450-2 | M45: 2979 r/min | N45: 1000 Kw | O45: Roller Bearing | P45: NU1022M/C3 6022/c3 | Q45: NU1022M/C3 6022/c3 | R45: - | S45: Rigid | AC45: 25SB-P | AE45: 2980 r/min | AF45: 822 Kw | AG45: 165 m2/h | AK45: - | AL45: - | AR45: 90 | AT45: =IF(VALUE(LEFT(AR45,FIND(",",AR45&",")-1))<=36,"UNIT 1",IF(VALUE(LEFT(AR45,FIND(",",AR45&",")-1))<=70,"UNIT 2",IF(VALUE(LEFT(AR45,FIND(",",AR45&",")-1))<=110,"UNIT 3","COMMON"))) -> UNIT 3
A46: AST-045 | B46: Motor CCWP 1#3 | C46: LJ00PGB11AP001-001 | D46: ISO 10816-3 (GROUP 2 RIGID) | E46: ISO 10816-3 (GROUP 2 RIGID) | F46: Pump | G46: W39 | H46: 45561 | I46: PREWARNING | J46: MOTOR | K46: POMPA | L46: EN60034 IEC 60034/60072 | M46: 1480 r/min | N46: 55 Kw | O46: Roller Bearing | P46: - | Q46: - | R46: - | S46: Rigid | AC46: 200SS35 | AE46: 1480 r/min | AF46: 55 Kw | AG46: 500 m2/h | AK46: - | AL46: - | AR46: 92 | AT46: =IF(VALUE(LEFT(AR46,FIND(",",AR46&",")-1))<=36,"UNIT 1",IF(VALUE(LEFT(AR46,FIND(",",AR46&",")-1))<=70,"UNIT 2",IF(VALUE(LEFT(AR46,FIND(",",AR46&",")-1))<=110,"UNIT 3","COMMON"))) -> UNIT 3
A47: AST-046 | B47: Motor CCWP 2#3 | C47: LJ00PGB21AP001-001 | D47: ISO 10816-3 (GROUP 2 RIGID) | E47: ISO 10816-3 (GROUP 2 RIGID) | F47: Pump | G47: W36 | H47: 45539 | I47: PREWARNING | J47: MOTOR | K47: POMPA | L47: EN60034 IEC 60034/60072 | M47: 1480 r/min | N47: 55 Kw | O47: Roller Bearing | P47: - | Q47: - | R47: - | S47: Rigid | AC47: 200SS35 | AE47: 1480 r/min | AF47: 55 Kw | AG47: 500 m2/h | AK47: - | AL47: - | AR47: 94 | AT47: =IF(VALUE(LEFT(AR47,FIND(",",AR47&",")-1))<=36,"UNIT 1",IF(VALUE(LEFT(AR47,FIND(",",AR47&",")-1))<=70,"UNIT 2",IF(VALUE(LEFT(AR47,FIND(",",AR47&",")-1))<=110,"UNIT 3","COMMON"))) -> UNIT 3
A48: AST-047 | B48: Motor CWP 355 Kw 1#3 | C48: LJ00PAB11AP001-001 | D48: ISO 10816-3 (GROUP 1 RIGID)) | E48: ISO 10816-3 (GROUP 1 RIGID) | F48: Pump | G48: W38 | H48: 45554 | I48: PREWARNING | J48: MOTOR | K48: POMPA | L48: YKKL-450-6TH | M48: 989 | N48: 355 | O48: Roller Bearing | P48: 6226 | Q48: 7330B | R48: - | S48: Rigid | AR48: 96 | AS48: Class dinormalisasi pada kolom terpisah; nilai sumber dipertahankan | AT48: =IF(VALUE(LEFT(AR48,FIND(",",AR48&",")-1))<=36,"UNIT 1",IF(VALUE(LEFT(AR48,FIND(",",AR48&",")-1))<=70,"UNIT 2",IF(VALUE(LEFT(AR48,FIND(",",AR48&",")-1))<=110,"UNIT 3","COMMON"))) -> UNIT 3
A49: AST-048 | B49: Motor BWRO 1#3 | C49: LJ00GCK21AP001-001 | D49: ISO 10816-3 (GROUP 2 RIGID) | E49: ISO 10816-3 (GROUP 2 RIGID) | F49: Pump | G49: W39 | H49: 45561 | I49: PREWARNING | J49: MOTOR | K49: POMPA | L49: DPVSF18-120 | M49: 2924 | N49: 11 | O49: Roller Bearing | R49: - | S49: Rigid | AK49: - | AL49: - | AR49: 98 | AT49: =IF(VALUE(LEFT(AR49,FIND(",",AR49&",")-1))<=36,"UNIT 1",IF(VALUE(LEFT(AR49,FIND(",",AR49&",")-1))<=70,"UNIT 2",IF(VALUE(LEFT(AR49,FIND(",",AR49&",")-1))<=110,"UNIT 3","COMMON"))) -> UNIT 3
A50: AST-049 | B50: Motor SWRO 1#3 | C50: LJ00GCF11AT002-001 | D50: ISO 10816-3 (GROUP 2 RIGID) | E50: ISO 10816-3 (GROUP 2 RIGID) | F50: Pump | G50: W39 | H50: 45561 | I50: NORMAL | J50: MOTOR | K50: POMPA | R50: - | S50: Rigid | AK50: - | AL50: - | AR50: 100 | AT50: =IF(VALUE(LEFT(AR50,FIND(",",AR50&",")-1))<=36,"UNIT 1",IF(VALUE(LEFT(AR50,FIND(",",AR50&",")-1))<=70,"UNIT 2",IF(VALUE(LEFT(AR50,FIND(",",AR50&",")-1))<=110,"UNIT 3","COMMON"))) -> UNIT 3
A51: AST-050 | B51: FIRE FIGHTING JOCKEY PUMP 3B | D51: ISO 10816-3 (GROUP 2 RIGID) | E51: ISO 10816-3 (GROUP 2 RIGID) | F51: Pump | G51: W37 | H51: 45548 | I51: NORMAL | J51: MOTOR | K51: POMPA | L51: FSV2H15A0T65B | M51: 2930 | N51: 11 kW | P51: 6310 C3 | Q51: 6308 C3 | S51: Rigid | T51: 15 HP | V51: 22,2 / 12,8 A | AK51: - | AL51: - | AR51: 102 | AS51: KKS kosong pada sumber PDF | AT51: =IF(VALUE(LEFT(AR51,FIND(",",AR51&",")-1))<=36,"UNIT 1",IF(VALUE(LEFT(AR51,FIND(",",AR51&",")-1))<=70,"UNIT 2",IF(VALUE(LEFT(AR51,FIND(",",AR51&",")-1))<=110,"UNIT 3","COMMON"))) -> UNIT 3
A52: AST-051 | B52: FIRE FIGHTING PUMP WITH MOTOR UNIT 3 | D52: ISO 10816-3 (GROUP 2 RIGID) | E52: ISO 10816-3 (GROUP 2 RIGID) | F52: Pump | G52: W37 | H52: 45548 | I52: PREWARNING | J52: MOTOR | K52: POMPA | L52: AEEBKB020175FM | M52: 2955 | N52: 132 kW | P52: 6314 C3 | Q52: 6314 C3 | S52: Rigid | T52: 175 HP | V52: 239 - 219 A | AR52: 104 | AS52: KKS kosong pada sumber PDF | AT52: =IF(VALUE(LEFT(AR52,FIND(",",AR52&",")-1))<=36,"UNIT 1",IF(VALUE(LEFT(AR52,FIND(",",AR52&",")-1))<=70,"UNIT 2",IF(VALUE(LEFT(AR52,FIND(",",AR52&",")-1))<=110,"UNIT 3","COMMON"))) -> UNIT 3
A53: AST-052 | B53: FIRE FIGHTING PUMP WITH DIESEL UNIT 3 | D53: ISO 10816-3 (GROUP 2 RIGID) | E53: ISO 10816-3 (GROUP 2 RIGID) | F53: Pump | G53: W37 | H53: 45548 | I53: PREWARNING | J53: MOTOR | K53: POMPA | L53: JU6HUE3A | M53: 3000 r/min | P53: - | Q53: - | R53: - | S53: Rigid | U53: 175 BHP | AR53: 106 | AS53: KKS kosong pada sumber PDF | AT53: =IF(VALUE(LEFT(AR53,FIND(",",AR53&",")-1))<=36,"UNIT 1",IF(VALUE(LEFT(AR53,FIND(",",AR53&",")-1))<=70,"UNIT 2",IF(VALUE(LEFT(AR53,FIND(",",AR53&",")-1))<=110,"UNIT 3","COMMON"))) -> UNIT 3
A54: AST-053 | B54: AC OIL PUMP UNIT 3 | D54: ISO 10816-3 (GROUP 2 RIGID) | E54: ISO 10816-3 (GROUP 2 RIGID) | F54: Pump | G54: W37 | H54: 45547 | I54: ALARM | J54: MOTOR | K54: POMPA | L54: AEEBKB020175FM | M54: 2955 | N54: 132 kW | P54: 6314 C3 | Q54: 6314 C3 | S54: Rigid | T54: 175 HP | V54: 239 - 219 A | AR54: 108 | AS54: KKS kosong pada sumber PDF | AT54: =IF(VALUE(LEFT(AR54,FIND(",",AR54&",")-1))<=36,"UNIT 1",IF(VALUE(LEFT(AR54,FIND(",",AR54&",")-1))<=70,"UNIT 2",IF(VALUE(LEFT(AR54,FIND(",",AR54&",")-1))<=110,"UNIT 3","COMMON"))) -> UNIT 3
A55: AST-054 | B55: JACKING OIL PUMP 3A | D55: ISO 10816-3 (GROUP 2 RIGID) | E55: ISO 10816-3 (GROUP 2 RIGID) | F55: Pump | G55: W37 | H55: 45547 | I55: NORMAL | J55: MOTOR | K55: POMPA | L55: AEEBKB020175FM | M55: 2955 | N55: 132 kW | P55: 6314 C3 | Q55: 6314 C3 | S55: Rigid | T55: 175 HP | V55: 239 - 219 A | AR55: 110 | AS55: KKS kosong pada sumber PDF | AT55: =IF(VALUE(LEFT(AR55,FIND(",",AR55&",")-1))<=36,"UNIT 1",IF(VALUE(LEFT(AR55,FIND(",",AR55&",")-1))<=70,"UNIT 2",IF(VALUE(LEFT(AR55,FIND(",",AR55&",")-1))<=110,"UNIT 3","COMMON"))) -> UNIT 3
A56: AST-055 | B56: BC 4.1 | C56: LJ00EBA11AF004-001 | D56: ISO 10816-3 (GROUP 2 EXLIBLE) | E56: ISO 10816-3 (GROUP 2 FLEXIBLE) | F56: Belt Conveyor | G56: W38 | H56: 45554 | I56: PREWARNING | J56: MOTOR | K56: POMPA | L56: Y2-200L-4 | M56: 1470 r/min | N56: 30 Kw | O56: Roller Bearing | P56: - | Q56: - | R56: - | S56: Rigid | AC56: 290820 | AE56: - | AF56: 30 Kw | AG56: 300 t/h | AJ56: Roller Bearing | AK56: - | AL56: - | AR56: 112 | AS56: Class dinormalisasi pada kolom terpisah; nilai sumber dipertahankan | AT56: =IF(VALUE(LEFT(AR56,FIND(",",AR56&",")-1))<=36,"UNIT 1",IF(VALUE(LEFT(AR56,FIND(",",AR56&",")-1))<=70,"UNIT 2",IF(VALUE(LEFT(AR56,FIND(",",AR56&",")-1))<=110,"UNIT 3","COMMON"))) -> COMMON
A57: AST-056 | B57: BC 4.2 | C57: LJ00EBA21AF004-001 | D57: ISO 10816-3 (GROUP 2 EXLIBLE) | E57: ISO 10816-3 (GROUP 2 FLEXIBLE) | F57: Belt Conveyor | G57: W36 | H57: 45540 | I57: PREWARNING | J57: MOTOR | K57: DRIVE | L57: Y2-200L-4 | M57: 1470 r/min | N57: 30 Kw | O57: Roller Bearing | P57: - | Q57: - | R57: - | S57: Rigid | AC57: 290820 | AE57: - | AF57: 30 Kw | AG57: 300 t/h | AJ57: Roller Bearing | AK57: - | AL57: - | AR57: 114 | AS57: Class dinormalisasi pada kolom terpisah; nilai sumber dipertahankan | AT57: =IF(VALUE(LEFT(AR57,FIND(",",AR57&",")-1))<=36,"UNIT 1",IF(VALUE(LEFT(AR57,FIND(",",AR57&",")-1))<=70,"UNIT 2",IF(VALUE(LEFT(AR57,FIND(",",AR57&",")-1))<=110,"UNIT 3","COMMON"))) -> COMMON
A58: AST-057 | B58: BC 5.1 | C58: LJ00EBA11AF005-001 | D58: ISO 10816-3 (GROUP 2 EXLIBLE) | E58: ISO 10816-3 (GROUP 2 FLEXIBLE) | F58: Belt Conveyor | G58: W38 | H58: 45555 | I58: PREWARNING | J58: MOTOR | K58: DRIVE | L58: Y2-2805-6 | M58: 980 r/min | N58: 45 Kw | O58: Roller Bearing | P58: - | Q58: - | R58: - | S58: Rigid | AC58: 290822 | AE58: - | AF58: 45 Kw | AG58: 300 t/h | AJ58: Roller Bearing | AK58: - | AL58: - | AR58: 116 | AS58: Class dinormalisasi pada kolom terpisah; nilai sumber dipertahankan | AT58: =IF(VALUE(LEFT(AR58,FIND(",",AR58&",")-1))<=36,"UNIT 1",IF(VALUE(LEFT(AR58,FIND(",",AR58&",")-1))<=70,"UNIT 2",IF(VALUE(LEFT(AR58,FIND(",",AR58&",")-1))<=110,"UNIT 3","COMMON"))) -> COMMON
A59: AST-058 | B59: BC 5.2 | C59: LJ00EBA21AF005-001 | D59: ISO 10816-3 (GROUP 2 EXLIBLE) | E59: ISO 10816-3 (GROUP 2 FLEXIBLE) | F59: Belt Conveyor | G59: W36 | H59: 45541 | I59: NORMAL | J59: MOTOR | K59: POMPA | L59: Y2-2805-6 | M59: 980 r/min | N59: 45 Kw | O59: Roller Bearing | P59: - | Q59: - | R59: - | S59: Rigid | AC59: 290822 | AE59: - | AF59: 45 Kw | AG59: 300 t/h | AJ59: Roller Bearing | AK59: - | AL59: - | AR59: 118 | AS59: Class dinormalisasi pada kolom terpisah; nilai sumber dipertahankan | AT59: =IF(VALUE(LEFT(AR59,FIND(",",AR59&",")-1))<=36,"UNIT 1",IF(VALUE(LEFT(AR59,FIND(",",AR59&",")-1))<=70,"UNIT 2",IF(VALUE(LEFT(AR59,FIND(",",AR59&",")-1))<=110,"UNIT 3","COMMON"))) -> COMMON
A60: AST-059 | B60: BC 7.1 | C60: LJ00EBA11AF006-001 | D60: ISO 10816-3 (GROUP 2 FLEXIBLE) | E60: ISO 10816-3 (GROUP 2 FLEXIBLE) | F60: Belt Conveyor | G60: W38 | H60: 45555 | I60: PREWARNING | J60: MOTOR | K60: POMPA | L60: Y2-315S-6 | M60: 990 r/min | N60: 75 Kw | O60: Roller Bearing | P60: - | Q60: - | R60: - | S60: Rigid | AC60: 290821 | AE60: - | AF60: 30 Kw | AG60: 300 t/h | AJ60: Roller Bearing | AK60: - | AL60: - | AR60: 120 | AT60: =IF(VALUE(LEFT(AR60,FIND(",",AR60&",")-1))<=36,"UNIT 1",IF(VALUE(LEFT(AR60,FIND(",",AR60&",")-1))<=70,"UNIT 2",IF(VALUE(LEFT(AR60,FIND(",",AR60&",")-1))<=110,"UNIT 3","COMMON"))) -> COMMON
A61: AST-060 | B61: BC 7. 2 | C61: LJ00EBA21AF006-001 | D61: ISO 10816-3 (GROUP 2 EXLIBLE) | E61: ISO 10816-3 (GROUP 2 FLEXIBLE) | F61: Belt Conveyor | G61: W36 | H61: 45541 | I61: PREWARNING | J61: MOTOR | K61: POMPA | L61: Y2-315S-6 | M61: 990 r/min | N61: 75 Kw | O61: Roller Bearing | P61: - | Q61: - | R61: - | S61: Rigid | AC61: 290821 | AE61: - | AF61: 30 Kw | AG61: 300 t/h | AJ61: Roller Bearing | AK61: - | AL61: - | AR61: 122 | AS61: Class dinormalisasi pada kolom terpisah; nilai sumber dipertahankan | AT61: =IF(VALUE(LEFT(AR61,FIND(",",AR61&",")-1))<=36,"UNIT 1",IF(VALUE(LEFT(AR61,FIND(",",AR61&",")-1))<=70,"UNIT 2",IF(VALUE(LEFT(AR61,FIND(",",AR61&",")-1))<=110,"UNIT 3","COMMON"))) -> COMMON
A62: AST-061 | B62: BC 8.1 | C62: LJ00EBA11AF007-001 | D62: ISO 10816-3 (GROUP 2 FLEXIBLE) | E62: ISO 10816-3 (GROUP 2 FLEXIBLE) | F62: Belt Conveyor | G62: W38 | H62: 45555 | I62: PREWARNING | J62: MOTOR | K62: POMPA | M62: 1460 r/min | N62: 15 Kw | O62: Roller Bearing | P62: - | Q62: - | R62: - | S62: Rigid | AC62: - | AE62: - | AF62: - | AG62: - | AJ62: - | AK62: - | AL62: - | AR62: 124 | AT62: =IF(VALUE(LEFT(AR62,FIND(",",AR62&",")-1))<=36,"UNIT 1",IF(VALUE(LEFT(AR62,FIND(",",AR62&",")-1))<=70,"UNIT 2",IF(VALUE(LEFT(AR62,FIND(",",AR62&",")-1))<=110,"UNIT 3","COMMON"))) -> COMMON
A63: AST-062 | B63: BC 8.2 | C63: LJ00EBA21AF007-001 | D63: ISO 10816-3 (GROUP 2 FLEXIBLE) | E63: ISO 10816-3 (GROUP 2 FLEXIBLE) | F63: Belt Conveyor | G63: W36 | H63: 45541 | I63: PREWARNING | J63: MOTOR | K63: POMPA | M63: 1460 r/min | N63: 15 Kw | O63: Roller Bearing | P63: - | Q63: - | R63: - | S63: Rigid | AC63: - | AE63: - | AF63: - | AG63: - | AJ63: - | AK63: - | AL63: - | AR63: 126 | AT63: =IF(VALUE(LEFT(AR63,FIND(",",AR63&",")-1))<=36,"UNIT 1",IF(VALUE(LEFT(AR63,FIND(",",AR63&",")-1))<=70,"UNIT 2",IF(VALUE(LEFT(AR63,FIND(",",AR63&",")-1))<=110,"UNIT 3","COMMON"))) -> COMMON
A64: AST-063 | B64: BC 10.1 | C64: LJ00EBA11AF008-001 | D64: ISO 10816-3 (GROUP 2 FLECIBLE) | E64: ISO 10816-3 (GROUP 2 FLEXIBLE) | F64: Belt Conveyor | G64: W38 | H64: 45555 | I64: PREWARNING | J64: MOTOR | K64: POMPA | M64: 1470 r/min | N64: 18.5 Kw | O64: Roller Bearing | P64: - | Q64: - | R64: - | S64: Rigid | AC64: - | AE64: - | AF64: - | AG64: - | AJ64: - | AK64: - | AL64: - | AR64: 128 | AS64: Class dinormalisasi pada kolom terpisah; nilai sumber dipertahankan | AT64: =IF(VALUE(LEFT(AR64,FIND(",",AR64&",")-1))<=36,"UNIT 1",IF(VALUE(LEFT(AR64,FIND(",",AR64&",")-1))<=70,"UNIT 2",IF(VALUE(LEFT(AR64,FIND(",",AR64&",")-1))<=110,"UNIT 3","COMMON"))) -> COMMON
A65: AST-064 | B65: BC 10.2 | C65: LJ00EBA21AF008-001 | D65: ISO 10816-3 (GROUP 2 FLEXIBLE) | E65: ISO 10816-3 (GROUP 2 FLEXIBLE) | F65: Belt Conveyor | G65: W36 | H65: 45541 | I65: NORMAL | J65: MOTOR | K65: POMPA | M65: 1470 r/min | N65: 18.5 Kw | O65: Roller Bearing | P65: - | Q65: - | R65: - | S65: Rigid | AC65: - | AE65: - | AF65: - | AG65: - | AJ65: - | AK65: - | AL65: - | AR65: 130 | AT65: =IF(VALUE(LEFT(AR65,FIND(",",AR65&",")-1))<=36,"UNIT 1",IF(VALUE(LEFT(AR65,FIND(",",AR65&",")-1))<=70,"UNIT 2",IF(VALUE(LEFT(AR65,FIND(",",AR65&",")-1))<=110,"UNIT 3","COMMON"))) -> COMMON
A66: AST-065 | B66: ROLLER SCREEN 1 | C66: LJ00EBA21AF008-001 | D66: ISO 10816-3 (GROUP 2 FLECXBLE) | E66: ISO 10816-3 (GROUP 2 FLEXIBLE) | F66: Roller Screen | G66: W38 | H66: 45554 | I66: PREWARNING | J66: MOTOR | L66: Y160L-4 | M66: 1460 r/min | N66: 15 Kw | P66: - | Q66: - | R66: - | S66: Flexible | AC66: - | AE66: - | AF66: - | AG66: - | AK66: - | AL66: - | AR66: 132 | AS66: Class dinormalisasi pada kolom terpisah; nilai sumber dipertahankan | AT66: =IF(VALUE(LEFT(AR66,FIND(",",AR66&",")-1))<=36,"UNIT 1",IF(VALUE(LEFT(AR66,FIND(",",AR66&",")-1))<=70,"UNIT 2",IF(VALUE(LEFT(AR66,FIND(",",AR66&",")-1))<=110,"UNIT 3","COMMON"))) -> COMMON
A67: AST-066 | B67: ROLLER SCREEN 2 | C67: LJ00EBC20AT002-001 | D67: ISO 10816-3 (GROUP 2 FLECIBLE) | E67: ISO 10816-3 (GROUP 2 FLEXIBLE) | F67: Roller Screen | G67: W36 | H67: 45540 | I67: PREWARNING | J67: MOTOR | L67: Y160L-4 | M67: 1460 r/min | N67: 15 Kw | P67: - | Q67: - | R67: - | S67: Flexible | AC67: - | AE67: - | AF67: - | AG67: - | AK67: - | AL67: - | AR67: 134 | AS67: Class dinormalisasi pada kolom terpisah; nilai sumber dipertahankan | AT67: =IF(VALUE(LEFT(AR67,FIND(",",AR67&",")-1))<=36,"UNIT 1",IF(VALUE(LEFT(AR67,FIND(",",AR67&",")-1))<=70,"UNIT 2",IF(VALUE(LEFT(AR67,FIND(",",AR67&",")-1))<=110,"UNIT 3","COMMON"))) -> COMMON
A68: AST-067 | B68: Motor Crusser 185kW 1 | C68: LJ00EBC10AT001-001 | D68: ISO 10816-3 (GROUP 2 FLEXIBLE) | E68: ISO 10816-3 (GROUP 2 FLEXIBLE) | F68: Crusher | G68: W38 | H68: 45554 | I68: WARNING | J68: MOTOR | K68: CRUSHER | L68: Y2-355L2-8 | M68: 740 r/min | N68: 185Kw | O68: Roller Bearing | R68: - | S68: Rigid | AC68: - | AE68: - | AF68: - | AG68: - | AJ68: - | AK68: - | AL68: - | AR68: 136 | AT68: =IF(VALUE(LEFT(AR68,FIND(",",AR68&",")-1))<=36,"UNIT 1",IF(VALUE(LEFT(AR68,FIND(",",AR68&",")-1))<=70,"UNIT 2",IF(VALUE(LEFT(AR68,FIND(",",AR68&",")-1))<=110,"UNIT 3","COMMON"))) -> COMMON
A69: AST-068 | B69: Motor Crusser 185kW 2 | C69: LJ00EBC10AT002-001 | D69: ISO 10816-3 (GROUP 2 FLEXIBLE) | E69: ISO 10816-3 (GROUP 2 FLEXIBLE) | F69: Crusher | G69: W36 | H69: 45540 | I69: NORMAL | J69: MOTOR | K69: CRUSHER | L69: Y2-355L2-8 | M69: 740 r/min | N69: 185Kw | O69: Roller Bearing | R69: - | S69: Rigid | AC69: - | AE69: - | AF69: - | AG69: - | AJ69: - | AK69: - | AL69: - | AR69: 138 | AT69: =IF(VALUE(LEFT(AR69,FIND(",",AR69&",")-1))<=36,"UNIT 1",IF(VALUE(LEFT(AR69,FIND(",",AR69&",")-1))<=70,"UNIT 2",IF(VALUE(LEFT(AR69,FIND(",",AR69&",")-1))<=110,"UNIT 3","COMMON"))) -> COMMON

Sheet Report_Records
A1: Record ID | B1: Asset ID | C1: Equipment | D1: KKS | E1: Equipment Class (Source) | F1: Equipment Class (Normalized) | G1: PM Week | H1: Measurement Date | I1: Status Vibrasi | J1: Component 1 | K1: Component 2 | L1: C1 Type/Mfg | M1: C1 Speed | N1: C1 Power | O1: C1 Bearing Type | P1: C1 Inboard Bearing | Q1: C1 Outboard Bearing | R1: C1 Rotor Bar | S1: C1 Foundation | T1: C1 House Power | U1: C1 Brake Horse Power | V1: C1 Current | W1: C1 Rated Capacity | X1: C1 Rated Active Power | Y1: C1 Rated Stator Voltage | Z1: C1 Rated Stator Current | AA1: C1 Rated Speed | AB1: C1 Rated Frequency | AC1: C2 Type/Mfg | AD1: C2 Manufacturer | AE1: C2 Speed | AF1: C2 Power | AG1: C2 Capacity | AH1: C2 Pressure | AI1: C2 Flow Rate | AJ1: C2 Bearing Type | AK1: C2 Inboard Bearing | AL1: C2 Onboard Bearing | AM1: C2 Total Blade | AN1: C2 NCR | AO1: C2 Ekstraction | AP1: C2 Stages | AQ1: C2 Governoor Type | AR1: Asset Category (Derived) | AS1: Source Page | AT1: Data Quality Note | AU1: Raw Specs (Audit) | AV1: Unit Group (Derived)
A2: REC-001 | B2: AST-001 | C2: Motor ID Fan 1#1 | D2: LJ10HNC10AN001-001 | E2: ISO 10816-3 (GROUP 1 RIGID) | F2: ISO 10816-3 (GROUP 1 RIGID) | G2: W37 | H2: 45544 | I2: NORMAL | J2: MOTOR | K2: FAN | L2: YKK4003-4 | M2: 985 | N2: 355 Kw | P2: NU324 | Q2: 6324 | R2: - | S2: Rigid | AK2: - | AL2: - | AR2: Fan | AS2: 1 | AU2: Type, Mfg : YKK4003-4 Type, Mfg. : | Speed : 985 Speed : | Power : 355 Kw Capacity : | Bearing Type : Bearing Type : | Inboard Bearing : NU324 Inboard Bearing : - | Outboard Bearing : 6324 Onboard Bearing : - | Rotor Bar : - Total Blade - | Foundation : Rigid | AV2: =IF(AS2<=36,"UNIT 1",IF(AS2<=70,"UNIT 2",IF(AS2<=110,"UNIT 3","COMMON"))) -> UNIT 1
A3: REC-002 | B3: AST-002 | C3: Motor ID Fan 2#1 | D3: LJ10HNC10AN002-001 | E3: ISO 10816-3 (GROUP 1 RIGID) | F3: ISO 10816-3 (GROUP 1 RIGID) | G3: W39 | H3: 45558 | I3: PREWARNING | J3: MOTOR | K3: FAN | L3: YKK4003-4 | M3: 985 | N3: 355 Kw | P3: NU324 | Q3: 6324 | R3: - | S3: Rigid | AK3: - | AL3: - | AR3: Fan | AS3: 3 | AU3: Type, Mfg : YKK4003-4 Type, Mfg. : | Speed : 985 Speed : | Power : 355 Kw Capacity : | Bearing Type : Bearing Type : | Inboard Bearing : NU324 Inboard Bearing : - | Outboard Bearing : 6324 Onboard Bearing : - | Rotor Bar : - Total Blade - | Foundation : Rigid | AV3: =IF(AS3<=36,"UNIT 1",IF(AS3<=70,"UNIT 2",IF(AS3<=110,"UNIT 3","COMMON"))) -> UNIT 1
A4: REC-003 | B4: AST-003 | C4: Motor Primary Air Fan 1#1 | D4: LJ10HLB10AN001-001 | E4: ISO 10816-3 (GROUP 1 RIGID) | F4: ISO 10816-3 (GROUP 1 RIGID) | G4: W37 | H4: 45544 | I4: NORMAL | J4: MOTOR | K4: FAN | L4: YKK 4001-4 | M4: 1480 r/min | N4: 280 kW | O4: Roller Bearing | P4: NU324 | Q4: 6224 | R4: - | S4: Rigid | AC4: QALG-217D | AE4: 1450 r/min | AH4: 13500 Pa | AI4: 50000 m2/h | AJ4: - | AK4: - | AL4: - | AM4: - | AR4: Fan | AS4: 5 | AU4: Type, Mfg : YKK 4001-4 Type, Mfg. : QALG-217D | Speed : 1480 r/min Speed : 1450 r/min | Power : 280 kW Pressure : 13500 Pa | Bearing Type : Roller Bearing Flow Rate : 50000 m2/h | Inboard Bearing : NU324 Bearing Type : - | Outboard Bearing : 6224 Inboard Bearing : - | Rotor Bar : - Onboard Bearing : - | Foundation : Rigid Total Blade : - | AV4: =IF(AS4<=36,"UNIT 1",IF(AS4<=70,"UNIT 2",IF(AS4<=110,"UNIT 3","COMMON"))) -> UNIT 1
A5: REC-004 | B5: AST-004 | C5: Motor Primary Air Fan 2#1 | D5: LJ10HLB10AN002-001 | E5: ISO 10816-3 (GROUP 1 RIGID) | F5: ISO 10816-3 (GROUP 1 RIGID) | G5: W39 | H5: 45558 | I5: NORMAL | J5: MOTOR | K5: FAN | L5: YKK 4001-4 | M5: 1480 r/min | N5: 280 kW | O5: Roller Bearing | P5: NU324 | Q5: 6224 | R5: - | S5: Rigid | AC5: QALG-217D | AE5: 1450 r/min | AH5: 13500 Pa | AI5: 50000 m2/h | AJ5: - | AK5: - | AL5: - | AM5: - | AR5: Fan | AS5: 7 | AU5: Type, Mfg : YKK 4001-4 Type, Mfg. : QALG-217D | Speed : 1480 r/min Speed : 1450 r/min | Power : 280 kW Pressure : 13500 Pa | Bearing Type : Roller Bearing Flow Rate : 50000 m2/h | Inboard Bearing : NU324 Bearing Type : - | Outboard Bearing : 6224 Inboard Bearing : - | Rotor Bar : - Onboard Bearing : - | Foundation : Rigid Total Blade : - | AV5: =IF(AS5<=36,"UNIT 1",IF(AS5<=70,"UNIT 2",IF(AS5<=110,"UNIT 3","COMMON"))) -> UNIT 1
A6: REC-005 | B6: AST-005 | C6: Motor Secondary Air Fan 1#1 | D6: LJ10HLB10AN003-001 | E6: ISO 10816-3 (GROUP 1 RIGID) | F6: ISO 10816-3 (GROUP 1 RIGID) | G6: W37 | H6: 45544 | I6: NORMAL | J6: MOTOR | K6: FAN | L6: YKK 4001-4 | M6: 1480 r/min | N6: 280 kW | O6: Roller Bearing | P6: NU324 | Q6: 6224 | R6: - | S6: Rigid | AC6: QALG-217D | AE6: 1450 r/min | AH6: 13500 Pa | AI6: 50000 m2/h | AJ6: - | AK6: - | AL6: - | AM6: - | AR6: Fan | AS6: 9 | AU6: Type, Mfg : YKK 4001-4 Type, Mfg. : QALG-217D | Speed : 1480 r/min Speed : 1450 r/min | Power : 280 kW Pressure : 13500 Pa | Bearing Type : Roller Bearing Flow Rate : 50000 m2/h | Inboard Bearing : NU324 Bearing Type : - | Outboard Bearing : 6224 Inboard Bearing : - | Rotor Bar : - Onboard Bearing : - | Foundation : Rigid Total Blade : - | AV6: =IF(AS6<=36,"UNIT 1",IF(AS6<=70,"UNIT 2",IF(AS6<=110,"UNIT 3","COMMON"))) -> UNIT 1
A7: REC-006 | B7: AST-006 | C7: Motor Secondary Air Fan 2#1 | D7: LJ10HLB10AN004-001 | E7: ISO 10816-3 (GROUP 1 RIGID) | F7: ISO 10816-3 (GROUP 1 RIGID) | G7: W39 | H7: 45558 | I7: PREWARNING | J7: MOTOR | K7: FAN | L7: YKK 4001-4 | M7: 1480 r/min | N7: 280 kW | O7: Roller Bearing | P7: NU324 | Q7: 6224 | R7: - | S7: Rigid | AC7: QALG-217D | AE7: 1450 r/min | AH7: 13500 Pa | AI7: 50000 m2/h | AJ7: - | AK7: - | AL7: - | AM7: - | AR7: Fan | AS7: 11 | AU7: Type, Mfg : YKK 4001-4 Type, Mfg. : QALG-217D | Speed : 1480 r/min Speed : 1450 r/min | Power : 280 kW Pressure : 13500 Pa | Bearing Type : Roller Bearing Flow Rate : 50000 m2/h | Inboard Bearing : NU324 Bearing Type : - | Outboard Bearing : 6224 Inboard Bearing : - | Rotor Bar : - Onboard Bearing : - | Foundation : Rigid Total Blade : - | AV7: =IF(AS7<=36,"UNIT 1",IF(AS7<=70,"UNIT 2",IF(AS7<=110,"UNIT 3","COMMON"))) -> UNIT 1
A8: REC-007 | B8: AST-007 | C8: Turbin-Generator#1 | D8: LJ10MAA10HB010-001 | E8: ISO 10816-2 | F8: ISO 10816-2 | G8: W37 | H8: 45544 | I8: NORMAL | J8: GENERATOR | K8: TURBINE | L8: China Changjiang Energy Corp. | W8: 37.5 MVA | X8: 30 MW | Y8: 6.3 kV Phase 3 Wire | AA8: 3000 r/min | AB8: 50 Hz | AD8: China Changjiang Energy Corp. | AE8: 3000 r/min | AN8: 30 MW | AO8: 6 | AP8: 19 | AQ8: Digital Electric Hidroulic (Woodard 505) | AR8: Turbine-Generator | AS8: 13 | AU8: Type, Mfg : China Changjiang Energy Corp. Manufacturer : China Changjiang Energy Corp. | Rated Capacity : 37.5 MVA Speed : 3000 r/min | Rated Active Power : 30 MW Ekstraction : 6 | Rated Stator Voltage : 6.3 kV Phase 3 Wire NCR : 30 MW | Rated Stator Current : Stages : 19 | Rated Speed : 3000 r/min | Governoor Type : Digital Electric Hidroulic (Woodard 505) | Rated Frequency : 50 Hz | : | AV8: =IF(AS8<=36,"UNIT 1",IF(AS8<=70,"UNIT 2",IF(AS8<=110,"UNIT 3","COMMON"))) -> UNIT 1
A9: REC-008 | B9: AST-008 | C9: Motor Condensat Pump 2#1 | D9: LJ10LCB10AP020-001 | E9: ISO 10816-3 (GROUP 2 RIGID) | F9: ISO 10816-3 (GROUP 2 RIGID) | G9: W36 | H9: 45537 | I9: PREWARNING | J9: MOTOR | K9: POMPA | L9: YLB 250-2-4 | M9: 1430 rpm | N9: 75 kW | O9: - | P9: - | Q9: - | R9: - | S9: Rigid | AC9: 5LDIN | AE9: 1480 rpm | AF9: 53 kW | AG9: 120 m3/h | AK9: - | AL9: - | AR9: Pump | AS9: 15 | AU9: Type, Mfg : YLB 250-2-4 Type, Mfg. : 5LDIN | Speed : 1430 rpm Speed : 1480 rpm | Power : 75 kW Power : 53 kW | Bearing Type : - Capacity : 120 m3/h | Inboard Bearing : - Type Bearing : | Outboard Bearing : - Inboard Bearing : - | Rotor Bar : - Onboard Bearing : - | Foundation : Rigid Total Impeler 5 | AV9: =IF(AS9<=36,"UNIT 1",IF(AS9<=70,"UNIT 2",IF(AS9<=110,"UNIT 3","COMMON"))) -> UNIT 1
A10: REC-009 | B10: AST-009 | C10: Motor Vacuum Pump 1#1 | D10: LJ10MAG10AP011-001 | E10: ISO 10816-3 (GROUP 2 RIGID) | F10: ISO 10816-3 (GROUP 2 RIGID) | G10: W39 | H10: 45558 | I10: NORMAL | J10: MOTOR | K10: POMPA | L10: Y2 - 250-6 | M10: 980 rpm | N10: 37 kW | R10: - | S10: Rigid | AK10: - | AL10: - | AR10: Pump | AS10: 17 | AU10: Type, Mfg : Y2 - 250-6 Type, Mfg. : | Speed : 980 rpm Speed : | Power : 37 kW Power : | Bearing Type : Capacity : | Inboard Bearing : Type Bearing : | Outboard Bearing : Inboard Bearing : - | Rotor Bar : - Onboard Bearing : - | Foundation : Rigid Total Impeler / blade 18 | AV10: =IF(AS10<=36,"UNIT 1",IF(AS10<=70,"UNIT 2",IF(AS10<=110,"UNIT 3","COMMON"))) -> UNIT 1
A11: REC-010 | B11: AST-010 | C11: Motor Vacuum Pump 2#1 | D11: LJ10MAG10AP012-001 | E11: ISO 10816-3 (GROUP 2 RIGID) | F11: ISO 10816-3 (GROUP 2 RIGID) | G11: W39 | H11: 45558 | I11: NORMAL | J11: MOTOR | K11: POMPA | L11: Y2 - 250-6 | M11: 980 rpm | N11: 37 kW | R11: - | S11: Rigid | AK11: - | AL11: - | AR11: Pump | AS11: 19 | AU11: Type, Mfg : Y2 - 250-6 Type, Mfg. : | Speed : 980 rpm Speed : | Power : 37 kW Power : | Bearing Type : Capacity : | Inboard Bearing : Type Bearing : | Outboard Bearing : Inboard Bearing : - | Rotor Bar : - Onboard Bearing : - | Foundation : Rigid Total Impeler 5 | AV11: =IF(AS11<=36,"UNIT 1",IF(AS11<=70,"UNIT 2",IF(AS11<=110,"UNIT 3","COMMON"))) -> UNIT 1
A12: REC-011 | B12: AST-011 | C12: Motor Boiler Feed Pump 1#1 | D12: LJ10LAC10AP001-001 | E12: ISO 10816-3 (GROUP 1 RIGID) | F12: ISO 10816-3 (GROUP 1 RIGID) | G12: W36 | H12: 45537 | I12: NORMAL | J12: MOTOR | K12: POMPA | L12: SY23372-1028, QINGJIANG | M12: 2980 rpm | N12: 1000 | P12: NU 224EC | Q12: 6224/C3 | R12: - | S12: Rigid | AC12: SHENYANG AST PUMP MANUFACTURING CO.,LTD | AE12: 2980 rpm | AG12: 140 | AK12: - | AL12: - | AR12: Pump | AS12: 21 | AU12: Type, Mfg : SY23372-1028, QINGJIANG Type, Mfg. : SHENYANG AST PUMP MANUFACTURING CO.,LTD | Speed : 2980 rpm Speed : 2980 rpm | Power : 1000 Capacity : 140 | Bearing Type : Bearing Type : | Inboard Bearing : NU 224EC Inboard Bearing : - | Outboard Bearing : 6224/C3 Onboard Bearing : - | Rotor Bar : - Total Blade - | Foundation : Rigid | AV12: =IF(AS12<=36,"UNIT 1",IF(AS12<=70,"UNIT 2",IF(AS12<=110,"UNIT 3","COMMON"))) -> UNIT 1
A13: REC-012 | B13: AST-012 | C13: Motor CCCWP 1#1 | D13: LJ10PGB10AP001-001 | E13: ISO 10816-3 (GROUP 2 RIGID) | F13: ISO 10816-3 (GROUP 2 RIGID) | G13: W37 | H13: 45545 | I13: PREWARNING | J13: MOTOR | K13: POMPA | L13: Y2 - 280-4 | M13: 980 rpm | N13: 75 kW | O13: - | P13: - | Q13: - | R13: - | S13: Rigid | AK13: - | AL13: - | AR13: Pump | AS13: 23 | AU13: Type, Mfg : Y2 - 280-4 Type, Mfg. : | Speed : 980 rpm Speed : | Power : 75 kW Power : | Bearing Type : - Capacity : | Inboard Bearing : - Type Bearing : | Outboard Bearing : - Inboard Bearing : - | Rotor Bar : - Onboard Bearing : - | Foundation : Rigid Total Impeler 5 | AV13: =IF(AS13<=36,"UNIT 1",IF(AS13<=70,"UNIT 2",IF(AS13<=110,"UNIT 3","COMMON"))) -> UNIT 1
A14: REC-013 | B14: AST-013 | C14: Motor CCCWP 2#1 | D14: LJ10PGB10AP002-001 | E14: ISO 10816-3 (GROUP 2 RIGID) | F14: ISO 10816-3 (GROUP 2 RIGID) | G14: W39 | H14: 45559 | I14: NORMAL | J14: MOTOR | K14: POMPA | L14: Y2 - 280-4 | M14: 980 rpm | N14: 75 kW | R14: - | S14: Rigid | AK14: - | AL14: - | AR14: Pump | AS14: 25 | AU14: Type, Mfg : Y2 - 280-4 Type, Mfg. : | Speed : 980 rpm Speed : | Power : 75 kW Power : | Bearing Type : Capacity : | Inboard Bearing : Type Bearing : | Outboard Bearing : Inboard Bearing : - | Rotor Bar : - Onboard Bearing : - | Foundation : Rigid Total Impeler 5 | AV14: =IF(AS14<=36,"UNIT 1",IF(AS14<=70,"UNIT 2",IF(AS14<=110,"UNIT 3","COMMON"))) -> UNIT 1
A15: REC-014 | B15: AST-014 | C15: Motor CWP 355 Kw 1#1 | D15: LJ10PAC10AP001-001 | E15: ISO 10816-3 (GROUP 1 RIGID)) | F15: ISO 10816-3 (GROUP 1 RIGID) | G15: W39 | H15: 45559 | I15: PREWARNING | J15: MOTOR | K15: POMPA | L15: YLKK400-6 | M15: 991 | N15: 315 | R15: - | S15: Rigid | AR15: Pump | AS15: 27 | AT15: Class dinormalisasi pada kolom terpisah; nilai sumber dipertahankan | AU15: Type, Mfg : YLKK400-6 Type, Mfg. : | Speed : 991 Speed : | Power : 315 Bearing Type : | Bearing Type : Inboard Bearing : | Inboard Bearing : Onboard Bearing : | Outboard Bearing : Total Blade : | Rotor Bar : - | Foundation : Rigid | AV15: =IF(AS15<=36,"UNIT 1",IF(AS15<=70,"UNIT 2",IF(AS15<=110,"UNIT 3","COMMON"))) -> UNIT 1
A16: REC-015 | B16: AST-015 | C16: Motor CWP 355 Kw 2#1 | D16: LJ10PAC10AP002-001 | E16: ISO 10816-3 (GROUP 1 RIGID)) | F16: ISO 10816-3 (GROUP 1 RIGID) | G16: W37 | H16: 45545 | I16: NORMAL | J16: MOTOR | K16: POMPA | L16: YLKK400-6 | M16: 991 | N16: 315 | R16: - | S16: Rigid | AR16: Pump | AS16: 29 | AT16: Class dinormalisasi pada kolom terpisah; nilai sumber dipertahankan | AU16: Type, Mfg : YLKK400-6 Type, Mfg. : | Speed : 991 Speed : | Power : 315 Bearing Type : | Bearing Type : Inboard Bearing : | Inboard Bearing : Onboard Bearing : | Outboard Bearing : Total Blade : | Rotor Bar : - | Foundation : Rigid | AV16: =IF(AS16<=36,"UNIT 1",IF(AS16<=70,"UNIT 2",IF(AS16<=110,"UNIT 3","COMMON"))) -> UNIT 1
A17: REC-016 | B17: AST-016 | C17: Motor BWRO 1#1 | D17: LJ10GCK10AP005-001 | E17: ISO 10816-3 (GROUP 2 RIGID) | F17: ISO 10816-3 (GROUP 2 RIGID) | G17: W37 | H17: 45545 | I17: PREWARNING | J17: MOTOR | K17: POMPA | L17: AEUBKG020015FMBP3 | M17: 2920 r/min | N17: 11 kw | O17: Roller Bearing | P17: 7309B | Q17: 6307C3 | R17: - | S17: Rigid | AC17: A96536974P11003 | AE17: 2920 r/min | AF17: 11 Kw | AG17: 21 m3/h | AK17: - | AL17: - | AR17: Pump | AS17: 32 | AU17: Type, Mfg : AEUBKG020015FMBP3 Type, Mfg. : A96536974P11003 | Speed : 2920 r/min Speed : 2920 r/min | Power : 11 kw Power : 11 Kw | Bearing Type : Roller Bearing Capacity : 21 m3/h | Inboard Bearing : 7309B Inboard Bearing : - | Outboard Bearing : 6307C3 Onboard Bearing : - | Rotor Bar : - Total Blade - | Foundation : Rigid | AV17: =IF(AS17<=36,"UNIT 1",IF(AS17<=70,"UNIT 2",IF(AS17<=110,"UNIT 3","COMMON"))) -> UNIT 1
A18: REC-017 | B18: AST-017 | C18: Motor SWRO 2#1 | D18: LJ10GCK10AP008-001 | E18: ISO 10816-3 (GROUP 2 RIGID) | F18: ISO 10816-3 (GROUP 2 RIGID) | G18: W39 | H18: 45559 | I18: NORMAL | J18: MOTOR | K18: POMPA | M18: 2970 r/min | N18: 75 | R18: - | S18: Rigid | AK18: - | AL18: - | AR18: Pump | AS18: 34 | AU18: Type, Mfg : Type, Mfg. : | Speed : 2970 r/min Speed : | Power : 75 Power : | Bearing Type : Capacity : | Inboard Bearing : Inboard Bearing : - | Outboard Bearing : Onboard Bearing : - | Rotor Bar : - Total Blade - | Foundation : Rigid | AV18: =IF(AS18<=36,"UNIT 1",IF(AS18<=70,"UNIT 2",IF(AS18<=110,"UNIT 3","COMMON"))) -> UNIT 1
A19: REC-018 | B19: AST-018 | C19: AC OIL PUMP UNIT 1 | E19: ISO 10816-3 (GROUP 2 RIGID) | F19: ISO 10816-3 (GROUP 2 RIGID) | G19: W38 | H19: 45551 | I19: PREWARNING | J19: MOTOR | K19: POMPA | L19: Y2 - 250-6 | M19: 980 rpm | N19: 37 kW | R19: - | S19: Rigid | AK19: - | AL19: - | AR19: Pump | AS19: 36 | AT19: KKS kosong pada sumber PDF | AU19: Type, Mfg : Y2 - 250-6 Type, Mfg. : | Speed : 980 rpm Speed : | Power : 37 kW Power : | Bearing Type : Capacity : | Inboard Bearing : Type Bearing : | Outboard Bearing : Inboard Bearing : - | Rotor Bar : - Onboard Bearing : - | Foundation : Rigid Total Impeler 5 | AV19: =IF(AS19<=36,"UNIT 1",IF(AS19<=70,"UNIT 2",IF(AS19<=110,"UNIT 3","COMMON"))) -> UNIT 1
A20: REC-019 | B20: AST-019 | C20: Motor ID Fan 1#2 | D20: LJ20HNC10AN001-001 | E20: ISO 10816-3 (GROUP 1 RIGID) | F20: ISO 10816-3 (GROUP 1 RIGID) | G20: W39 | H20: 45559 | I20: NORMAL | J20: MOTOR | K20: FAN | L20: YKK4003-4 | M20: 985 | N20: 355 Kw | P20: NU324 | Q20: 6324 | R20: - | S20: Rigid | AK20: - | AL20: - | AR20: Fan | AS20: 38 | AU20: Type, Mfg : YKK4003-4 Type, Mfg. : | Speed : 985 Speed : | Power : 355 Kw Capacity : | Bearing Type : Bearing Type : | Inboard Bearing : NU324 Inboard Bearing : - | Outboard Bearing : 6324 Onboard Bearing : - | Rotor Bar : - Total Blade - | Foundation : Rigid | AV20: =IF(AS20<=36,"UNIT 1",IF(AS20<=70,"UNIT 2",IF(AS20<=110,"UNIT 3","COMMON"))) -> UNIT 2
A21: REC-020 | B21: AST-020 | C21: Motor ID Fan 2#2 | D21: LJ20HNC10AN002-001 | E21: ISO 10816-3 (GROUP 1 RIGID) | F21: ISO 10816-3 (GROUP 1 RIGID) | G21: W37 | H21: 45545 | I21: PREWARNING | J21: MOTOR | K21: FAN | L21: YKK4003-4 | M21: 985 | N21: 355 Kw | P21: NU324 | Q21: 6324 | R21: - | S21: Rigid | AK21: - | AL21: - | AR21: Fan | AS21: 40 | AU21: Type, Mfg : YKK4003-4 Type, Mfg. : | Speed : 985 Speed : | Power : 355 Kw Capacity : | Bearing Type : Bearing Type : | Inboard Bearing : NU324 Inboard Bearing : - | Outboard Bearing : 6324 Onboard Bearing : - | Rotor Bar : - Total Blade - | Foundation : Rigid | AV21: =IF(AS21<=36,"UNIT 1",IF(AS21<=70,"UNIT 2",IF(AS21<=110,"UNIT 3","COMMON"))) -> UNIT 2
A22: REC-021 | B22: AST-021 | C22: Motor Primary Air Fan 1#2 | D22: LJ20HLB10AN001-001 | E22: ISO 10816-3 (GROUP 1 RIGID) | F22: ISO 10816-3 (GROUP 1 RIGID) | G22: W39 | H22: 45560 | I22: NORMAL | J22: MOTOR | K22: FAN | L22: YKK 4001-4 | M22: 1480 r/min | N22: 280 kW | O22: Roller Bearing | P22: NU324 | Q22: 6224 | R22: - | S22: Rigid | AC22: QALG-217D | AE22: 1450 r/min | AH22: 13500 Pa | AI22: 50000 m2/h | AJ22: - | AK22: - | AL22: - | AM22: - | AR22: Fan | AS22: 42 | AU22: Type, Mfg : YKK 4001-4 Type, Mfg. : QALG-217D | Speed : 1480 r/min Speed : 1450 r/min | Power : 280 kW Pressure : 13500 Pa | Bearing Type : Roller Bearing Flow Rate : 50000 m2/h | Inboard Bearing : NU324 Bearing Type : - | Outboard Bearing : 6224 Inboard Bearing : - | Rotor Bar : - Onboard Bearing : - | Foundation : Rigid Total Blade : - | AV22: =IF(AS22<=36,"UNIT 1",IF(AS22<=70,"UNIT 2",IF(AS22<=110,"UNIT 3","COMMON"))) -> UNIT 2
A23: REC-022 | B23: AST-022 | C23: Motor Primary Air Fan 2#2 | D23: LJ20HLB10AN002-001 | E23: ISO 10816-3 (GROUP 1 RIGID) | F23: ISO 10816-3 (GROUP 1 RIGID) | G23: W37 | H23: 45546 | I23: NORMAL | J23: MOTOR | K23: FAN | L23: YKK 4001-4 | M23: 1480 r/min | N23: 280 kW | O23: Roller Bearing | P23: NU324 | Q23: 6224 | R23: - | S23: Rigid | AC23: QALG-217D | AE23: 1450 r/min | AH23: 13500 Pa | AI23: 50000 m2/h | AJ23: - | AK23: - | AL23: - | AM23: - | AR23: Fan | AS23: 44 | AU23: Type, Mfg : YKK 4001-4 Type, Mfg. : QALG-217D | Speed : 1480 r/min Speed : 1450 r/min | Power : 280 kW Pressure : 13500 Pa | Bearing Type : Roller Bearing Flow Rate : 50000 m2/h | Inboard Bearing : NU324 Bearing Type : - | Outboard Bearing : 6224 Inboard Bearing : - | Rotor Bar : - Onboard Bearing : - | Foundation : Rigid Total Blade : - | AV23: =IF(AS23<=36,"UNIT 1",IF(AS23<=70,"UNIT 2",IF(AS23<=110,"UNIT 3","COMMON"))) -> UNIT 2
A24: REC-023 | B24: AST-023 | C24: Motor Secondary Air Fan 1#2 | D24: LJ20HLB10AN003-001 | E24: ISO 10816-3 (GROUP 1 RIGID) | F24: ISO 10816-3 (GROUP 1 RIGID) | G24: W39 | H24: 45560 | I24: PREWARNING | J24: MOTOR | K24: FAN | L24: YKK 4001-4 | M24: 1480 r/min | N24: 280 kW | O24: Roller Bearing | P24: NU324 | Q24: 6224 | R24: - | S24: Rigid | AC24: QALG-217D | AE24: 1450 r/min | AH24: 13500 Pa | AI24: 50000 m2/h | AJ24: - | AK24: - | AL24: - | AM24: - | AR24: Fan | AS24: 46 | AU24: Type, Mfg : YKK 4001-4 Type, Mfg. : QALG-217D | Speed : 1480 r/min Speed : 1450 r/min | Power : 280 kW Pressure : 13500 Pa | Bearing Type : Roller Bearing Flow Rate : 50000 m2/h | Inboard Bearing : NU324 Bearing Type : - | Outboard Bearing : 6224 Inboard Bearing : - | Rotor Bar : - Onboard Bearing : - | Foundation : Rigid Total Blade : - | AV24: =IF(AS24<=36,"UNIT 1",IF(AS24<=70,"UNIT 2",IF(AS24<=110,"UNIT 3","COMMON"))) -> UNIT 2
A25: REC-024 | B25: AST-024 | C25: Motor Secondary Air Fan 2#2 | D25: LJ20HLB10AN004-001 | E25: ISO 10816-3 (GROUP 1 RIGID) | F25: ISO 10816-3 (GROUP 1 RIGID) | G25: W37 | H25: 45546 | I25: NORMAL | J25: MOTOR | K25: FAN | L25: YKK 4001-4 | M25: 1480 r/min | N25: 280 kW | O25: Roller Bearing | P25: NU324 | Q25: 6224 | R25: - | S25: Rigid | AC25: QALG-217D | AE25: 1450 r/min | AH25: 13500 Pa | AI25: 50000 m2/h | AJ25: - | AK25: - | AL25: - | AM25: - | AR25: Fan | AS25: 48 | AU25: Type, Mfg : YKK 4001-4 Type, Mfg. : QALG-217D | Speed : 1480 r/min Speed : 1450 r/min | Power : 280 kW Pressure : 13500 Pa | Bearing Type : Roller Bearing Flow Rate : 50000 m2/h | Inboard Bearing : NU324 Bearing Type : - | Outboard Bearing : 6224 Inboard Bearing : - | Rotor Bar : - Onboard Bearing : - | Foundation : Rigid Total Blade : - | AV25: =IF(AS25<=36,"UNIT 1",IF(AS25<=70,"UNIT 2",IF(AS25<=110,"UNIT 3","COMMON"))) -> UNIT 2
A26: REC-025 | B26: AST-025 | C26: Turbin-Generator#2 | D26: LJ20MAA10HB010-001 | E26: ISO 10816-2 | F26: ISO 10816-2 | G26: W39 | H26: 45560 | I26: PREWARNING | J26: GENERATOR | K26: TURBINE | L26: China Changjiang Energy Corp. | W26: 37.5 MVA | X26: 30 MW | Y26: 6.3 kV Phase 3 Wire | AA26: 3000 r/min | AB26: 50 Hz | AD26: China Changjiang Energy Corp. | AE26: 3000 r/min | AN26: 30 MW | AO26: 6 | AP26: 19 | AQ26: Digital Electric Hidroulic (Woodard 505) | AR26: Turbine-Generator | AS26: 50 | AU26: Type, Mfg : China Changjiang Energy Corp. Manufacturer : China Changjiang Energy Corp. | Rated Capacity : 37.5 MVA Speed : 3000 r/min | Rated Active Power : 30 MW Ekstraction : 6 | Rated Stator Voltage : 6.3 kV Phase 3 Wire NCR : 30 MW | Rated Stator Current : Stages : 19 | Rated Speed : 3000 r/min | Governoor Type : Digital Electric Hidroulic (Woodard 505) | Rated Frequency : 50 Hz | : | AV26: =IF(AS26<=36,"UNIT 1",IF(AS26<=70,"UNIT 2",IF(AS26<=110,"UNIT 3","COMMON"))) -> UNIT 2
A27: REC-026 | B27: AST-026 | C27: Motor Condensat Pump 1#2 | D27: LJ20LCB10AP010-001 | E27: ISO 10816-3 (GROUP 2 RIGID) | F27: ISO 10816-3 (GROUP 2 RIGID) | G27: W36 | H27: 45537 | I27: NORMAL | J27: MOTOR | K27: POMPA | L27: YLB 250-2-4 | M27: 1430 rpm | N27: 75 kW | O27: - | P27: - | Q27: - | R27: - | S27: Rigid | AK27: - | AL27: - | AR27: Pump | AS27: 52 | AU27: Type, Mfg : YLB 250-2-4 Type, Mfg. : | Speed : 1430 rpm Speed : | Power : 75 kW Power : | Bearing Type : - Capacity : | Inboard Bearing : - Type Bearing : | Outboard Bearing : - Inboard Bearing : - | Rotor Bar : - Onboard Bearing : - | Foundation : Rigid Total Impeler 5 | AV27: =IF(AS27<=36,"UNIT 1",IF(AS27<=70,"UNIT 2",IF(AS27<=110,"UNIT 3","COMMON"))) -> UNIT 2
A28: REC-027 | B28: AST-027 | C28: Motor Vacuum Pump 1#2 | D28: LJ20MAG10AP011-001 | E28: ISO 10816-3 (GROUP 2 RIGID) | F28: ISO 10816-3 (GROUP 2 RIGID) | G28: W39 | H28: 45561 | I28: PREWARNING | J28: MOTOR | K28: POMPA | L28: Y2 - 250-6 | M28: 980 rpm | N28: 37 kW | R28: - | S28: Rigid | AK28: - | AL28: - | AR28: Pump | AS28: 54 | AU28: Type, Mfg : Y2 - 250-6 Type, Mfg. : | Speed : 980 rpm Speed : | Power : 37 kW Power : | Bearing Type : Capacity : | Inboard Bearing : Type Bearing : | Outboard Bearing : Inboard Bearing : - | Rotor Bar : - Onboard Bearing : - | Foundation : Rigid Total Impeler | AV28: =IF(AS28<=36,"UNIT 1",IF(AS28<=70,"UNIT 2",IF(AS28<=110,"UNIT 3","COMMON"))) -> UNIT 2
A29: REC-028 | B29: AST-028 | C29: Motor Vacuum Pump 2#2 | D29: LJ20MAG10AP012-001 | E29: ISO 10816-3 (GROUP 2 RIGID) | F29: ISO 10816-3 (GROUP 2 RIGID) | G29: W39 | H29: 45561 | I29: PREWARNING | J29: MOTOR | K29: POMPA | L29: Y2 - 250-6 | M29: 980 rpm | N29: 37 kW | R29: - | S29: Rigid | AK29: - | AL29: - | AR29: Pump | AS29: 56 | AU29: Type, Mfg : Y2 - 250-6 Type, Mfg. : | Speed : 980 rpm Speed : | Power : 37 kW Power : | Bearing Type : Capacity : | Inboard Bearing : Type Bearing : | Outboard Bearing : Inboard Bearing : - | Rotor Bar : - Onboard Bearing : - | Foundation : Rigid Total Impeler 5 | AV29: =IF(AS29<=36,"UNIT 1",IF(AS29<=70,"UNIT 2",IF(AS29<=110,"UNIT 3","COMMON"))) -> UNIT 2
A30: REC-029 | B30: AST-029 | C30: Motor Boiler Feed Pump 2#2 | D30: LJ20LAC10AP002-001 | E30: ISO 10816-3 (GROUP 1 RIGID) | F30: ISO 10816-3 (GROUP 1 RIGID) | G30: W36 | H30: 45537 | I30: PREWARNING | J30: MOTOR | K30: FAN | L30: SY23372-1028, QINGJIANG | M30: 2980 rpm | N30: 1000 | P30: NU 224EC | Q30: 6224/C3 | R30: - | S30: Rigid | AC30: SHENYANG AST PUMP MANUFACTURING CO.,LTD | AE30: 2980 rpm | AG30: 140 | AK30: - | AL30: - | AR30: Pump | AS30: 58 | AU30: Type, Mfg : SY23372-1028, QINGJIANG Type, Mfg. : SHENYANG AST PUMP MANUFACTURING CO.,LTD | Speed : 2980 rpm Speed : 2980 rpm | Power : 1000 Capacity : 140 | Bearing Type : Bearing Type : | Inboard Bearing : NU 224EC Inboard Bearing : - | Outboard Bearing : 6224/C3 Onboard Bearing : - | Rotor Bar : - Total Blade - | Foundation : Rigid | AV30: =IF(AS30<=36,"UNIT 1",IF(AS30<=70,"UNIT 2",IF(AS30<=110,"UNIT 3","COMMON"))) -> UNIT 2
A31: REC-030 | B31: AST-030 | C31: Motor CCCWP 1#2 | D31: LJ20PGB10AP001-001 | E31: ISO 10816-3 (GROUP 2 RIGID) | F31: ISO 10816-3 (GROUP 2 RIGID) | G31: W39 | H31: 45561 | I31: PREWARNING | J31: MOTOR | K31: POMPA | L31: Y2 - 280-4 | M31: 980 rpm | N31: 75 kW | O31: - | P31: - | Q31: - | R31: - | S31: Rigid | AK31: - | AL31: - | AR31: Pump | AS31: 60 | AU31: Type, Mfg : Y2 - 280-4 Type, Mfg. : | Speed : 980 rpm Speed : | Power : 75 kW Power : | Bearing Type : - Capacity : | Inboard Bearing : - Type Bearing : | Outboard Bearing : - Inboard Bearing : - | Rotor Bar : - Onboard Bearing : - | Foundation : Rigid Total Impeler 5 | AV31: =IF(AS31<=36,"UNIT 1",IF(AS31<=70,"UNIT 2",IF(AS31<=110,"UNIT 3","COMMON"))) -> UNIT 2
A32: REC-031 | B32: AST-031 | C32: Motor CCCWP 2#2 | D32: LJ20PGB10AP002-001 | E32: ISO 10816-3 (GROUP 2 RIGID) | F32: ISO 10816-3 (GROUP 2 RIGID) | G32: W39 | H32: 45561 | I32: PREWARNING | J32: MOTOR | K32: POMPA | L32: Y2 - 280-4 | M32: 980 rpm | N32: 75 kW | R32: - | S32: Rigid | AK32: - | AL32: - | AR32: Pump | AS32: 62 | AU32: Type, Mfg : Y2 - 280-4 Type, Mfg. : | Speed : 980 rpm Speed : | Power : 75 kW Power : | Bearing Type : Capacity : | Inboard Bearing : Type Bearing : | Outboard Bearing : Inboard Bearing : - | Rotor Bar : - Onboard Bearing : - | Foundation : Rigid Total Impeler 5 | AV32: =IF(AS32<=36,"UNIT 1",IF(AS32<=70,"UNIT 2",IF(AS32<=110,"UNIT 3","COMMON"))) -> UNIT 2
A33: REC-032 | B33: AST-032 | C33: Motor CWP 355 Kw 1#2 | D33: LJ20PAC10AP001-001 | E33: ISO 10816-3 (GROUP 1 RIGID)) | F33: ISO 10816-3 (GROUP 1 RIGID) | G33: W38 | H33: 45552 | I33: NORMAL | J33: MOTOR | K33: POMPA | L33: YLKK400-6 | M33: 991 | N33: 315 | R33: - | S33: Rigid | AR33: Pump | AS33: 64 | AT33: Class dinormalisasi pada kolom terpisah; nilai sumber dipertahankan | AU33: Type, Mfg : YLKK400-6 Type, Mfg. : | Speed : 991 Speed : | Power : 315 Bearing Type : | Bearing Type : Inboard Bearing : | Inboard Bearing : Onboard Bearing : | Outboard Bearing : Total Blade : | Rotor Bar : - | Foundation : Rigid | AV33: =IF(AS33<=36,"UNIT 1",IF(AS33<=70,"UNIT 2",IF(AS33<=110,"UNIT 3","COMMON"))) -> UNIT 2
A34: REC-033 | B34: AST-033 | C34: Motor CWP 355 Kw 2#2 | D34: LJ20PAC10AP002-001 | E34: ISO 10816-3 (GROUP 1 RIGID)) | F34: ISO 10816-3 (GROUP 1 RIGID) | G34: W36 | H34: 45537 | I34: NORMAL | J34: MOTOR | K34: POMPA | L34: YLKK400-6 | M34: 991 | N34: 315 | R34: - | S34: Rigid | AR34: Pump | AS34: 66 | AT34: Class dinormalisasi pada kolom terpisah; nilai sumber dipertahankan | AU34: Type, Mfg : YLKK400-6 Type, Mfg. : | Speed : 991 Speed : | Power : 315 Bearing Type : | Bearing Type : Inboard Bearing : | Inboard Bearing : Onboard Bearing : | Outboard Bearing : Total Blade : | Rotor Bar : - | Foundation : Rigid | AV34: =IF(AS34<=36,"UNIT 1",IF(AS34<=70,"UNIT 2",IF(AS34<=110,"UNIT 3","COMMON"))) -> UNIT 2
A35: REC-034 | B35: AST-034 | C35: ACA OIL PUMP UNIT 2 | E35: ISO 10816-3 (GROUP 2 RIGID) | F35: ISO 10816-3 (GROUP 2 RIGID) | G35: W38 | H35: 45552 | I35: PREWARNING | J35: MOTOR | K35: POMPA | L35: Y2 - 250-6 | M35: 980 rpm | N35: 37 kW | R35: - | S35: Rigid | AK35: - | AL35: - | AR35: Pump | AS35: 68 | AT35: KKS kosong pada sumber PDF; Metadata aset yang sama muncul pada halaman 68, 70 | AU35: Type, Mfg : Y2 - 250-6 Type, Mfg. : | Speed : 980 rpm Speed : | Power : 37 kW Power : | Bearing Type : Capacity : | Inboard Bearing : Type Bearing : | Outboard Bearing : Inboard Bearing : - | Rotor Bar : - Onboard Bearing : - | Foundation : Rigid Total Impeler 5 | AV35: =IF(AS35<=36,"UNIT 1",IF(AS35<=70,"UNIT 2",IF(AS35<=110,"UNIT 3","COMMON"))) -> UNIT 2
A36: REC-035 | B36: AST-034 | C36: ACA OIL PUMP UNIT 2 | E36: ISO 10816-3 (GROUP 2 RIGID) | F36: ISO 10816-3 (GROUP 2 RIGID) | G36: W38 | H36: 45552 | I36: PREWARNING | J36: MOTOR | K36: POMPA | L36: Y2 - 250-6 | M36: 980 rpm | N36: 37 kW | R36: - | S36: Rigid | AK36: - | AL36: - | AR36: Pump | AS36: 70 | AT36: KKS kosong pada sumber PDF; Metadata aset yang sama muncul pada halaman 68, 70 | AU36: Type, Mfg : Y2 - 250-6 Type, Mfg. : | Speed : 980 rpm Speed : | Power : 37 kW Power : | Bearing Type : Capacity : | Inboard Bearing : Type Bearing : | Outboard Bearing : Inboard Bearing : - | Rotor Bar : - Onboard Bearing : - | Foundation : Rigid Total Impeler 5 | AV36: =IF(AS36<=36,"UNIT 1",IF(AS36<=70,"UNIT 2",IF(AS36<=110,"UNIT 3","COMMON"))) -> UNIT 2
A37: REC-036 | B37: AST-035 | C37: Motor ID Fan 1#3 | D37: LJ03HNC10AN001-001 | E37: ISO 10816-3 (GROUP 1 RIGID) | F37: ISO 10816-3 (GROUP 1 RIGID) | G37: W38 | H37: 45552 | I37: NORMAL | J37: MOTOR | K37: FAN | L37: YKK 4504-6 | M37: 990 | N37: 450 | O37: Roller Bearing | P37: NU228E/C3 | Q37: 6226/C3 | R37: - | S37: Rigid | AC37: 25 SB-P | AE37: 2980 r/min | AG37: 165 m3/h | AJ37: Journal Bearing | AK37: - | AL37: - | AR37: Fan | AS37: 72 | AU37: Type, Mfg : YKK 4504-6 Type, Mfg. : 25 SB-P | Speed : 990 Speed : 2980 r/min | Power : 450 Capacity : 165 m3/h | Bearing Type : Roller Bearing Bearing Type : Journal Bearing | Inboard Bearing : NU228E/C3 Inboard Bearing : - | Outboard Bearing : 6226/C3 Onboard Bearing : - | Rotor Bar : - Total Blade - | Foundation : Rigid | AV37: =IF(AS37<=36,"UNIT 1",IF(AS37<=70,"UNIT 2",IF(AS37<=110,"UNIT 3","COMMON"))) -> UNIT 3
A38: REC-037 | B38: AST-036 | C38: Motor ID Fan 2#3 | D38: LJ03HNC20AN001-001 | E38: ISO 10816-3 (GROUP 1 RIGID) | F38: ISO 10816-3 (GROUP 1 RIGID) | G38: W36 | H38: 45538 | I38: NORMAL | J38: MOTOR | K38: FAN | L38: YKK 4504-6 | M38: 990 | N38: 450 | O38: Roller Bearing | P38: NU228E/C3 | Q38: 6226/C3 | R38: - | S38: Rigid | AC38: 25 SB-P | AE38: 2980 r/min | AG38: 165 m3/h | AJ38: Journal Bearing | AK38: - | AL38: - | AR38: Fan | AS38: 74 | AU38: Type, Mfg : YKK 4504-6 Type, Mfg. : 25 SB-P | Speed : 990 Speed : 2980 r/min | Power : 450 Capacity : 165 m3/h | Bearing Type : Roller Bearing Bearing Type : Journal Bearing | Inboard Bearing : NU228E/C3 Inboard Bearing : - | Outboard Bearing : 6226/C3 Onboard Bearing : - | Rotor Bar : - Total Blade - | Foundation : Rigid | AV38: =IF(AS38<=36,"UNIT 1",IF(AS38<=70,"UNIT 2",IF(AS38<=110,"UNIT 3","COMMON"))) -> UNIT 3
A39: REC-038 | B39: AST-037 | C39: Motor Primary Air Fan#3 | D39: LJ03HLB10AN001-001 | E39: ISO 10816-3 (GROUP 1 RIGID) | F39: ISO 10816-3 (GROUP 1 RIGID) | G39: W36 | H39: 45538 | I39: PREWARNING | J39: MOTOR | K39: FAN | L39: YKK 4504-4 | M39: 1490 | N39: 630 | O39: Roller Bearing | P39: NU226E/C3 | Q39: 6228/C3 | R39: - | S39: Rigid | AC39: G6-30 19.50 | AE39: 1485 r/min | AF39: 630 Kw | AI39: 400871 m2/h | AJ39: Journal Bearing | AK39: - | AL39: - | AM39: - | AR39: Fan | AS39: 76 | AU39: Type, Mfg : YKK 4504-4 Type, Mfg. : G6-30 19.50 | Speed : 1490 Speed : 1485 r/min | Power : 630 Power : 630 Kw | Bearing Type : Roller Bearing Flow Rate : 400871 m2/h | Inboard Bearing : NU226E/C3 Bearing Type : Journal Bearing | Outboard Bearing : 6228/C3 Inboard Bearing : - | Rotor Bar : - Onboard Bearing : - | Foundation : Rigid Total Blade : - | AV39: =IF(AS39<=36,"UNIT 1",IF(AS39<=70,"UNIT 2",IF(AS39<=110,"UNIT 3","COMMON"))) -> UNIT 3
A40: REC-039 | B40: AST-038 | C40: Motor Secondary Air Fan#3 | D40: LJ03HLB20AN001-001 | E40: ISO 10816-3 (GROUP 1 RIGID) | F40: ISO 10816-3 (GROUP 1 RIGID) | G40: W39 | H40: 45561 | I40: PREWARNING | J40: MOTOR | K40: FAN | L40: YKK 4504-4 | M40: 1485 | N40: 400 | O40: Roller Bearing | P40: NU224EC | Q40: 6224/C3 | R40: - | S40: Rigid | AC40: G6-40 16.20 | AE40: 1485 r/min | AF40: 400 Kw | AI40: 87120 m2/h | AJ40: Journal Bearing | AK40: - | AL40: - | AM40: - | AR40: Fan | AS40: 78 | AU40: Type, Mfg : YKK 4504-4 Type, Mfg. : G6-40 16.20 | Speed : 1485 Speed : 1485 r/min | Power : 400 Power : 400 Kw | Bearing Type : Roller Bearing Flow Rate : 87120 m2/h | Inboard Bearing : NU224EC Bearing Type : Journal Bearing | Outboard Bearing : 6224/C3 Inboard Bearing : - | Rotor Bar : - Onboard Bearing : - | Foundation : Rigid Total Blade : - | AV40: =IF(AS40<=36,"UNIT 1",IF(AS40<=70,"UNIT 2",IF(AS40<=110,"UNIT 3","COMMON"))) -> UNIT 3
A41: REC-040 | B41: AST-039 | C41: Motor Recirculating Air Fan 2#3 | D41: LJ03PAD11AN001-001 | E41: ISO 10816-3 (GROUP 2 RIGID) | F41: ISO 10816-3 (GROUP 2 RIGID) | G41: W36 | H41: 45538 | I41: PREWARNING | J41: MOTOR | K41: FAN | L41: Y2-250M-4-B3 | M41: 1480 | N41: 55 | O41: Ball Bearing | P41: 6314/CM | Q41: 6313/CM | R41: - | S41: Rigid | AR41: Fan | AS41: 80 | AU41: Type, Mfg : Y2-250M-4-B3 Type, Mfg. : | Speed : 1480 Speed : | Power : 55 Bearing Type : | Bearing Type : Ball Bearing Inboard Bearing : | Inboard Bearing : 6314/CM Onboard Bearing : | Outboard Bearing : 6313/CM Total Blade : | Rotor Bar : - | Foundation : Rigid | AV41: =IF(AS41<=36,"UNIT 1",IF(AS41<=70,"UNIT 2",IF(AS41<=110,"UNIT 3","COMMON"))) -> UNIT 3
A42: REC-041 | B42: AST-040 | C42: Turbin-Generator#3 | E42: ISO 10816-2 (GROUP 2 RIGID) | F42: ISO 10816-2 (GROUP 2 RIGID) | G42: W37 | H42: 45546 | I42: NORMAL | J42: TURBINE | K42: GENERATOR | L42: Luoyang Generating Equipment Co., Ltd | W42: 37.5 MVA | X42: 30 MW | Y42: 6.3 kV | Z42: 3437 A | AA42: 3000 r/min | AB42: 50 Hz | AD42: Qingdao Jieneng Steam Turbine | AE42: 3000 r/min | AN42: 30 MW | AO42: 6 | AP42: 18 | AR42: Turbine-Generator | AS42: 82 | AT42: KKS kosong pada sumber PDF | AU42: Type, Mfg : Luoyang Generating Equipment Co., Ltd Manufacturer : Qingdao Jieneng Steam Turbine | Rated Capacity : 37.5 MVA Speed : 3000 r/min | Rated Active Power : 30 MW Ekstraction : 6 | Rated Stator Voltage : 6.3 kV NCR : 30 MW | Rated Stator Current : 3437 A Stages : 18 | Rated Speed : 3000 r/min Digital electric Hidraulic (Woodward | Governoor Type : | Rated Frequency : 50 Hz 505) | : | AV42: =IF(AS42<=36,"UNIT 1",IF(AS42<=70,"UNIT 2",IF(AS42<=110,"UNIT 3","COMMON"))) -> UNIT 3
A43: REC-042 | B43: AST-041 | C43: Motor Condensat Pump 1#3 | D43: LJ03LCB10AP001-001 | E43: ISO 10816-3 (GROUP 2 RIGID) | F43: ISO 10816-3 (GROUP 2 RIGID) | G43: W36 | H43: 45538 | I43: PREWARNING | J43: MOTOR | K43: POMPA | L43: HN2-225 | M43: 2970 r/min | N43: 45 Kw | O43: Roller Bearing | P43: 6313-2z | Q43: 6313-2z | R43: - | S43: Rigid | AC43: Shandong Shuanglun Group Co.,Ltd | AE43: 2950 r/min | AF43: 45 Kw | AG43: 52.5 m2/h | AJ43: Roller Bearing | AK43: - | AL43: - | AR43: Pump | AS43: 84 | AU43: Type, Mfg : HN2-225 Type, Mfg. : Shandong Shuanglun Group Co.,Ltd | Speed : 2970 r/min Speed : 2950 r/min | Power : 45 Kw Power : 45 Kw | Bearing Type : Roller Bearing Capacity : 52.5 m2/h | Inboard Bearing : 6313-2z Type Bearing : Roller Bearing | Outboard Bearing : 6313-2z Inboard Bearing : - | Rotor Bar : - Onboard Bearing : - | Foundation : Rigid Total Impeler 5 | AV43: =IF(AS43<=36,"UNIT 1",IF(AS43<=70,"UNIT 2",IF(AS43<=110,"UNIT 3","COMMON"))) -> UNIT 3
A44: REC-043 | B44: AST-042 | C44: Motor Condensat Pump 2#3 | D44: LJ03LCB10AP002-001 | E44: ISO 10816-3 (GROUP 2 RIGID) | F44: ISO 10816-3 (GROUP 2 RIGID) | G44: W38 | H44: 45553 | I44: PREWARNING | J44: MOTOR | K44: POMPA | L44: HN2-225 | M44: 2970 r/min | N44: 45 Kw | O44: Roller Bearing | P44: 6313-2z | Q44: 6313-2z | R44: - | S44: Rigid | AC44: Shandong Shuanglun Group Co.,Ltd | AE44: 2950 r/min | AF44: 45 Kw | AG44: 52.5 m2/h | AK44: - | AL44: - | AR44: Pump | AS44: 86 | AU44: Type, Mfg : HN2-225 Type, Mfg. : Shandong Shuanglun Group Co.,Ltd | Speed : 2970 r/min Speed : 2950 r/min | Power : 45 Kw Power : 45 Kw | Bearing Type : Roller Bearing Capacity : 52.5 m2/h | Inboard Bearing : 6313-2z Inboard Bearing : - | Outboard Bearing : 6313-2z Onboard Bearing : - | Rotor Bar : - Total Blade - | Foundation : Rigid | AV44: =IF(AS44<=36,"UNIT 1",IF(AS44<=70,"UNIT 2",IF(AS44<=110,"UNIT 3","COMMON"))) -> UNIT 3
A45: REC-044 | B45: AST-043 | C45: Motor Water jet Pump 2#3 | D45: LJ03MAJ10AP002-001 | E45: ISO 10816-3 (GROUP 2 RIGID) | F45: ISO 10816-3 (GROUP 2 RIGID) | G45: W38 | H45: 45553 | I45: NORMAL | J45: MOTOR | K45: POMPA | L45: HM2-20012-2 | M45: 2950 r/min | N45: 37 Kw | O45: Roller Bearing | P45: 6313 | Q45: 6313 | R45: - | S45: Rigid | AC45: S125.100-200A | AE45: 2900 r/min | AF45: 37 Kw | AG45: 160 m2/h | AK45: - | AL45: - | AR45: Pump | AS45: 88 | AU45: Type, Mfg : HM2-20012-2 Type, Mfg. : S125.100-200A | Speed : 2950 r/min Speed : 2900 r/min | Power : 37 Kw Power : 37 Kw | Bearing Type : Roller Bearing Capacity : 160 m2/h | Inboard Bearing : 6313 Inboard Bearing : - | Outboard Bearing : 6313 Onboard Bearing : - | Rotor Bar : - Total Blade - | Foundation : Rigid | AV45: =IF(AS45<=36,"UNIT 1",IF(AS45<=70,"UNIT 2",IF(AS45<=110,"UNIT 3","COMMON"))) -> UNIT 3
A46: REC-045 | B46: AST-044 | C46: Motor Boiler Feed Pump 1#3 | D46: LJ03LAB11AP001-001 | E46: ISO 10816-3 (GROUP 1 RIGID) | F46: ISO 10816-3 (GROUP 1 RIGID) | G46: W38 | H46: 45553 | I46: PREWARNING | J46: MOTOR | K46: POMPA | L46: YKS450-2 | M46: 2979 r/min | N46: 1000 Kw | O46: Roller Bearing | P46: NU1022M/C3 6022/c3 | Q46: NU1022M/C3 6022/c3 | R46: - | S46: Rigid | AC46: 25SB-P | AE46: 2980 r/min | AF46: 822 Kw | AG46: 165 m2/h | AK46: - | AL46: - | AR46: Pump | AS46: 90 | AU46: Type, Mfg : YKS450-2 Type, Mfg. : 25SB-P | Speed : 2979 r/min Speed : 2980 r/min | Power : 1000 Kw Power : 822 Kw | Bearing Type : Roller Bearing Capacity : 165 m2/h | Inboard Bearing : NU1022M/C3 6022/c3 Inboard Bearing : - | Outboard Bearing : NU1022M/C3 6022/c3 Onboard Bearing : - | Rotor Bar : - Total Blade - | Foundation : Rigid | AV46: =IF(AS46<=36,"UNIT 1",IF(AS46<=70,"UNIT 2",IF(AS46<=110,"UNIT 3","COMMON"))) -> UNIT 3
A47: REC-046 | B47: AST-045 | C47: Motor CCWP 1#3 | D47: LJ00PGB11AP001-001 | E47: ISO 10816-3 (GROUP 2 RIGID) | F47: ISO 10816-3 (GROUP 2 RIGID) | G47: W39 | H47: 45561 | I47: PREWARNING | J47: MOTOR | K47: POMPA | L47: EN60034 IEC 60034/60072 | M47: 1480 r/min | N47: 55 Kw | O47: Roller Bearing | P47: - | Q47: - | R47: - | S47: Rigid | AC47: 200SS35 | AE47: 1480 r/min | AF47: 55 Kw | AG47: 500 m2/h | AK47: - | AL47: - | AR47: Pump | AS47: 92 | AU47: Type, Mfg : EN60034 IEC 60034/60072 Type, Mfg. : 200SS35 | Speed : 1480 r/min Speed : 1480 r/min | Power : 55 Kw Power : 55 Kw | Bearing Type : Roller Bearing Capacity : 500 m2/h | Inboard Bearing : - Inboard Bearing : - | Outboard Bearing : - Onboard Bearing : - | Rotor Bar : - Total Blade 6 | Foundation : Rigid | AV47: =IF(AS47<=36,"UNIT 1",IF(AS47<=70,"UNIT 2",IF(AS47<=110,"UNIT 3","COMMON"))) -> UNIT 3
A48: REC-047 | B48: AST-046 | C48: Motor CCWP 2#3 | D48: LJ00PGB21AP001-001 | E48: ISO 10816-3 (GROUP 2 RIGID) | F48: ISO 10816-3 (GROUP 2 RIGID) | G48: W36 | H48: 45539 | I48: PREWARNING | J48: MOTOR | K48: POMPA | L48: EN60034 IEC 60034/60072 | M48: 1480 r/min | N48: 55 Kw | O48: Roller Bearing | P48: - | Q48: - | R48: - | S48: Rigid | AC48: 200SS35 | AE48: 1480 r/min | AF48: 55 Kw | AG48: 500 m2/h | AK48: - | AL48: - | AR48: Pump | AS48: 94 | AU48: Type, Mfg : EN60034 IEC 60034/60072 Type, Mfg. : 200SS35 | Speed : 1480 r/min Speed : 1480 r/min | Power : 55 Kw Power : 55 Kw | Bearing Type : Roller Bearing Capacity : 500 m2/h | Inboard Bearing : - Inboard Bearing : - | Outboard Bearing : - Onboard Bearing : - | Rotor Bar : - Total Blade 6 | Foundation : Rigid | AV48: =IF(AS48<=36,"UNIT 1",IF(AS48<=70,"UNIT 2",IF(AS48<=110,"UNIT 3","COMMON"))) -> UNIT 3
A49: REC-048 | B49: AST-047 | C49: Motor CWP 355 Kw 1#3 | D49: LJ00PAB11AP001-001 | E49: ISO 10816-3 (GROUP 1 RIGID)) | F49: ISO 10816-3 (GROUP 1 RIGID) | G49: W38 | H49: 45554 | I49: PREWARNING | J49: MOTOR | K49: POMPA | L49: YKKL-450-6TH | M49: 989 | N49: 355 | O49: Roller Bearing | P49: 6226 | Q49: 7330B | R49: - | S49: Rigid | AR49: Pump | AS49: 96 | AT49: Class dinormalisasi pada kolom terpisah; nilai sumber dipertahankan | AU49: Type, Mfg : YKKL-450-6TH Type, Mfg. : | Speed : 989 Speed : | Power : 355 Bearing Type : | Bearing Type : Roller Bearing Inboard Bearing : | Inboard Bearing : 6226 Onboard Bearing : | Outboard Bearing : 7330B Total Blade : | Rotor Bar : - | Foundation : Rigid | AV49: =IF(AS49<=36,"UNIT 1",IF(AS49<=70,"UNIT 2",IF(AS49<=110,"UNIT 3","COMMON"))) -> UNIT 3
A50: REC-049 | B50: AST-048 | C50: Motor BWRO 1#3 | D50: LJ00GCK21AP001-001 | E50: ISO 10816-3 (GROUP 2 RIGID) | F50: ISO 10816-3 (GROUP 2 RIGID) | G50: W39 | H50: 45561 | I50: PREWARNING | J50: MOTOR | K50: POMPA | L50: DPVSF18-120 | M50: 2924 | N50: 11 | O50: Roller Bearing | R50: - | S50: Rigid | AK50: - | AL50: - | AR50: Pump | AS50: 98 | AU50: Type, Mfg : DPVSF18-120 Type, Mfg. : | Speed : 2924 Speed : | Power : 11 Power : | Bearing Type : Roller Bearing Capacity : | Inboard Bearing : Inboard Bearing : - | Outboard Bearing : Onboard Bearing : - | Rotor Bar : - Total Blade - | Foundation : Rigid | AV50: =IF(AS50<=36,"UNIT 1",IF(AS50<=70,"UNIT 2",IF(AS50<=110,"UNIT 3","COMMON"))) -> UNIT 3
A51: REC-050 | B51: AST-049 | C51: Motor SWRO 1#3 | D51: LJ00GCF11AT002-001 | E51: ISO 10816-3 (GROUP 2 RIGID) | F51: ISO 10816-3 (GROUP 2 RIGID) | G51: W39 | H51: 45561 | I51: NORMAL | J51: MOTOR | K51: POMPA | R51: - | S51: Rigid | AK51: - | AL51: - | AR51: Pump | AS51: 100 | AU51: Type, Mfg : Type, Mfg. : | Speed : Speed : | Power : Power : | Bearing Type : Capacity : | Inboard Bearing : Inboard Bearing : - | Outboard Bearing : Onboard Bearing : - | Rotor Bar : - Total Blade - | Foundation : Rigid | AV51: =IF(AS51<=36,"UNIT 1",IF(AS51<=70,"UNIT 2",IF(AS51<=110,"UNIT 3","COMMON"))) -> UNIT 3
A52: REC-051 | B52: AST-050 | C52: FIRE FIGHTING JOCKEY PUMP 3B | E52: ISO 10816-3 (GROUP 2 RIGID) | F52: ISO 10816-3 (GROUP 2 RIGID) | G52: W37 | H52: 45548 | I52: NORMAL | J52: MOTOR | K52: POMPA | L52: FSV2H15A0T65B | M52: 2930 | N52: 11 kW | P52: 6310 C3 | Q52: 6308 C3 | S52: Rigid | T52: 15 HP | V52: 22,2 / 12,8 A | AK52: - | AL52: - | AR52: Pump | AS52: 102 | AT52: KKS kosong pada sumber PDF | AU52: Type, Mfg : FSV2H15A0T65B Type, Mfg. : | Speed : 2930 Speed : | Power : 11 kW Power : | House Power : 15 HP Capacity : | Inboard Bearing : 6310 C3 Inboard Bearing : - | Outboard Bearing : 6308 C3 Onboard Bearing : - | Current : 22,2 / 12,8 A Total Blade - | Foundation : Rigid | AV52: =IF(AS52<=36,"UNIT 1",IF(AS52<=70,"UNIT 2",IF(AS52<=110,"UNIT 3","COMMON"))) -> UNIT 3
A53: REC-052 | B53: AST-051 | C53: FIRE FIGHTING PUMP WITH MOTOR UNIT 3 | E53: ISO 10816-3 (GROUP 2 RIGID) | F53: ISO 10816-3 (GROUP 2 RIGID) | G53: W37 | H53: 45548 | I53: PREWARNING | J53: MOTOR | K53: POMPA | L53: AEEBKB020175FM | M53: 2955 | N53: 132 kW | P53: 6314 C3 | Q53: 6314 C3 | S53: Rigid | T53: 175 HP | V53: 239 - 219 A | AR53: Pump | AS53: 104 | AT53: KKS kosong pada sumber PDF | AU53: Type, Mfg : AEEBKB020175FM Type, Mfg. : | Speed : 2955 Speed : | Power : 132 kW Power : | House Power : 175 HP Capacity : | Inboard Bearing : 6314 C3 Inboard Bearing : | Outboard Bearing : 6314 C3 Onboard Bearing : | Current : 239 - 219 A Total Blade | Foundation : Rigid | AV53: =IF(AS53<=36,"UNIT 1",IF(AS53<=70,"UNIT 2",IF(AS53<=110,"UNIT 3","COMMON"))) -> UNIT 3
A54: REC-053 | B54: AST-052 | C54: FIRE FIGHTING PUMP WITH DIESEL UNIT 3 | E54: ISO 10816-3 (GROUP 2 RIGID) | F54: ISO 10816-3 (GROUP 2 RIGID) | G54: W37 | H54: 45548 | I54: PREWARNING | J54: MOTOR | K54: POMPA | L54: JU6HUE3A | M54: 3000 r/min | P54: - | Q54: - | R54: - | S54: Rigid | U54: 175 BHP | AR54: Pump | AS54: 106 | AT54: KKS kosong pada sumber PDF | AU54: Type, Mfg : JU6HUE3A Type, Mfg. : | Speed : 3000 r/min Speed : | Brake Horse Power : 175 BHP Power : | Bearing Type : Capacity : | Inboard Bearing : - Inboard Bearing : | Outboard Bearing : - Onboard Bearing : | Rotor Bar : - Total Blade | Foundation : Rigid | AV54: =IF(AS54<=36,"UNIT 1",IF(AS54<=70,"UNIT 2",IF(AS54<=110,"UNIT 3","COMMON"))) -> UNIT 3
A55: REC-054 | B55: AST-053 | C55: AC OIL PUMP UNIT 3 | E55: ISO 10816-3 (GROUP 2 RIGID) | F55: ISO 10816-3 (GROUP 2 RIGID) | G55: W37 | H55: 45547 | I55: ALARM | J55: MOTOR | K55: POMPA | L55: AEEBKB020175FM | M55: 2955 | N55: 132 kW | P55: 6314 C3 | Q55: 6314 C3 | S55: Rigid | T55: 175 HP | V55: 239 - 219 A | AR55: Pump | AS55: 108 | AT55: KKS kosong pada sumber PDF | AU55: Type, Mfg : AEEBKB020175FM Type, Mfg. : | Speed : 2955 Speed : | Power : 132 kW Power : | House Power : 175 HP Capacity : | Inboard Bearing : 6314 C3 Inboard Bearing : | Outboard Bearing : 6314 C3 Onboard Bearing : | Current : 239 - 219 A Total Blade | Foundation : Rigid | AV55: =IF(AS55<=36,"UNIT 1",IF(AS55<=70,"UNIT 2",IF(AS55<=110,"UNIT 3","COMMON"))) -> UNIT 3
A56: REC-055 | B56: AST-054 | C56: JACKING OIL PUMP 3A | E56: ISO 10816-3 (GROUP 2 RIGID) | F56: ISO 10816-3 (GROUP 2 RIGID) | G56: W37 | H56: 45547 | I56: NORMAL | J56: MOTOR | K56: POMPA | L56: AEEBKB020175FM | M56: 2955 | N56: 132 kW | P56: 6314 C3 | Q56: 6314 C3 | S56: Rigid | T56: 175 HP | V56: 239 - 219 A | AR56: Pump | AS56: 110 | AT56: KKS kosong pada sumber PDF | AU56: Type, Mfg : AEEBKB020175FM Type, Mfg. : | Speed : 2955 Speed : | Power : 132 kW Power : | House Power : 175 HP Capacity : | Inboard Bearing : 6314 C3 Inboard Bearing : | Outboard Bearing : 6314 C3 Onboard Bearing : | Current : 239 - 219 A Total Blade | Foundation : Rigid | AV56: =IF(AS56<=36,"UNIT 1",IF(AS56<=70,"UNIT 2",IF(AS56<=110,"UNIT 3","COMMON"))) -> UNIT 3
A57: REC-056 | B57: AST-055 | C57: BC 4.1 | D57: LJ00EBA11AF004-001 | E57: ISO 10816-3 (GROUP 2 EXLIBLE) | F57: ISO 10816-3 (GROUP 2 FLEXIBLE) | G57: W38 | H57: 45554 | I57: PREWARNING | J57: MOTOR | K57: POMPA | L57: Y2-200L-4 | M57: 1470 r/min | N57: 30 Kw | O57: Roller Bearing | P57: - | Q57: - | R57: - | S57: Rigid | AC57: 290820 | AE57: - | AF57: 30 Kw | AG57: 300 t/h | AJ57: Roller Bearing | AK57: - | AL57: - | AR57: Belt Conveyor | AS57: 112 | AT57: Class dinormalisasi pada kolom terpisah; nilai sumber dipertahankan | AU57: Type, Mfg : Y2-200L-4 Type, Mfg. : 290820 | Speed : 1470 r/min Speed : - | Power : 30 Kw Power : 30 Kw | Bearing Type : Roller Bearing Capacity : 300 t/h | Inboard Bearing : - Type Bearing : Roller Bearing | Outboard Bearing : - Inboard Bearing : - | Rotor Bar : - Onboard Bearing : - | Foundation : Rigid | AV57: =IF(AS57<=36,"UNIT 1",IF(AS57<=70,"UNIT 2",IF(AS57<=110,"UNIT 3","COMMON"))) -> COMMON
A58: REC-057 | B58: AST-056 | C58: BC 4.2 | D58: LJ00EBA21AF004-001 | E58: ISO 10816-3 (GROUP 2 EXLIBLE) | F58: ISO 10816-3 (GROUP 2 FLEXIBLE) | G58: W36 | H58: 45540 | I58: PREWARNING | J58: MOTOR | K58: DRIVE | L58: Y2-200L-4 | M58: 1470 r/min | N58: 30 Kw | O58: Roller Bearing | P58: - | Q58: - | R58: - | S58: Rigid | AC58: 290820 | AE58: - | AF58: 30 Kw | AG58: 300 t/h | AJ58: Roller Bearing | AK58: - | AL58: - | AR58: Belt Conveyor | AS58: 114 | AT58: Class dinormalisasi pada kolom terpisah; nilai sumber dipertahankan | AU58: Type, Mfg : Y2-200L-4 Type, Mfg. : 290820 | Speed : 1470 r/min Speed : - | Power : 30 Kw Power : 30 Kw | Bearing Type : Roller Bearing Capacity : 300 t/h | Inboard Bearing : - Type Bearing : Roller Bearing | Outboard Bearing : - Inboard Bearing : - | Rotor Bar : - Onboard Bearing : - | Foundation : Rigid | AV58: =IF(AS58<=36,"UNIT 1",IF(AS58<=70,"UNIT 2",IF(AS58<=110,"UNIT 3","COMMON"))) -> COMMON
A59: REC-058 | B59: AST-057 | C59: BC 5.1 | D59: LJ00EBA11AF005-001 | E59: ISO 10816-3 (GROUP 2 EXLIBLE) | F59: ISO 10816-3 (GROUP 2 FLEXIBLE) | G59: W38 | H59: 45555 | I59: PREWARNING | J59: MOTOR | K59: DRIVE | L59: Y2-2805-6 | M59: 980 r/min | N59: 45 Kw | O59: Roller Bearing | P59: - | Q59: - | R59: - | S59: Rigid | AC59: 290822 | AE59: - | AF59: 45 Kw | AG59: 300 t/h | AJ59: Roller Bearing | AK59: - | AL59: - | AR59: Belt Conveyor | AS59: 116 | AT59: Class dinormalisasi pada kolom terpisah; nilai sumber dipertahankan | AU59: Type, Mfg : Y2-2805-6 Type, Mfg. : 290822 | Speed : 980 r/min Speed : - | Power : 45 Kw Power : 45 Kw | Bearing Type : Roller Bearing Capacity : 300 t/h | Inboard Bearing : - Type Bearing : Roller Bearing | Outboard Bearing : - Inboard Bearing : - | Rotor Bar : - Onboard Bearing : - | Foundation : Rigid | AV59: =IF(AS59<=36,"UNIT 1",IF(AS59<=70,"UNIT 2",IF(AS59<=110,"UNIT 3","COMMON"))) -> COMMON
A60: REC-059 | B60: AST-058 | C60: BC 5.2 | D60: LJ00EBA21AF005-001 | E60: ISO 10816-3 (GROUP 2 EXLIBLE) | F60: ISO 10816-3 (GROUP 2 FLEXIBLE) | G60: W36 | H60: 45541 | I60: NORMAL | J60: MOTOR | K60: POMPA | L60: Y2-2805-6 | M60: 980 r/min | N60: 45 Kw | O60: Roller Bearing | P60: - | Q60: - | R60: - | S60: Rigid | AC60: 290822 | AE60: - | AF60: 45 Kw | AG60: 300 t/h | AJ60: Roller Bearing | AK60: - | AL60: - | AR60: Belt Conveyor | AS60: 118 | AT60: Class dinormalisasi pada kolom terpisah; nilai sumber dipertahankan | AU60: Type, Mfg : Y2-2805-6 Type, Mfg. : 290822 | Speed : 980 r/min Speed : - | Power : 45 Kw Power : 45 Kw | Bearing Type : Roller Bearing Capacity : 300 t/h | Inboard Bearing : - Type Bearing : Roller Bearing | Outboard Bearing : - Inboard Bearing : - | Rotor Bar : - Onboard Bearing : - | Foundation : Rigid | AV60: =IF(AS60<=36,"UNIT 1",IF(AS60<=70,"UNIT 2",IF(AS60<=110,"UNIT 3","COMMON"))) -> COMMON
A61: REC-060 | B61: AST-059 | C61: BC 7.1 | D61: LJ00EBA11AF006-001 | E61: ISO 10816-3 (GROUP 2 FLEXIBLE) | F61: ISO 10816-3 (GROUP 2 FLEXIBLE) | G61: W38 | H61: 45555 | I61: PREWARNING | J61: MOTOR | K61: POMPA | L61: Y2-315S-6 | M61: 990 r/min | N61: 75 Kw | O61: Roller Bearing | P61: - | Q61: - | R61: - | S61: Rigid | AC61: 290821 | AE61: - | AF61: 30 Kw | AG61: 300 t/h | AJ61: Roller Bearing | AK61: - | AL61: - | AR61: Belt Conveyor | AS61: 120 | AU61: Type, Mfg : Y2-315S-6 Type, Mfg. : 290821 | Speed : 990 r/min Speed : - | Power : 75 Kw Power : 30 Kw | Bearing Type : Roller Bearing Capacity : 300 t/h | Inboard Bearing : - Type Bearing : Roller Bearing | Outboard Bearing : - Inboard Bearing : - | Rotor Bar : - Onboard Bearing : - | Foundation : Rigid | AV61: =IF(AS61<=36,"UNIT 1",IF(AS61<=70,"UNIT 2",IF(AS61<=110,"UNIT 3","COMMON"))) -> COMMON
A62: REC-061 | B62: AST-060 | C62: BC 7. 2 | D62: LJ00EBA21AF006-001 | E62: ISO 10816-3 (GROUP 2 EXLIBLE) | F62: ISO 10816-3 (GROUP 2 FLEXIBLE) | G62: W36 | H62: 45541 | I62: PREWARNING | J62: MOTOR | K62: POMPA | L62: Y2-315S-6 | M62: 990 r/min | N62: 75 Kw | O62: Roller Bearing | P62: - | Q62: - | R62: - | S62: Rigid | AC62: 290821 | AE62: - | AF62: 30 Kw | AG62: 300 t/h | AJ62: Roller Bearing | AK62: - | AL62: - | AR62: Belt Conveyor | AS62: 122 | AT62: Class dinormalisasi pada kolom terpisah; nilai sumber dipertahankan | AU62: Type, Mfg : Y2-315S-6 Type, Mfg. : 290821 | Speed : 990 r/min Speed : - | Power : 75 Kw Power : 30 Kw | Bearing Type : Roller Bearing Capacity : 300 t/h | Inboard Bearing : - Type Bearing : Roller Bearing | Outboard Bearing : - Inboard Bearing : - | Rotor Bar : - Onboard Bearing : - | Foundation : Rigid | AV62: =IF(AS62<=36,"UNIT 1",IF(AS62<=70,"UNIT 2",IF(AS62<=110,"UNIT 3","COMMON"))) -> COMMON
A63: REC-062 | B63: AST-061 | C63: BC 8.1 | D63: LJ00EBA11AF007-001 | E63: ISO 10816-3 (GROUP 2 FLEXIBLE) | F63: ISO 10816-3 (GROUP 2 FLEXIBLE) | G63: W38 | H63: 45555 | I63: PREWARNING | J63: MOTOR | K63: POMPA | M63: 1460 r/min | N63: 15 Kw | O63: Roller Bearing | P63: - | Q63: - | R63: - | S63: Rigid | AC63: - | AE63: - | AF63: - | AG63: - | AJ63: - | AK63: - | AL63: - | AR63: Belt Conveyor | AS63: 124 | AU63: Type, Mfg : Type, Mfg. : - | Speed : 1460 r/min Speed : - | Power : 15 Kw Power : - | Bearing Type : Roller Bearing Capacity : - | Inboard Bearing : - Type Bearing : - | Outboard Bearing : - Inboard Bearing : - | Rotor Bar : - Onboard Bearing : - | Foundation : Rigid | AV63: =IF(AS63<=36,"UNIT 1",IF(AS63<=70,"UNIT 2",IF(AS63<=110,"UNIT 3","COMMON"))) -> COMMON
A64: REC-063 | B64: AST-062 | C64: BC 8.2 | D64: LJ00EBA21AF007-001 | E64: ISO 10816-3 (GROUP 2 FLEXIBLE) | F64: ISO 10816-3 (GROUP 2 FLEXIBLE) | G64: W36 | H64: 45541 | I64: PREWARNING | J64: MOTOR | K64: POMPA | M64: 1460 r/min | N64: 15 Kw | O64: Roller Bearing | P64: - | Q64: - | R64: - | S64: Rigid | AC64: - | AE64: - | AF64: - | AG64: - | AJ64: - | AK64: - | AL64: - | AR64: Belt Conveyor | AS64: 126 | AU64: Type, Mfg : Type, Mfg. : - | Speed : 1460 r/min Speed : - | Power : 15 Kw Power : - | Bearing Type : Roller Bearing Capacity : - | Inboard Bearing : - Type Bearing : - | Outboard Bearing : - Inboard Bearing : - | Rotor Bar : - Onboard Bearing : - | Foundation : Rigid | AV64: =IF(AS64<=36,"UNIT 1",IF(AS64<=70,"UNIT 2",IF(AS64<=110,"UNIT 3","COMMON"))) -> COMMON
A65: REC-064 | B65: AST-063 | C65: BC 10.1 | D65: LJ00EBA11AF008-001 | E65: ISO 10816-3 (GROUP 2 FLECIBLE) | F65: ISO 10816-3 (GROUP 2 FLEXIBLE) | G65: W38 | H65: 45555 | I65: PREWARNING | J65: MOTOR | K65: POMPA | M65: 1470 r/min | N65: 18.5 Kw | O65: Roller Bearing | P65: - | Q65: - | R65: - | S65: Rigid | AC65: - | AE65: - | AF65: - | AG65: - | AJ65: - | AK65: - | AL65: - | AR65: Belt Conveyor | AS65: 128 | AT65: Class dinormalisasi pada kolom terpisah; nilai sumber dipertahankan | AU65: Type, Mfg : Type, Mfg. : - | Speed : 1470 r/min Speed : - | Power : 18.5 Kw Power : - | Bearing Type : Roller Bearing Capacity : - | Inboard Bearing : - Type Bearing : - | Outboard Bearing : - Inboard Bearing : - | Rotor Bar : - Onboard Bearing : - | Foundation : Rigid | AV65: =IF(AS65<=36,"UNIT 1",IF(AS65<=70,"UNIT 2",IF(AS65<=110,"UNIT 3","COMMON"))) -> COMMON
A66: REC-065 | B66: AST-064 | C66: BC 10.2 | D66: LJ00EBA21AF008-001 | E66: ISO 10816-3 (GROUP 2 FLEXIBLE) | F66: ISO 10816-3 (GROUP 2 FLEXIBLE) | G66: W36 | H66: 45541 | I66: NORMAL | J66: MOTOR | K66: POMPA | M66: 1470 r/min | N66: 18.5 Kw | O66: Roller Bearing | P66: - | Q66: - | R66: - | S66: Rigid | AC66: - | AE66: - | AF66: - | AG66: - | AJ66: - | AK66: - | AL66: - | AR66: Belt Conveyor | AS66: 130 | AU66: Type, Mfg : Type, Mfg. : - | Speed : 1470 r/min Speed : - | Power : 18.5 Kw Power : - | Bearing Type : Roller Bearing Capacity : - | Inboard Bearing : - Type Bearing : - | Outboard Bearing : - Inboard Bearing : - | Rotor Bar : - Onboard Bearing : - | Foundation : Rigid | AV66: =IF(AS66<=36,"UNIT 1",IF(AS66<=70,"UNIT 2",IF(AS66<=110,"UNIT 3","COMMON"))) -> COMMON
A67: REC-066 | B67: AST-065 | C67: ROLLER SCREEN 1 | D67: LJ00EBA21AF008-001 | E67: ISO 10816-3 (GROUP 2 FLECXBLE) | F67: ISO 10816-3 (GROUP 2 FLEXIBLE) | G67: W38 | H67: 45554 | I67: PREWARNING | J67: MOTOR | L67: Y160L-4 | M67: 1460 r/min | N67: 15 Kw | P67: - | Q67: - | R67: - | S67: Flexible | AC67: - | AE67: - | AF67: - | AG67: - | AK67: - | AL67: - | AR67: Roller Screen | AS67: 132 | AT67: Class dinormalisasi pada kolom terpisah; nilai sumber dipertahankan | AU67: Type, Mfg : Y160L-4 Type, Mfg. : - | Speed : 1460 r/min Speed : - | Power : 15 Kw Power : - | Bearing Type : Capacity : - | Inboard Bearing : - Inboard Bearing : - | Outboard Bearing : - Onboard Bearing : - | Rotor Bar : - Total Blade - | Foundation : Flexible | AV67: =IF(AS67<=36,"UNIT 1",IF(AS67<=70,"UNIT 2",IF(AS67<=110,"UNIT 3","COMMON"))) -> COMMON
A68: REC-067 | B68: AST-066 | C68: ROLLER SCREEN 2 | D68: LJ00EBC20AT002-001 | E68: ISO 10816-3 (GROUP 2 FLECIBLE) | F68: ISO 10816-3 (GROUP 2 FLEXIBLE) | G68: W36 | H68: 45540 | I68: PREWARNING | J68: MOTOR | L68: Y160L-4 | M68: 1460 r/min | N68: 15 Kw | P68: - | Q68: - | R68: - | S68: Flexible | AC68: - | AE68: - | AF68: - | AG68: - | AK68: - | AL68: - | AR68: Roller Screen | AS68: 134 | AT68: Class dinormalisasi pada kolom terpisah; nilai sumber dipertahankan | AU68: Type, Mfg : Y160L-4 Type, Mfg. : - | Speed : 1460 r/min Speed : - | Power : 15 Kw Power : - | Bearing Type : Capacity : - | Inboard Bearing : - Inboard Bearing : - | Outboard Bearing : - Onboard Bearing : - | Rotor Bar : - Total Blade - | Foundation : Flexible | AV68: =IF(AS68<=36,"UNIT 1",IF(AS68<=70,"UNIT 2",IF(AS68<=110,"UNIT 3","COMMON"))) -> COMMON
A69: REC-068 | B69: AST-067 | C69: Motor Crusser 185kW 1 | D69: LJ00EBC10AT001-001 | E69: ISO 10816-3 (GROUP 2 FLEXIBLE) | F69: ISO 10816-3 (GROUP 2 FLEXIBLE) | G69: W38 | H69: 45554 | I69: WARNING | J69: MOTOR | K69: CRUSHER | L69: Y2-355L2-8 | M69: 740 r/min | N69: 185Kw | O69: Roller Bearing | R69: - | S69: Rigid | AC69: - | AE69: - | AF69: - | AG69: - | AJ69: - | AK69: - | AL69: - | AR69: Crusher | AS69: 136 | AU69: Type, Mfg : Y2-355L2-8 Type, Mfg. : - | Speed : 740 r/min Speed : - | Power : 185Kw Power : - | Bearing Type : Roller Bearing Capacity : - | Inboard Bearing : Type Bearing : - | Outboard Bearing : Inboard Bearing : - | Rotor Bar : - Onboard Bearing : - | Foundation : Rigid Total Impeler - | AV69: =IF(AS69<=36,"UNIT 1",IF(AS69<=70,"UNIT 2",IF(AS69<=110,"UNIT 3","COMMON"))) -> COMMON
A70: REC-069 | B70: AST-068 | C70: Motor Crusser 185kW 2 | D70: LJ00EBC10AT002-001 | E70: ISO 10816-3 (GROUP 2 FLEXIBLE) | F70: ISO 10816-3 (GROUP 2 FLEXIBLE) | G70: W36 | H70: 45540 | I70: NORMAL | J70: MOTOR | K70: CRUSHER | L70: Y2-355L2-8 | M70: 740 r/min | N70: 185Kw | O70: Roller Bearing | R70: - | S70: Rigid | AC70: - | AE70: - | AF70: - | AG70: - | AJ70: - | AK70: - | AL70: - | AR70: Crusher | AS70: 138 | AU70: Type, Mfg : Y2-355L2-8 Type, Mfg. : - | Speed : 740 r/min Speed : - | Power : 185Kw Power : - | Bearing Type : Roller Bearing Capacity : - | Inboard Bearing : Type Bearing : - | Outboard Bearing : Inboard Bearing : - | Rotor Bar : - Onboard Bearing : - | Foundation : Rigid Total Impeler - | AV70: =IF(AS70<=36,"UNIT 1",IF(AS70<=70,"UNIT 2",IF(AS70<=110,"UNIT 3","COMMON"))) -> COMMON

Sheet Data_Quality
A1: Issue | B1: Record/Asset | C1: Equipment / Source Value | D1: KKS | E1: Source Page(s) | F1: Keterangan
A2: KKS kosong | B2: REC-018 | C2: AC OIL PUMP UNIT 1 | E2: 36 | F2: KKS memang kosong pada sumber PDF
A3: KKS kosong | B3: REC-034 | C3: ACA OIL PUMP UNIT 2 | E3: 68 | F3: KKS memang kosong pada sumber PDF
A4: KKS kosong | B4: REC-035 | C4: ACA OIL PUMP UNIT 2 | E4: 70 | F4: KKS memang kosong pada sumber PDF
A5: KKS kosong | B5: REC-041 | C5: Turbin-Generator#3 | E5: 82 | F5: KKS memang kosong pada sumber PDF
A6: KKS kosong | B6: REC-051 | C6: FIRE FIGHTING JOCKEY PUMP 3B | E6: 102 | F6: KKS memang kosong pada sumber PDF
A7: KKS kosong | B7: REC-052 | C7: FIRE FIGHTING PUMP WITH MOTOR UNIT 3 | E7: 104 | F7: KKS memang kosong pada sumber PDF
A8: KKS kosong | B8: REC-053 | C8: FIRE FIGHTING PUMP WITH DIESEL UNIT 3 | E8: 106 | F8: KKS memang kosong pada sumber PDF
A9: KKS kosong | B9: REC-054 | C9: AC OIL PUMP UNIT 3 | E9: 108 | F9: KKS memang kosong pada sumber PDF
A10: KKS kosong | B10: REC-055 | C10: JACKING OIL PUMP 3A | E10: 110 | F10: KKS memang kosong pada sumber PDF
A11: Metadata aset berulang | B11: AST-034 | C11: ACA OIL PUMP UNIT 2 | E11: 68, 70 | F11: Report record dipertahankan terpisah
A12: Spelling class sumber | B12: - | C12: ISO 10816-3 (GROUP 1 RIGID)) | E12: 27 | F12: Normalized: ISO 10816-3 (GROUP 1 RIGID)
A13: Spelling class sumber | B13: - | C13: ISO 10816-3 (GROUP 2 EXLIBLE) | E13: 112 | F13: Normalized: ISO 10816-3 (GROUP 2 FLEXIBLE)
... A15: Spelling class sumber | B15: - | C15: ISO 10816-3 (GROUP 2 FLECXBLE) | E15: 132 | F15: Normalized: ISO 10816-3 (GROUP 2 FLEXIBLE)

Sheet Field_Dictionary
A1: Field | B1: Jenis | C1: Keterangan
A2: Asset ID | B2: Derived | C2: ID internal AST-xxx untuk identitas aset berdasarkan Equipment + KKS.
A3: Record ID | B3: Derived | C3: ID REC-xxx untuk setiap halaman DETAIL REPORT VIBRASI.
A4: Equipment | B4: Source | C4: Nama EQUIPMENT persis dari PDF.
A5: KKS | B5: Source | C5: Kode KKS; blank dipertahankan bila sumber kosong.
A6: Equipment Class (Source) | B6: Source | C6: Class/standard persis dari PDF, termasuk spelling/typo.
A7: Equipment Class (Normalized) | B7: Derived | C7: Normalisasi spelling class agar mudah difilter; tidak mengganti nilai sumber.
A8: PM Week | B8: Source | C8: PM WEEK pada report.
A9: Measurement Date | B9: Source | C9: TGL PENGUKURAN pada report.
A10: Status Vibrasi | B10: Source | C10: NORMAL / PREWARNING / WARNING / ALARM pada report.
A11: Component 1 / Component 2 | B11: Source | C11: Heading pasangan equipment seperti MOTOR-FAN, MOTOR-POMPA, GENERATOR-TURBINE.
A12: C1 ... / C2 ... | B12: Source | C12: Spesifikasi kiri/kanan: Type/Mfg, Speed, Power, Bearing, Capacity, Pressure, dll.
... A17: Grouped Sheets | B17: View | C17: Sheet UNIT_1, UNIT_2, UNIT_3, dan COMMON adalah tampilan ringkas aset berdasarkan Unit Group; Asset_Master tetap menyimpan data lengkap.

Sheet UNIT_1
A1: Unit Group | B1: Asset ID | C1: Equipment | D1: KKS | E1: Asset Category | F1: Equipment Class | G1: PM Week | H1: Measurement Date | I1: Status Vibrasi | J1: Component 1 | K1: C1 Type/Mfg | L1: C1 Speed | M1: C1 Power | N1: C1 Bearing Type | O1: C1 Inboard Bearing | P1: C1 Outboard Bearing | Q1: C1 Foundation | R1: Component 2 | S1: C2 Type/Mfg | T1: C2 Speed | U1: C2 Power | V1: C2 Capacity | W1: Source Pages
A2: UNIT 1 | B2: AST-001 | C2: Motor ID Fan 1#1 | D2: LJ10HNC10AN001-001 | E2: Fan | F2: ISO 10816-3 (GROUP 1 RIGID) | G2: W37 | H2: 2024-09-09 | I2: NORMAL | J2: MOTOR | K2: YKK4003-4 | L2: 985 | M2: 355 Kw | O2: NU324 | P2: 6324 | Q2: Rigid | R2: FAN | W2: 1
A3: UNIT 1 | B3: AST-002 | C3: Motor ID Fan 2#1 | D3: LJ10HNC10AN002-001 | E3: Fan | F3: ISO 10816-3 (GROUP 1 RIGID) | G3: W39 | H3: 2024-09-23 | I3: PREWARNING | J3: MOTOR | K3: YKK4003-4 | L3: 985 | M3: 355 Kw | O3: NU324 | P3: 6324 | Q3: Rigid | R3: FAN | W3: 3
A4: UNIT 1 | B4: AST-003 | C4: Motor Primary Air Fan 1#1 | D4: LJ10HLB10AN001-001 | E4: Fan | F4: ISO 10816-3 (GROUP 1 RIGID) | G4: W37 | H4: 2024-09-09 | I4: NORMAL | J4: MOTOR | K4: YKK 4001-4 | L4: 1480 r/min | M4: 280 kW | N4: Roller Bearing | O4: NU324 | P4: 6224 | Q4: Rigid | R4: FAN | S4: QALG-217D | T4: 1450 r/min | W4: 5
A5: UNIT 1 | B5: AST-004 | C5: Motor Primary Air Fan 2#1 | D5: LJ10HLB10AN002-001 | E5: Fan | F5: ISO 10816-3 (GROUP 1 RIGID) | G5: W39 | H5: 2024-09-23 | I5: NORMAL | J5: MOTOR | K5: YKK 4001-4 | L5: 1480 r/min | M5: 280 kW | N5: Roller Bearing | O5: NU324 | P5: 6224 | Q5: Rigid | R5: FAN | S5: QALG-217D | T5: 1450 r/min | W5: 7
A6: UNIT 1 | B6: AST-005 | C6: Motor Secondary Air Fan 1#1 | D6: LJ10HLB10AN003-001 | E6: Fan | F6: ISO 10816-3 (GROUP 1 RIGID) | G6: W37 | H6: 2024-09-09 | I6: NORMAL | J6: MOTOR | K6: YKK 4001-4 | L6: 1480 r/min | M6: 280 kW | N6: Roller Bearing | O6: NU324 | P6: 6224 | Q6: Rigid | R6: FAN | S6: QALG-217D | T6: 1450 r/min | W6: 9
A7: UNIT 1 | B7: AST-006 | C7: Motor Secondary Air Fan 2#1 | D7: LJ10HLB10AN004-001 | E7: Fan | F7: ISO 10816-3 (GROUP 1 RIGID) | G7: W39 | H7: 2024-09-23 | I7: PREWARNING | J7: MOTOR | K7: YKK 4001-4 | L7: 1480 r/min | M7: 280 kW | N7: Roller Bearing | O7: NU324 | P7: 6224 | Q7: Rigid | R7: FAN | S7: QALG-217D | T7: 1450 r/min | W7: 11
A8: UNIT 1 | B8: AST-007 | C8: Turbin-Generator#1 | D8: LJ10MAA10HB010-001 | E8: Turbine-Generator | F8: ISO 10816-2 | G8: W37 | H8: 2024-09-09 | I8: NORMAL | J8: GENERATOR | K8: China Changjiang Energy Corp. | R8: TURBINE | T8: 3000 r/min | W8: 13
A9: UNIT 1 | B9: AST-008 | C9: Motor Condensat Pump 2#1 | D9: LJ10LCB10AP020-001 | E9: Pump | F9: ISO 10816-3 (GROUP 2 RIGID) | G9: W36 | H9: 2024-09-02 | I9: PREWARNING | J9: MOTOR | K9: YLB 250-2-4 | L9: 1430 rpm | M9: 75 kW | N9: - | O9: - | P9: - | Q9: Rigid | R9: POMPA | S9: 5LDIN | T9: 1480 rpm | U9: 53 kW | V9: 120 m3/h | W9: 15
A10: UNIT 1 | B10: AST-009 | C10: Motor Vacuum Pump 1#1 | D10: LJ10MAG10AP011-001 | E10: Pump | F10: ISO 10816-3 (GROUP 2 RIGID) | G10: W39 | H10: 2024-09-23 | I10: NORMAL | J10: MOTOR | K10: Y2 - 250-6 | L10: 980 rpm | M10: 37 kW | Q10: Rigid | R10: POMPA | W10: 17
A11: UNIT 1 | B11: AST-010 | C11: Motor Vacuum Pump 2#1 | D11: LJ10MAG10AP012-001 | E11: Pump | F11: ISO 10816-3 (GROUP 2 RIGID) | G11: W39 | H11: 2024-09-23 | I11: NORMAL | J11: MOTOR | K11: Y2 - 250-6 | L11: 980 rpm | M11: 37 kW | Q11: Rigid | R11: POMPA | W11: 19
A12: UNIT 1 | B12: AST-011 | C12: Motor Boiler Feed Pump 1#1 | D12: LJ10LAC10AP001-001 | E12: Pump | F12: ISO 10816-3 (GROUP 1 RIGID) | G12: W36 | H12: 2024-09-02 | I12: NORMAL | J12: MOTOR | K12: SY23372-1028, QINGJIANG | L12: 2980 rpm | M12: 1000 | O12: NU 224EC | P12: 6224/C3 | Q12: Rigid | R12: POMPA | S12: SHENYANG AST PUMP MANUFACTURING CO.,LTD | T12: 2980 rpm | V12: 140 | W12: 21
A13: UNIT 1 | B13: AST-012 | C13: Motor CCCWP 1#1 | D13: LJ10PGB10AP001-001 | E13: Pump | F13: ISO 10816-3 (GROUP 2 RIGID) | G13: W37 | H13: 2024-09-10 | I13: PREWARNING | J13: MOTOR | K13: Y2 - 280-4 | L13: 980 rpm | M13: 75 kW | N13: - | O13: - | P13: - | Q13: Rigid | R13: POMPA | W13: 23
A14: UNIT 1 | B14: AST-013 | C14: Motor CCCWP 2#1 | D14: LJ10PGB10AP002-001 | E14: Pump | F14: ISO 10816-3 (GROUP 2 RIGID) | G14: W39 | H14: 2024-09-24 | I14: NORMAL | J14: MOTOR | K14: Y2 - 280-4 | L14: 980 rpm | M14: 75 kW | Q14: Rigid | R14: POMPA | W14: 25
A15: UNIT 1 | B15: AST-014 | C15: Motor CWP 355 Kw 1#1 | D15: LJ10PAC10AP001-001 | E15: Pump | F15: ISO 10816-3 (GROUP 1 RIGID) | G15: W39 | H15: 2024-09-24 | I15: PREWARNING | J15: MOTOR | K15: YLKK400-6 | L15: 991 | M15: 315 | Q15: Rigid | R15: POMPA | W15: 27
A16: UNIT 1 | B16: AST-015 | C16: Motor CWP 355 Kw 2#1 | D16: LJ10PAC10AP002-001 | E16: Pump | F16: ISO 10816-3 (GROUP 1 RIGID) | G16: W37 | H16: 2024-09-10 | I16: NORMAL | J16: MOTOR | K16: YLKK400-6 | L16: 991 | M16: 315 | Q16: Rigid | R16: POMPA | W16: 29
A17: UNIT 1 | B17: AST-016 | C17: Motor BWRO 1#1 | D17: LJ10GCK10AP005-001 | E17: Pump | F17: ISO 10816-3 (GROUP 2 RIGID) | G17: W37 | H17: 2024-09-10 | I17: PREWARNING | J17: MOTOR | K17: AEUBKG020015FMBP3 | L17: 2920 r/min | M17: 11 kw | N17: Roller Bearing | O17: 7309B | P17: 6307C3 | Q17: Rigid | R17: POMPA | S17: A96536974P11003 | T17: 2920 r/min | U17: 11 Kw | V17: 21 m3/h | W17: 32
A18: UNIT 1 | B18: AST-017 | C18: Motor SWRO 2#1 | D18: LJ10GCK10AP008-001 | E18: Pump | F18: ISO 10816-3 (GROUP 2 RIGID) | G18: W39 | H18: 2024-09-24 | I18: NORMAL | J18: MOTOR | L18: 2970 r/min | M18: 75 | Q18: Rigid | R18: POMPA | W18: 34
A19: UNIT 1 | B19: AST-018 | C19: AC OIL PUMP UNIT 1 | E19: Pump | F19: ISO 10816-3 (GROUP 2 RIGID) | G19: W38 | H19: 2024-09-16 | I19: PREWARNING | J19: MOTOR | K19: Y2 - 250-6 | L19: 980 rpm | M19: 37 kW | Q19: Rigid | R19: POMPA | W19: 36

Sheet UNIT_2
A1: Unit Group | B1: Asset ID | C1: Equipment | D1: KKS | E1: Asset Category | F1: Equipment Class | G1: PM Week | H1: Measurement Date | I1: Status Vibrasi | J1: Component 1 | K1: C1 Type/Mfg | L1: C1 Speed | M1: C1 Power | N1: C1 Bearing Type | O1: C1 Inboard Bearing | P1: C1 Outboard Bearing | Q1: C1 Foundation | R1: Component 2 | S1: C2 Type/Mfg | T1: C2 Speed | U1: C2 Power | V1: C2 Capacity | W1: Source Pages
A2: UNIT 2 | B2: AST-019 | C2: Motor ID Fan 1#2 | D2: LJ20HNC10AN001-001 | E2: Fan | F2: ISO 10816-3 (GROUP 1 RIGID) | G2: W39 | H2: 2024-09-24 | I2: NORMAL | J2: MOTOR | K2: YKK4003-4 | L2: 985 | M2: 355 Kw | O2: NU324 | P2: 6324 | Q2: Rigid | R2: FAN | W2: 38
A3: UNIT 2 | B3: AST-020 | C3: Motor ID Fan 2#2 | D3: LJ20HNC10AN002-001 | E3: Fan | F3: ISO 10816-3 (GROUP 1 RIGID) | G3: W37 | H3: 2024-09-10 | I3: PREWARNING | J3: MOTOR | K3: YKK4003-4 | L3: 985 | M3: 355 Kw | O3: NU324 | P3: 6324 | Q3: Rigid | R3: FAN | W3: 40
A4: UNIT 2 | B4: AST-021 | C4: Motor Primary Air Fan 1#2 | D4: LJ20HLB10AN001-001 | E4: Fan | F4: ISO 10816-3 (GROUP 1 RIGID) | G4: W39 | H4: 2024-09-25 | I4: NORMAL | J4: MOTOR | K4: YKK 4001-4 | L4: 1480 r/min | M4: 280 kW | N4: Roller Bearing | O4: NU324 | P4: 6224 | Q4: Rigid | R4: FAN | S4: QALG-217D | T4: 1450 r/min | W4: 42
A5: UNIT 2 | B5: AST-022 | C5: Motor Primary Air Fan 2#2 | D5: LJ20HLB10AN002-001 | E5: Fan | F5: ISO 10816-3 (GROUP 1 RIGID) | G5: W37 | H5: 2024-09-11 | I5: NORMAL | J5: MOTOR | K5: YKK 4001-4 | L5: 1480 r/min | M5: 280 kW | N5: Roller Bearing | O5: NU324 | P5: 6224 | Q5: Rigid | R5: FAN | S5: QALG-217D | T5: 1450 r/min | W5: 44
A6: UNIT 2 | B6: AST-023 | C6: Motor Secondary Air Fan 1#2 | D6: LJ20HLB10AN003-001 | E6: Fan | F6: ISO 10816-3 (GROUP 1 RIGID) | G6: W39 | H6: 2024-09-25 | I6: PREWARNING | J6: MOTOR | K6: YKK 4001-4 | L6: 1480 r/min | M6: 280 kW | N6: Roller Bearing | O6: NU324 | P6: 6224 | Q6: Rigid | R6: FAN | S6: QALG-217D | T6: 1450 r/min | W6: 46
A7: UNIT 2 | B7: AST-024 | C7: Motor Secondary Air Fan 2#2 | D7: LJ20HLB10AN004-001 | E7: Fan | F7: ISO 10816-3 (GROUP 1 RIGID) | G7: W37 | H7: 2024-09-11 | I7: NORMAL | J7: MOTOR | K7: YKK 4001-4 | L7: 1480 r/min | M7: 280 kW | N7: Roller Bearing | O7: NU324 | P7: 6224 | Q7: Rigid | R7: FAN | S7: QALG-217D | T7: 1450 r/min | W7: 48
A8: UNIT 2 | B8: AST-025 | C8: Turbin-Generator#2 | D8: LJ20MAA10HB010-001 | E8: Turbine-Generator | F8: ISO 10816-2 | G8: W39 | H8: 2024-09-25 | I8: PREWARNING | J8: GENERATOR | K8: China Changjiang Energy Corp. | R8: TURBINE | T8: 3000 r/min | W8: 50
A9: UNIT 2 | B9: AST-026 | C9: Motor Condensat Pump 1#2 | D9: LJ20LCB10AP010-001 | E9: Pump | F9: ISO 10816-3 (GROUP 2 RIGID) | G9: W36 | H9: 2024-09-02 | I9: NORMAL | J9: MOTOR | K9: YLB 250-2-4 | L9: 1430 rpm | M9: 75 kW | N9: - | O9: - | P9: - | Q9: Rigid | R9: POMPA | W9: 52
A10: UNIT 2 | B10: AST-027 | C10: Motor Vacuum Pump 1#2 | D10: LJ20MAG10AP011-001 | E10: Pump | F10: ISO 10816-3 (GROUP 2 RIGID) | G10: W39 | H10: 2024-09-26 | I10: PREWARNING | J10: MOTOR | K10: Y2 - 250-6 | L10: 980 rpm | M10: 37 kW | Q10: Rigid | R10: POMPA | W10: 54
A11: UNIT 2 | B11: AST-028 | C11: Motor Vacuum Pump 2#2 | D11: LJ20MAG10AP012-001 | E11: Pump | F11: ISO 10816-3 (GROUP 2 RIGID) | G11: W39 | H11: 2024-09-26 | I11: PREWARNING | J11: MOTOR | K11: Y2 - 250-6 | L11: 980 rpm | M11: 37 kW | Q11: Rigid | R11: POMPA | W11: 56
A12: UNIT 2 | B12: AST-029 | C12: Motor Boiler Feed Pump 2#2 | D12: LJ20LAC10AP002-001 | E12: Pump | F12: ISO 10816-3 (GROUP 1 RIGID) | G12: W36 | H12: 2024-09-02 | I12: PREWARNING | J12: MOTOR | K12: SY23372-1028, QINGJIANG | L12: 2980 rpm | M12: 1000 | O12: NU 224EC | P12: 6224/C3 | Q12: Rigid | R12: FAN | S12: SHENYANG AST PUMP MANUFACTURING CO.,LTD | T12: 2980 rpm | V12: 140 | W12: 58
A13: UNIT 2 | B13: AST-030 | C13: Motor CCCWP 1#2 | D13: LJ20PGB10AP001-001 | E13: Pump | F13: ISO 10816-3 (GROUP 2 RIGID) | G13: W39 | H13: 2024-09-26 | I13: PREWARNING | J13: MOTOR | K13: Y2 - 280-4 | L13: 980 rpm | M13: 75 kW | N13: - | O13: - | P13: - | Q13: Rigid | R13: POMPA | W13: 60
A14: UNIT 2 | B14: AST-031 | C14: Motor CCCWP 2#2 | D14: LJ20PGB10AP002-001 | E14: Pump | F14: ISO 10816-3 (GROUP 2 RIGID) | G14: W39 | H14: 2024-09-26 | I14: PREWARNING | J14: MOTOR | K14: Y2 - 280-4 | L14: 980 rpm | M14: 75 kW | Q14: Rigid | R14: POMPA | W14: 62
A15: UNIT 2 | B15: AST-032 | C15: Motor CWP 355 Kw 1#2 | D15: LJ20PAC10AP001-001 | E15: Pump | F15: ISO 10816-3 (GROUP 1 RIGID) | G15: W38 | H15: 2024-09-17 | I15: NORMAL | J15: MOTOR | K15: YLKK400-6 | L15: 991 | M15: 315 | Q15: Rigid | R15: POMPA | W15: 64
A16: UNIT 2 | B16: AST-033 | C16: Motor CWP 355 Kw 2#2 | D16: LJ20PAC10AP002-001 | E16: Pump | F16: ISO 10816-3 (GROUP 1 RIGID) | G16: W36 | H16: 2024-09-02 | I16: NORMAL | J16: MOTOR | K16: YLKK400-6 | L16: 991 | M16: 315 | Q16: Rigid | R16: POMPA | W16: 66
A17: UNIT 2 | B17: AST-034 | C17: ACA OIL PUMP UNIT 2 | E17: Pump | F17: ISO 10816-3 (GROUP 2 RIGID) | G17: W38 | H17: 2024-09-17 | I17: PREWARNING | J17: MOTOR | K17: Y2 - 250-6 | L17: 980 rpm | M17: 37 kW | Q17: Rigid | R17: POMPA | W17: 68, 70

Sheet UNIT_3
A1: Unit Group | B1: Asset ID | C1: Equipment | D1: KKS | E1: Asset Category | F1: Equipment Class | G1: PM Week | H1: Measurement Date | I1: Status Vibrasi | J1: Component 1 | K1: C1 Type/Mfg | L1: C1 Speed | M1: C1 Power | N1: C1 Bearing Type | O1: C1 Inboard Bearing | P1: C1 Outboard Bearing | Q1: C1 Foundation | R1: Component 2 | S1: C2 Type/Mfg | T1: C2 Speed | U1: C2 Power | V1: C2 Capacity | W1: Source Pages
A2: UNIT 3 | B2: AST-035 | C2: Motor ID Fan 1#3 | D2: LJ03HNC10AN001-001 | E2: Fan | F2: ISO 10816-3 (GROUP 1 RIGID) | G2: W38 | H2: 2024-09-17 | I2: NORMAL | J2: MOTOR | K2: YKK 4504-6 | L2: 990 | M2: 450 | N2: Roller Bearing | O2: NU228E/C3 | P2: 6226/C3 | Q2: Rigid | R2: FAN | S2: 25 SB-P | T2: 2980 r/min | V2: 165 m3/h | W2: 72
A3: UNIT 3 | B3: AST-036 | C3: Motor ID Fan 2#3 | D3: LJ03HNC20AN001-001 | E3: Fan | F3: ISO 10816-3 (GROUP 1 RIGID) | G3: W36 | H3: 2024-09-03 | I3: NORMAL | J3: MOTOR | K3: YKK 4504-6 | L3: 990 | M3: 450 | N3: Roller Bearing | O3: NU228E/C3 | P3: 6226/C3 | Q3: Rigid | R3: FAN | S3: 25 SB-P | T3: 2980 r/min | V3: 165 m3/h | W3: 74
A4: UNIT 3 | B4: AST-037 | C4: Motor Primary Air Fan#3 | D4: LJ03HLB10AN001-001 | E4: Fan | F4: ISO 10816-3 (GROUP 1 RIGID) | G4: W36 | H4: 2024-09-03 | I4: PREWARNING | J4: MOTOR | K4: YKK 4504-4 | L4: 1490 | M4: 630 | N4: Roller Bearing | O4: NU226E/C3 | P4: 6228/C3 | Q4: Rigid | R4: FAN | S4: G6-30 19.50 | T4: 1485 r/min | U4: 630 Kw | W4: 76
A5: UNIT 3 | B5: AST-038 | C5: Motor Secondary Air Fan#3 | D5: LJ03HLB20AN001-001 | E5: Fan | F5: ISO 10816-3 (GROUP 1 RIGID) | G5: W39 | H5: 2024-09-26 | I5: PREWARNING | J5: MOTOR | K5: YKK 4504-4 | L5: 1485 | M5: 400 | N5: Roller Bearing | O5: NU224EC | P5: 6224/C3 | Q5: Rigid | R5: FAN | S5: G6-40 16.20 | T5: 1485 r/min | U5: 400 Kw | W5: 78
A6: UNIT 3 | B6: AST-039 | C6: Motor Recirculating Air Fan 2#3 | D6: LJ03PAD11AN001-001 | E6: Fan | F6: ISO 10816-3 (GROUP 2 RIGID) | G6: W36 | H6: 2024-09-03 | I6: PREWARNING | J6: MOTOR | K6: Y2-250M-4-B3 | L6: 1480 | M6: 55 | N6: Ball Bearing | O6: 6314/CM | P6: 6313/CM | Q6: Rigid | R6: FAN | W6: 80
A7: UNIT 3 | B7: AST-040 | C7: Turbin-Generator#3 | E7: Turbine-Generator | F7: ISO 10816-2 (GROUP 2 RIGID) | G7: W37 | H7: 2024-09-11 | I7: NORMAL | J7: TURBINE | K7: Luoyang Generating Equipment Co., Ltd | R7: GENERATOR | T7: 3000 r/min | W7: 82
A8: UNIT 3 | B8: AST-041 | C8: Motor Condensat Pump 1#3 | D8: LJ03LCB10AP001-001 | E8: Pump | F8: ISO 10816-3 (GROUP 2 RIGID) | G8: W36 | H8: 2024-09-03 | I8: PREWARNING | J8: MOTOR | K8: HN2-225 | L8: 2970 r/min | M8: 45 Kw | N8: Roller Bearing | O8: 6313-2z | P8: 6313-2z | Q8: Rigid | R8: POMPA | S8: Shandong Shuanglun Group Co.,Ltd | T8: 2950 r/min | U8: 45 Kw | V8: 52.5 m2/h | W8: 84
A9: UNIT 3 | B9: AST-042 | C9: Motor Condensat Pump 2#3 | D9: LJ03LCB10AP002-001 | E9: Pump | F9: ISO 10816-3 (GROUP 2 RIGID) | G9: W38 | H9: 2024-09-18 | I9: PREWARNING | J9: MOTOR | K9: HN2-225 | L9: 2970 r/min | M9: 45 Kw | N9: Roller Bearing | O9: 6313-2z | P9: 6313-2z | Q9: Rigid | R9: POMPA | S9: Shandong Shuanglun Group Co.,Ltd | T9: 2950 r/min | U9: 45 Kw | V9: 52.5 m2/h | W9: 86
A10: UNIT 3 | B10: AST-043 | C10: Motor Water jet Pump 2#3 | D10: LJ03MAJ10AP002-001 | E10: Pump | F10: ISO 10816-3 (GROUP 2 RIGID) | G10: W38 | H10: 2024-09-18 | I10: NORMAL | J10: MOTOR | K10: HM2-20012-2 | L10: 2950 r/min | M10: 37 Kw | N10: Roller Bearing | O10: 6313 | P10: 6313 | Q10: Rigid | R10: POMPA | S10: S125.100-200A | T10: 2900 r/min | U10: 37 Kw | V10: 160 m2/h | W10: 88
A11: UNIT 3 | B11: AST-044 | C11: Motor Boiler Feed Pump 1#3 | D11: LJ03LAB11AP001-001 | E11: Pump | F11: ISO 10816-3 (GROUP 1 RIGID) | G11: W38 | H11: 2024-09-18 | I11: PREWARNING | J11: MOTOR | K11: YKS450-2 | L11: 2979 r/min | M11: 1000 Kw | N11: Roller Bearing | O11: NU1022M/C3 6022/c3 | P11: NU1022M/C3 6022/c3 | Q11: Rigid | R11: POMPA | S11: 25SB-P | T11: 2980 r/min | U11: 822 Kw | V11: 165 m2/h | W11: 90
A12: UNIT 3 | B12: AST-045 | C12: Motor CCWP 1#3 | D12: LJ00PGB11AP001-001 | E12: Pump | F12: ISO 10816-3 (GROUP 2 RIGID) | G12: W39 | H12: 2024-09-26 | I12: PREWARNING | J12: MOTOR | K12: EN60034 IEC 60034/60072 | L12: 1480 r/min | M12: 55 Kw | N12: Roller Bearing | O12: - | P12: - | Q12: Rigid | R12: POMPA | S12: 200SS35 | T12: 1480 r/min | U12: 55 Kw | V12: 500 m2/h | W12: 92
A13: UNIT 3 | B13: AST-046 | C13: Motor CCWP 2#3 | D13: LJ00PGB21AP001-001 | E13: Pump | F13: ISO 10816-3 (GROUP 2 RIGID) | G13: W36 | H13: 2024-09-04 | I13: PREWARNING | J13: MOTOR | K13: EN60034 IEC 60034/60072 | L13: 1480 r/min | M13: 55 Kw | N13: Roller Bearing | O13: - | P13: - | Q13: Rigid | R13: POMPA | S13: 200SS35 | T13: 1480 r/min | U13: 55 Kw | V13: 500 m2/h | W13: 94
A14: UNIT 3 | B14: AST-047 | C14: Motor CWP 355 Kw 1#3 | D14: LJ00PAB11AP001-001 | E14: Pump | F14: ISO 10816-3 (GROUP 1 RIGID) | G14: W38 | H14: 2024-09-19 | I14: PREWARNING | J14: MOTOR | K14: YKKL-450-6TH | L14: 989 | M14: 355 | N14: Roller Bearing | O14: 6226 | P14: 7330B | Q14: Rigid | R14: POMPA | W14: 96
A15: UNIT 3 | B15: AST-048 | C15: Motor BWRO 1#3 | D15: LJ00GCK21AP001-001 | E15: Pump | F15: ISO 10816-3 (GROUP 2 RIGID) | G15: W39 | H15: 2024-09-26 | I15: PREWARNING | J15: MOTOR | K15: DPVSF18-120 | L15: 2924 | M15: 11 | N15: Roller Bearing | Q15: Rigid | R15: POMPA | W15: 98
A16: UNIT 3 | B16: AST-049 | C16: Motor SWRO 1#3 | D16: LJ00GCF11AT002-001 | E16: Pump | F16: ISO 10816-3 (GROUP 2 RIGID) | G16: W39 | H16: 2024-09-26 | I16: NORMAL | J16: MOTOR | Q16: Rigid | R16: POMPA | W16: 100
A17: UNIT 3 | B17: AST-050 | C17: FIRE FIGHTING JOCKEY PUMP 3B | E17: Pump | F17: ISO 10816-3 (GROUP 2 RIGID) | G17: W37 | H17: 2024-09-13 | I17: NORMAL | J17: MOTOR | K17: FSV2H15A0T65B | L17: 2930 | M17: 11 kW | O17: 6310 C3 | P17: 6308 C3 | Q17: Rigid | R17: POMPA | W17: 102
A18: UNIT 3 | B18: AST-051 | C18: FIRE FIGHTING PUMP WITH MOTOR UNIT 3 | E18: Pump | F18: ISO 10816-3 (GROUP 2 RIGID) | G18: W37 | H18: 2024-09-13 | I18: PREWARNING | J18: MOTOR | K18: AEEBKB020175FM | L18: 2955 | M18: 132 kW | O18: 6314 C3 | P18: 6314 C3 | Q18: Rigid | R18: POMPA | W18: 104
A19: UNIT 3 | B19: AST-052 | C19: FIRE FIGHTING PUMP WITH DIESEL UNIT 3 | E19: Pump | F19: ISO 10816-3 (GROUP 2 RIGID) | G19: W37 | H19: 2024-09-13 | I19: PREWARNING | J19: MOTOR | K19: JU6HUE3A | L19: 3000 r/min | O19: - | P19: - | Q19: Rigid | R19: POMPA | W19: 106
A20: UNIT 3 | B20: AST-053 | C20: AC OIL PUMP UNIT 3 | E20: Pump | F20: ISO 10816-3 (GROUP 2 RIGID) | G20: W37 | H20: 2024-09-12 | I20: ALARM | J20: MOTOR | K20: AEEBKB020175FM | L20: 2955 | M20: 132 kW | O20: 6314 C3 | P20: 6314 C3 | Q20: Rigid | R20: POMPA | W20: 108
A21: UNIT 3 | B21: AST-054 | C21: JACKING OIL PUMP 3A | E21: Pump | F21: ISO 10816-3 (GROUP 2 RIGID) | G21: W37 | H21: 2024-09-12 | I21: NORMAL | J21: MOTOR | K21: AEEBKB020175FM | L21: 2955 | M21: 132 kW | O21: 6314 C3 | P21: 6314 C3 | Q21: Rigid | R21: POMPA | W21: 110

Sheet COMMON
A1: Unit Group | B1: Asset ID | C1: Equipment | D1: KKS | E1: Asset Category | F1: Equipment Class | G1: PM Week | H1: Measurement Date | I1: Status Vibrasi | J1: Component 1 | K1: C1 Type/Mfg | L1: C1 Speed | M1: C1 Power | N1: C1 Bearing Type | O1: C1 Inboard Bearing | P1: C1 Outboard Bearing | Q1: C1 Foundation | R1: Component 2 | S1: C2 Type/Mfg | T1: C2 Speed | U1: C2 Power | V1: C2 Capacity | W1: Source Pages
A2: COMMON | B2: AST-055 | C2: BC 4.1 | D2: LJ00EBA11AF004-001 | E2: Belt Conveyor | F2: ISO 10816-3 (GROUP 2 FLEXIBLE) | G2: W38 | H2: 2024-09-19 | I2: PREWARNING | J2: MOTOR | K2: Y2-200L-4 | L2: 1470 r/min | M2: 30 Kw | N2: Roller Bearing | O2: - | P2: - | Q2: Rigid | R2: POMPA | S2: 290820 | T2: - | U2: 30 Kw | V2: 300 t/h | W2: 112
A3: COMMON | B3: AST-056 | C3: BC 4.2 | D3: LJ00EBA21AF004-001 | E3: Belt Conveyor | F3: ISO 10816-3 (GROUP 2 FLEXIBLE) | G3: W36 | H3: 2024-09-05 | I3: PREWARNING | J3: MOTOR | K3: Y2-200L-4 | L3: 1470 r/min | M3: 30 Kw | N3: Roller Bearing | O3: - | P3: - | Q3: Rigid | R3: DRIVE | S3: 290820 | T3: - | U3: 30 Kw | V3: 300 t/h | W3: 114
A4: COMMON | B4: AST-057 | C4: BC 5.1 | D4: LJ00EBA11AF005-001 | E4: Belt Conveyor | F4: ISO 10816-3 (GROUP 2 FLEXIBLE) | G4: W38 | H4: 2024-09-20 | I4: PREWARNING | J4: MOTOR | K4: Y2-2805-6 | L4: 980 r/min | M4: 45 Kw | N4: Roller Bearing | O4: - | P4: - | Q4: Rigid | R4: DRIVE | S4: 290822 | T4: - | U4: 45 Kw | V4: 300 t/h | W4: 116
A5: COMMON | B5: AST-058 | C5: BC 5.2 | D5: LJ00EBA21AF005-001 | E5: Belt Conveyor | F5: ISO 10816-3 (GROUP 2 FLEXIBLE) | G5: W36 | H5: 2024-09-06 | I5: NORMAL | J5: MOTOR | K5: Y2-2805-6 | L5: 980 r/min | M5: 45 Kw | N5: Roller Bearing | O5: - | P5: - | Q5: Rigid | R5: POMPA | S5: 290822 | T5: - | U5: 45 Kw | V5: 300 t/h | W5: 118
A6: COMMON | B6: AST-059 | C6: BC 7.1 | D6: LJ00EBA11AF006-001 | E6: Belt Conveyor | F6: ISO 10816-3 (GROUP 2 FLEXIBLE) | G6: W38 | H6: 2024-09-20 | I6: PREWARNING | J6: MOTOR | K6: Y2-315S-6 | L6: 990 r/min | M6: 75 Kw | N6: Roller Bearing | O6: - | P6: - | Q6: Rigid | R6: POMPA | S6: 290821 | T6: - | U6: 30 Kw | V6: 300 t/h | W6: 120
A7: COMMON | B7: AST-060 | C7: BC 7. 2 | D7: LJ00EBA21AF006-001 | E7: Belt Conveyor | F7: ISO 10816-3 (GROUP 2 FLEXIBLE) | G7: W36 | H7: 2024-09-06 | I7: PREWARNING | J7: MOTOR | K7: Y2-315S-6 | L7: 990 r/min | M7: 75 Kw | N7: Roller Bearing | O7: - | P7: - | Q7: Rigid | R7: POMPA | S7: 290821 | T7: - | U7: 30 Kw | V7: 300 t/h | W7: 122
A8: COMMON | B8: AST-061 | C8: BC 8.1 | D8: LJ00EBA11AF007-001 | E8: Belt Conveyor | F8: ISO 10816-3 (GROUP 2 FLEXIBLE) | G8: W38 | H8: 2024-09-20 | I8: PREWARNING | J8: MOTOR | L8: 1460 r/min | M8: 15 Kw | N8: Roller Bearing | O8: - | P8: - | Q8: Rigid | R8: POMPA | S8: - | T8: - | U8: - | V8: - | W8: 124
A9: COMMON | B9: AST-062 | C9: BC 8.2 | D9: LJ00EBA21AF007-001 | E9: Belt Conveyor | F9: ISO 10816-3 (GROUP 2 FLEXIBLE) | G9: W36 | H9: 2024-09-06 | I9: PREWARNING | J9: MOTOR | L9: 1460 r/min | M9: 15 Kw | N9: Roller Bearing | O9: - | P9: - | Q9: Rigid | R9: POMPA | S9: - | T9: - | U9: - | V9: - | W9: 126
A10: COMMON | B10: AST-063 | C10: BC 10.1 | D10: LJ00EBA11AF008-001 | E10: Belt Conveyor | F10: ISO 10816-3 (GROUP 2 FLEXIBLE) | G10: W38 | H10: 2024-09-20 | I10: PREWARNING | J10: MOTOR | L10: 1470 r/min | M10: 18.5 Kw | N10: Roller Bearing | O10: - | P10: - | Q10: Rigid | R10: POMPA | S10: - | T10: - | U10: - | V10: - | W10: 128
A11: COMMON | B11: AST-064 | C11: BC 10.2 | D11: LJ00EBA21AF008-001 | E11: Belt Conveyor | F11: ISO 10816-3 (GROUP 2 FLEXIBLE) | G11: W36 | H11: 2024-09-06 | I11: NORMAL | J11: MOTOR | L11: 1470 r/min | M11: 18.5 Kw | N11: Roller Bearing | O11: - | P11: - | Q11: Rigid | R11: POMPA | S11: - | T11: - | U11: - | V11: - | W11: 130
A12: COMMON | B12: AST-065 | C12: ROLLER SCREEN 1 | D12: LJ00EBA21AF008-001 | E12: Roller Screen | F12: ISO 10816-3 (GROUP 2 FLEXIBLE) | G12: W38 | H12: 2024-09-19 | I12: PREWARNING | J12: MOTOR | K12: Y160L-4 | L12: 1460 r/min | M12: 15 Kw | O12: - | P12: - | Q12: Flexible | S12: - | T12: - | U12: - | V12: - | W12: 132
A13: COMMON | B13: AST-066 | C13: ROLLER SCREEN 2 | D13: LJ00EBC20AT002-001 | E13: Roller Screen | F13: ISO 10816-3 (GROUP 2 FLEXIBLE) | G13: W36 | H13: 2024-09-05 | I13: PREWARNING | J13: MOTOR | K13: Y160L-4 | L13: 1460 r/min | M13: 15 Kw | O13: - | P13: - | Q13: Flexible | S13: - | T13: - | U13: - | V13: - | W13: 134
A14: COMMON | B14: AST-067 | C14: Motor Crusser 185kW 1 | D14: LJ00EBC10AT001-001 | E14: Crusher | F14: ISO 10816-3 (GROUP 2 FLEXIBLE) | G14: W38 | H14: 2024-09-19 | I14: WARNING | J14: MOTOR | K14: Y2-355L2-8 | L14: 740 r/min | M14: 185Kw | N14: Roller Bearing | Q14: Rigid | R14: CRUSHER | S14: - | T14: - | U14: - | V14: - | W14: 136
A15: COMMON | B15: AST-068 | C15: Motor Crusser 185kW 2 | D15: LJ00EBC10AT002-001 | E15: Crusher | F15: ISO 10816-3 (GROUP 2 FLEXIBLE) | G15: W36 | H15: 2024-09-05 | I15: NORMAL | J15: MOTOR | K15: Y2-355L2-8 | L15: 740 r/min | M15: 185Kw | N15: Roller Bearing | Q15: Rigid | R15: CRUSHER | S15: - | T15: - | U15: - | V15: - | W15: 138
