Workbook

Sheet RESUME
D1: PT PLN INDONESIA POWER | L1: No. Dok | M1: : FORM.JRG.F.05.001
D2: UBP JERANJANG | L2: Tgl Terbit | M2: : 1 Sep 2016
D3: BIDANG RCBM | L3: Rev | M3: : 00
D4: LAPORAN PDM | L4: Hal | M4: :
B6: LAPORAN IR THERMOGRAPHY BULAN JULI 2026 UNIT BISNIS PEMBANGKITAN JERANJANG
B9: UNIT | D9: STATUS IR THERMOGRAPHY
D10: NORMAL | E10: LOW | F10: MEDIUM | G10: HIGH | H10: CRITICAL | I10: STANDBY | K10: Keterangan :
B11: UNIT 1 | D11: =COUNTIF(SUMMARY!E3:F27,"Normal") -> 10 | E11: =COUNTIF(SUMMARY!E3:F27,"Low") -> 7 | F11: =COUNTIF(SUMMARY!E3:F27,"MEDIUM") -> 4 | G11: =COUNTIF(SUMMARY!E3:F27,"HIGH") -> 0 | H11: =COUNTIF(SUMMARY!E3:F27,"CRITICAL") -> 0 | I11: =COUNTIF(SUMMARY!E3:F27,"STD BY") -> 4 | K11: NORMAL | L11: = Kondisi baik
B12: UNIT 2 | D12: =COUNTIF(SUMMARY!E28:F46,"Normal") -> 11 | E12: =COUNTIF(SUMMARY!E28:F46,"Low") -> 4 | F12: =COUNTIF(SUMMARY!E28:F46,"MEDIUM") -> 1 | G12: =COUNTIF(SUMMARY!E28:F46,"HIGH") -> 0 | H12: =COUNTIF(SUMMARY!E28:F46,"CRITICAL") -> 0 | I12: =COUNTIF(SUMMARY!E28:F46,"STD BY") -> 3 | K12: LOW | L12: = Periksa saat pemeliharaan
B13: UNIT 3 | D13: =COUNTIF(SUMMARY!E47:F80,"Normal") -> 18 | E13: =COUNTIF(SUMMARY!E47:F80,"Low") -> 4 | F13: =COUNTIF(SUMMARY!E47:F80,"MEDIUM") -> 4 | G13: =COUNTIF(SUMMARY!E47:F80,"HIGH") -> 0 | H13: =COUNTIF(SUMMARY!E47:F80,"CRITICAL") -> 0 | I13: =COUNTIF(SUMMARY!E47:F80,"STD BY") -> 7 | K13: MEDIUM | L13: = Rencana pebaikan (Max. 30 hari)
B14: COAL HANDLING | D14: =COUNTIF(SUMMARY!E81:F98,"Normal") -> 10 | E14: =COUNTIF(SUMMARY!E81:F98,"Low") -> 0 | F14: =COUNTIF(SUMMARY!E81:F98,"MEDIUM") -> 2 | G14: =COUNTIF(SUMMARY!E81:F98,"HIGH") -> 0 | H14: =COUNTIF(SUMMARY!E81:F98,"CRITICAL") -> 0 | I14: =COUNTIF(SUMMARY!E81:F98,"STD BY") -> 6 | K14: HIGH | L14: = Perbaikan segera
B15: TOTAL | D15: =SUM(D11:D14) -> 49 | E15: =SUM(E11:E14) -> 15 | F15: =SUM(F11:F14) -> 11 | G15: =SUM(G11:G14) -> 0 | H15: =SUM(H11:H14) -> 0 | I15: =SUM(I11:I14) -> 20 | J15: =SUM(D15:I15) -> 95 | K15: CRITICAL | L15: = Kondisi darurat
B16: PERSENTASE (%) | D16: =D15/J15*100 -> 51.578947 | E16: =E15/J15*100 -> 15.789474 | F16: =F15/J15*100 -> 11.578947 | G16: =G15/J15*100 -> 0 | H16: =H15/J15*100 -> 0 | I16: =I15/J15*100 -> 21.052632 | J16: =SUM(D16:I16) -> 100 | K16: STANDBY | L16: = Peralatan standby

Sheet SUMMARY
A1: Unit | B1: No KKS | C1: Description | D1: Standard | E1: Status Kondisi Terakhir
A3: 1 | B3: LJ10PAC10AP001-001 | C3: EQUIPMENT-CIRCULATING WATER PUMP (CWP) 1A | D3: FLIR | E3: =REKOMENDASI!I6 -> Low | H3: Normal (FLIR) | I3: =COUNTIF(E3:F112,"Normal") -> 61 | J3: =I3/I9 -> 0.55963303
A4: 1 | B4: LJ10PAC10AP002-001 | C4: EQUIPMENT-CIRCULATING WATER PUMP (CWP) 1B | D4: FLIR | E4: =REKOMENDASI!I13 -> Normal | H4: Low (FLIR) | I4: =COUNTIF(E3:F112,"Low") -> 15 | J4: =I4/I9 -> 0.13761468
A5: 1 | B5: LJ10LAC10AP001-001 | C5: EQUIPMENT-BOILER FEEDWATER PUMP (BFP) 1A | D5: FLIR | E5: =REKOMENDASI!I20 -> STD BY | H5: Medium (FLIR) | I5: =COUNTIF(E3:F112,"Medium") -> 12 | J5: =I5/I9 -> 0.11009174
A6: 1 | B6: LJ10LAC10AP002-001 | C6: EQUIPMENT-BOILER FEEDWATER PUMP (BFP) 1B | D6: FLIR | E6: =REKOMENDASI!I30 -> Medium | H6: High (FLIR) | I6: =COUNTIF(E3:F112,"High") -> 0 | J6: =I6/I9 -> 0
A7: 1 | B7: LJ10HNC10AN001-001 | C7: EQUIPMENT-INDUCE DRAUGHT FAN (IDF) 1A | D7: FLIR | E7: =REKOMENDASI!I40 -> Normal | H7: Critical (FLIR) | I7: =COUNTIF(E3:F112,"Critical") -> 0 | J7: =I7/I9 -> 0
A8: 1 | B8: LJ10HNC10AN002-001 | C8: EQUIPMENT-INDUCE DRAUGHT FAN (IDF) 1B | D8: FLIR | E8: =REKOMENDASI!I48 -> Low | H8: Standby | I8: =COUNTIF(E3:F112,"STD BY") -> 21 | J8: =I8/I9 -> 0.19266055
A9: 1 | B9: LJ10HLB10AN001-001 | C9: EQUIPMENT-PRIMARY AIR FAN (PAF) 1A | D9: FLIR | E9: =REKOMENDASI!I56 -> Low | H9: Unit 1 | I9: =SUM(I3:I8) -> 109
A10: 1 | B10: LJ10HLB10AN002-001 | C10: EQUIPMENT-PRIMARY AIR FAN (PAF) 1B | D10: FLIR | E10: =REKOMENDASI!I64 -> Low | H10: Normal (FLIR) | I10: =COUNTIF(E3:F32,"Normal") -> 14
A11: 1 | B11: LJ10HLB10AN003-001 | C11: EQUIPMENT-SECONDARY AIR FAN (SAF) 1A | D11: FLIR | E11: =REKOMENDASI!I72 -> Normal | H11: Low (FLIR) | I11: =COUNTIF(E3:F32,"Low") -> 7
A12: 1 | B12: LJ10HLB10AN004-001 | C12: EQUIPMENT-SECONDARY AIR FAN (SAF) 1B | D12: FLIR | E12: =REKOMENDASI!I80 -> Low | H12: Medium (FLIR) | I12: =COUNTIF(E3:F32,"Medium") -> 5
A13: 1 | B13: LJ10LCB10AP010-001 | C13: EQUIPMENT-CONDENSATE EXTRACTION PUMP (CEP) 1A | D13: FLIR | E13: =REKOMENDASI!I88 -> STD BY | H13: High (FLIR) | I13: =COUNTIF(E3:F32,"High") -> 0
A14: 1 | B14: LJ10LCB10AP020-001 | C14: EQUIPMENT-CONDENSATE EXTRACTION PUMP (CEP) 1B | D14: FLIR | E14: =REKOMENDASI!I95 -> Low | H14: Critical (FLIR) | I14: =COUNTIF(E3:F32,"Critical") -> 0
A15: 1 | B15: LJ10PGB10AP001-001 | C15: EQUIPMENT-CLOSED COOLING CIRCULATING WATER PUMP (C3WP) 1A | D15: FLIR | E15: =REKOMENDASI!I102 -> Medium | H15: Standby | I15: =COUNTIF(E3:F32,"STD BY") -> 4
A16: 1 | B16: LJ10PGB10AP002-001 | C16: EQUIPMENT-CLOSED COOLING CIRCULATING WATER PUMP (C3WP) 1B | D16: FLIR | E16: =REKOMENDASI!I109 -> Medium | H16: Unit 2
A17: 1 | B17: LJ10MAG10AP011-001 | C17: EQUIPMENT-VACUUM PUMP 1A | D17: FLIR | E17: =REKOMENDASI!I116 -> Medium | H17: Normal (FLIR) | I17: =COUNTIF(E33:F56,"Normal") -> 14
A18: 1 | B18: LJ10MAG10AP012-001 | C18: EQUIPMENT-VACUUM PUMP 1B | D18: FLIR | E18: =REKOMENDASI!I124 -> Low | H18: Low (FLIR) | I18: =COUNTIF(E33:F56,"Low") -> 4
A19: 1 | B19: LJ10GCK10AP005-001 | C19: EQUIPMENT-BWRO PUMP 1A | D19: FLIR | E19: =REKOMENDASI!I132 -> Normal | H19: Medium (FLIR) | I19: =COUNTIF(E33:F56,"Medium") -> 1
A20: 1 | B20: LJ10GCK10AP006-001 | C20: EQUIPMENT-BWRO PUMP 1B | D20: FLIR | E20: =REKOMENDASI!I135 -> STD BY | H20: High (FLIR) | I20: =COUNTIF(E33:F56,"High") -> 0
A21: 1 | B21: LJ10GCK10AP007-001 | C21: EQUIPMENT-HIGH PRESSURE SWRO PUMP 1A | D21: FLIR | E21: =REKOMENDASI!I138 -> STD BY | H21: Critical (FLIR) | I21: =COUNTIF(E33:F56,"Critical") -> 0
A22: 1 | B22: LJ10GCK10AP008-001 | C22: EQUIPMENT-HIGH PRESSURE SWRO PUMP 1B | D22: FLIR | E22: =REKOMENDASI!I141 -> Normal | H22: Standby | I22: =COUNTIF(E33:F56,"STD BY") -> 5
A23: 1 | B23: LJ10MAA10HB010-001 | C23: EQUIPMENT-HP TURBINE ASSEMBLY UNIT 1 | D23: FLIR | E23: =REKOMENDASI!I144 -> Normal | H23: Unit 3
A24: 1 | B24: LJ10MKA10AG001-001 | C24: EQUIPMENT-GENERATOR UNIT 1 | D24: FLIR | E24: =REKOMENDASI!I146 -> Normal | H24: Normal (FLIR) | I24: =COUNTIF(E57:F94,"Normal") -> 17
A25: 1 | B25: LJ10BFT10GT001-001 | C25: EQUIPMENT-LV TRANSFORMER 43T UNIT 1 | D25: FLIR | E25: =REKOMENDASI!I149 -> Normal | H25: Low (FLIR) | I25: =COUNTIF(E57:F94,"Low") -> 4
A26: 1 | B26: LJ10BFT10GT002-001 | C26: EQUIPMENT-LV TRANSFORMER 44T UNIT 1 | D26: FLIR | E26: =REKOMENDASI!I157 -> Normal | H26: Medium (FLIR) | I26: =COUNTIF(E57:F94,"Medium") -> 5
A27: 1 | B27: LJ10BFT10GT007-001 | C27: EQUIPMENT- LV TRANSFORMER EXCITATION | D27: FLIR | E27: =REKOMENDASI!I165 -> Normal | H27: High (FLIR) | I27: =COUNTIF(E57:F94,"High") -> 0
A28: 1 | B28: LJ10MAV10AP001-001 | C28: EQUIPMENT-AC LUBE OIL PUMP UNIT 1 | D28: FLIR | E28: =REKOMENDASI!I173 -> Medium | H28: Critical (FLIR) | I28: =COUNTIF(E57:F94,"Critical") -> 0
A29: 1 | B29: LJ10MAV10AP003-001 | C29: EQUIPMENT-DC LUBE OIL PUMP UNIT 1 | D29: FLIR | E29: =REKOMENDASI!I178 -> Normal | H29: Standby | I29: =COUNTIF(E57:F94,"STD BY") -> 11
A30: 1 | B30: LJ10BAT10GT001-001 | C30: EQUIPMENT-GENERATOR TRANSFORMER (GT) 34.5 MVA 150/6.3 KV UNIT 1 | D30: FLIR | E30: =REKOMENDASI!I183 -> Normal | H30: Common
A31: 1 | B31: LJ10BBT10GT002-001 | C31: EQUIPMENT-TRANSFORMER ASH HANDLING 1 | D31: FLIR | E31: =REKOMENDASI!I193 -> Normal | H31: Normal (FLIR) | I31: =COUNTIF(E95:F112,"Normal") -> 16
A32: 1 | B32: LJ10BBT10GT003-001 | C32: EQUIPMENT-TRANSFORMER ASH HANDLING 2 | D32: FLIR | E32: =REKOMENDASI!I204 -> Normal | H32: Low (FLIR) | I32: =COUNTIF(E95:F112,"Low") -> 0
A33: 2 | B33: LJ20PAC10AP001-001 | C33: EQUIPMENT-CIRCULATING WATER PUMP (CWP) 2A | D33: FLIR | E33: =REKOMENDASI!I215 -> STD BY | H33: Medium (FLIR) | I33: =COUNTIF(E95:F112,"Medium") -> 1
A34: 2 | B34: LJ20PAC10AP002-001 | C34: EQUIPMENT-CIRCULATING WATER PUMP (CWP) 2B | D34: FLIR | E34: =REKOMENDASI!I222 -> Normal | H34: High (FLIR) | I34: =COUNTIF(E95:F112,"High") -> 0
A35: 2 | B35: LJ20LAC10AP001-001 | C35: EQUIPMENT-BOILER FEEDWATER PUMP (BFP) 2A | D35: FLIR | E35: =REKOMENDASI!I229 -> STD BY | H35: Critical (FLIR) | I35: =COUNTIF(E95:F112,"Critical") -> 0
A36: 2 | B36: LJ20LAC10AP002-001 | C36: EQUIPMENT-BOILER FEEDWATER PUMP (BFP) 2B | D36: FLIR | E36: =REKOMENDASI!I239 -> Low | H36: Standby | I36: =COUNTIF(E95:F112,"STD BY") -> 1
A37: 2 | B37: LJ20HNC10AN001-001 | C37: EQUIPMENT-INDUCE DRAUGHT FAN (IDF) 2A | D37: FLIR | E37: =REKOMENDASI!I249 -> Normal
A38: 2 | B38: LJ20HNC10AN002-001 | C38: EQUIPMENT-INDUCE DRAUGHT FAN (IDF) 2B | D38: FLIR | E38: =REKOMENDASI!I257 -> Normal
A39: 2 | B39: LJ20HLB10AN001-001 | C39: EQUIPMENT-PRIMARY AIR FAN (PAF) 2A | D39: FLIR | E39: =REKOMENDASI!I265 -> Low
A40: 2 | B40: LJ20HLB10AN002-001 | C40: EQUIPMENT-PRIMARY AIR FAN (PAF) 2B | D40: FLIR | E40: =REKOMENDASI!I273 -> Low
A41: 2 | B41: LJ20HLB10AN003-001 | C41: EQUIPMENT-SECONDARY AIR FAN (SAF) 2A | D41: FLIR | E41: =REKOMENDASI!I281 -> Low
A42: 2 | B42: LJ20HLB10AN004-001 | C42: EQUIPMENT-SECONDARY AIR FAN (SAF) 2B | D42: FLIR | E42: =REKOMENDASI!I289 -> Normal
A43: 2 | B43: LJ20LCB10AP010-001 | C43: EQUIPMENT-CONDENSATE EXTRACTION PUMP (CEP) 2A | D43: FLIR | E43: =REKOMENDASI!I297 -> STD BY
A44: 2 | B44: LJ20LCB10AP020-001 | C44: EQUIPMENT-CONDENSATE EXTRACTION PUMP (CEP) 2B | D44: FLIR | E44: =REKOMENDASI!I304 -> Normal
A45: 2 | B45: LJ20PGB10AP001-001 | C45: EQUIPMENT-CLOSED COOLING CIRCULATING WATER PUMP (C3WP) 2A | D45: FLIR | E45: =REKOMENDASI!I311 -> Normal
A46: 2 | B46: LJ20PGB10AP002-001 | C46: EQUIPMENT-CLOSED COOLING CIRCULATING WATER PUMP (C3WP) 2B | D46: FLIR | E46: =REKOMENDASI!I318 -> Normal
A47: 2 | B47: LJ20MAG10AP011-001 | C47: EQUIPMENT-VACUUM PUMP 2A | D47: FLIR | E47: =REKOMENDASI!I325 -> Normal
A48: 2 | B48: LJ20MAG10AP012-001 | C48: EQUIPMENT-VACUUM PUMP 2B | D48: FLIR | E48: =REKOMENDASI!I333 -> Medium
A49: 2 | B49: LJ20MAA10HB010-001 | C49: EQUIPMENT-HP TURBINE ASSEMBLY UNIT 2 | D49: FLIR | E49: =REKOMENDASI!I341 -> Normal
A50: 2 | B50: LJ20MKA10AG001-001 | C50: EQUIPMENT-GENERATOR UNIT 2 | D50: FLIR | E50: =REKOMENDASI!I343 -> Normal
A51: 2 | B51: LJ20BFT10GT001-001 | C51: EQUIPMENT-LV TRANSFORMER 43T UNIT 2 | D51: FLIR | E51: =REKOMENDASI!I346 -> Normal
A52: 2 | B52: LJ20BFT10GT002-001 | C52: EQUIPMENT-LV TRANSFORMER 44T UNIT 2 | D52: FLIR | E52: =REKOMENDASI!I354 -> Normal
A53: 2 | B53: LJ20BFT10GT007-001 | C53: EQUIPMENT- LV TRANSFORMER EXCITATION | D53: FLIR | E53: =REKOMENDASI!I362 -> Normal
A54: 2 | B54: LJ20MAV10AP001-001 | C54: EQUIPMENT-AC LUBE OIL PUMP UNIT 2 | D54: FLIR | E54: =REKOMENDASI!I370 -> STD BY
A55: 2 | B55: LJ20MAV10AP003-001 | C55: EQUIPMENT-DC LUBE OIL PUMP UNIT 2 | D55: FLIR | E55: =REKOMENDASI!I375 -> STD BY
A56: 2 | B56: LJ20BAT10GT001-001 | C56: EQUIPMENT-GENERATOR TRANSFORMER (GT) 34.5 MVA 150/6.3 KV UNIT 2 | D56: FLIR | E56: =REKOMENDASI!I380 -> Normal
A57: 3 | B57: LJ30LCB10AP001-001 | C57: EQUIPMENT-CONDENSATE EXTRACTION PUMP (CEP) 3A | D57: FLIR | E57: =REKOMENDASI!I390 -> Low
A58: 3 | B58: LJ30LCB10AP002-001 | C58: EQUIPMENT-CONDENSATE EXTRACTION PUMP (CEP) 3B | D58: FLIR | E58: =REKOMENDASI!I399 -> Normal
A59: 3 | B59: LJ30LCB10AP003-001 | C59: EQUIPMENT-CONDENSATE EXTRACTION PUMP (CEP) 3C | D59: FLIR | E59: =REKOMENDASI!I408 -> Normal
A60: 3 | B60: LJ30MAG10AP011-001 | C60: EQUIPMENT-WATER JET PUMP (WJP) 3A | D60: FLIR | E60: =REKOMENDASI!I417 -> Normal
A61: 3 | B61: LJ30MAG10AP012-001 | C61: EQUIPMENT-WATER JET PUMP (WJP) 3B | D61: FLIR | E61: =REKOMENDASI!I426 -> STD BY
A62: 3 | B62: LJ30LAC10AP001-001 | C62: EQUIPMENT-BOILER FEEDWATER PUMP (BFP) 3A | D62: FLIR | E62: =REKOMENDASI!I435 -> Medium
A63: 3 | B63: LJ30LAC10AP002-001 | C63: EQUIPMENT-BOILER FEEDWATER PUMP (BFP) 3B | D63: FLIR | E63: =REKOMENDASI!I445 -> STD BY
A64: 3 | B64: LJ30PGB10AP001-001 | C64: EQUIPMENT-CLOSED COOLING CIRCULATING WATER PUMP (C3WP) 3A | D64: FLIR | E64: =REKOMENDASI!I455 -> Normal
A65: 3 | B65: LJ30PGB10AP002-001 | C65: EQUIPMENT-CLOSED COOLING CIRCULATING WATER PUMP (C3WP) 3B | D65: FLIR | E65: =REKOMENDASI!I464 -> Medium
A66: 3 | B66: LJ30PGB10AN001-001 | C66: EQUIPMENT-COOLING TOWER FAN 3A | D66: FLIR | E66: =REKOMENDASI!I473 -> Normal
A67: 3 | B67: LJ30PGB10AN002-001 | C67: EQUIPMENT-COOLING TOWER FAN 3B | D67: FLIR | E67: =REKOMENDASI!I481 -> Low
A68: 3 | B68: LJ30HLB20AN010-001 | C68: EQUIPMENT-SECONDARY AIR FAN UNIT 3 | D68: FLIR | E68: =REKOMENDASI!I489 -> Normal
A69: 3 | B69: LJ30HLB10AN010-001 | C69: EQUIPMENT-PRIMARY AIR FAN UNIT 3 | D69: FLIR | E69: =REKOMENDASI!I497 -> Normal
A70: 3 | B70: LJ30HFC10AN011-001 | C70: EQUIPMENT-RECIRCULATING AIR FAN (RAF) 3A | D70: FLIR | E70: =REKOMENDASI!I505 -> STD BY
A71: 3 | B71: LJ30HFC10AN012-001 | C71: EQUIPMENT-RECIRCULATING AIR FAN (RAF) 3B | D71: FLIR | E71: =REKOMENDASI!I516 -> Normal
A72: 3 | B72: LJ30HNC10AN001-001 | C72: EQUIPMENT-INDUCE DRAUGHT FAN (IDF) 3A | D72: FLIR | E72: =REKOMENDASI!I527 -> Low
A73: 3 | B73: LJ30HNC10AN002-001 | C73: EQUIPMENT-INDUCE DRAUGHT FAN (IDF) 3B | D73: FLIR | E73: =REKOMENDASI!I535 -> Low
A74: 3 | B74: LJ30PAC10AP001-001 | C74: EQUIPMENT-CIRCULATING WATER PUMP (CWP) 3A | D74: FLIR | E74: =REKOMENDASI!I543 -> STD BY
A75: 3 | B75: LJ30PAC10AP002-001 | C75: EQUIPMENT-CIRCULATING WATER PUMP (CWP) 3B | D75: FLIR | E75: =REKOMENDASI!I550 -> Normal
A76: 3 | B76: LJ30GCF10AP007-001 | C76: EQUIPMENT-HIGH PRESURE BWRO PUMP 3A | D76: FLIR | E76: =REKOMENDASI!I557 -> Normal
A77: 3 | B77: LJ30GCF10AP008-001 | C77: EQUIPMENT-HIGH PRESURE BWRO PUMP 3B | D77: FLIR | E77: =REKOMENDASI!I560 -> -
A78: 3 | B78: LJ30GCF10AP001-001 | C78: EQUIPMENT-HIGH PRESURE SWRO PUMP 3A | D78: FLIR | E78: =REKOMENDASI!I563 -> Normal
A79: 3 | B79: LJ30GCF10AP002-001 | C79: EQUIPMENT-HIGH PRESURE SWRO PUMP 3B | D79: FLIR | E79: =REKOMENDASI!I566 -> STD BY
A80: 3 | B80: LJ30MKA10AG001-001 | C80: EQUIPMENT-GENERATOR UNIT 3 | D80: FLIR | E80: =REKOMENDASI!I569 -> Medium
A81: 3 | B81: LJ30MAA10HB010-001 | C81: EQUIPMENT-HP TURBINE ASSEMBLY UNIT 3 | D81: FLIR | E81: =REKOMENDASI!I578 -> Medium
A82: 3 | B82: LJ30BAT10GT001-001 | C82: EQUIPMENT-GENERATOR TRANSFORMER (GT) 40 MVA 150/6.3 KV UNIT 3 | D82: FLIR | E82: =REKOMENDASI!I582 -> Normal
A83: 3 | B83: LJ30BBT10GT001-001 | C83: EQUIPMENT-UNIT AUXILIARY TRANSFORMER (UAT) 6.3 MVA UNIT 3 | D83: FLIR | E83: =REKOMENDASI!I592 -> Normal
A84: 3 | B84: LJ00SGA10AP002-001 | C84: EQUIPMENT-JOCKEY PUMP 3A | D84: FLIR | E84: =REKOMENDASI!I603 -> Normal
A85: 3 | B85: LJ00SGA10AP003-001 | C85: EQUIPMENT-JOCKEY PUMP 3B | D85: FLIR | E85: =REKOMENDASI!I606 -> STD BY
A86: 3 | B86: LJ00SGA10AP001-001 | C86: EQUIPMENT-FIRE FIGHTING PUMP WITH MOTOR UNIT 3 | D86: FLIR | E86: =REKOMENDASI!I609 -> Medium
A87: 3 | B87: LJ00SGA10AP004-001 | C87: EQUIPMENT-FIRE FIGHTING PUMP WITH DIESEL MOTOR UNIT 3 | D87: FLIR | E87: =REKOMENDASI!I614 -> Normal
A88: 3 | B88: LJ30BFA10GT003-001 | C88: EQUIPMENT-LV TRANSFORMER HSB | D88: FLIR | E88: =REKOMENDASI!I619 -> Normal
A89: 3 | B89: LJ30BFA10GT002-001 | C89: EQUIPMENT-LV TRANSFORMER 40.B | D89: FLIR | E89: =REKOMENDASI!I627 -> Normal
A90: 3 | B90: LJ30BFA10GT001-001 | C90: EQUIPMENT-LV TRANSFORMER 41.B | D90: FLIR | E90: =REKOMENDASI!I635 -> STD BY
A91: 3 | B91: LJ30MAV10AP004-001 | C91: EQUIPMENT-JACKING OIL PUMP 1 UNIT 3 | D91: FLIR | E91: =REKOMENDASI!I643 -> STD BY
A92: 3 | B92: LJ30MAV10AP005-001 | C92: EQUIPMENT-JACKING OIL PUMP 2 UNIT 3 | D92: FLIR | E92: =REKOMENDASI!I646 -> STD BY
A93: 3 | B93: LJ30MAV10AP001-001 | C93: EQUIPMENT-AC LUBE OIL PUMP UNIT 3 | D93: FLIR | E93: =REKOMENDASI!I649 -> STD BY
A94: 3 | B94: LJ30MAV10AP003-001 | C94: EQUIPMENT-DC LUBE OIL PUMP UNIT 3 | D94: FLIR | E94: =REKOMENDASI!I654 -> STD BY
A95: 0 | B95: LJ00EBA40AF001-001 | C95: EQUIPMENT-BELT CONVEYOR 4.1 | D95: FLIR | E95: =REKOMENDASI!I659 -> Normal
A96: 0 | B96: LJ00EBA40AF002-001 | C96: EQUIPMENT-BELT CONVEYOR 4.2 | D96: FLIR | E96: =REKOMENDASI!I669 -> Normal
A97: 0 | B97: LJ00EBA50AF001-001 | C97: EQUIPMENT-BELT CONVEYOR 5.1 | D97: FLIR | E97: =REKOMENDASI!I679 -> Normal
A98: 0 | B98: LJ00EBA50AF002-001 | C98: EQUIPMENT-BELT CONVEYOR 5.2 | D98: FLIR | E98: =REKOMENDASI!I689 -> Normal
A99: 0 | B99: LJ00EBA60AF001-001 | C99: EQUIPMENT-BELT CONVEYOR 7.1 | D99: FLIR | E99: =REKOMENDASI!I699 -> Normal
A100: 0 | B100: LJ00EBA60AF002-001 | C100: EQUIPMENT-BELT CONVEYOR 7.2 | D100: FLIR | E100: =REKOMENDASI!I709 -> Normal
A101: 0 | B101: LJ00EBA70AF001-001 | C101: EQUIPMENT-BELT CONVEYOR 8.1 | D101: FLIR | E101: =REKOMENDASI!I719 -> Normal
...

Sheet REKOMENDASI
A1: EXECUTIVE SUMMARY IR THERMOGRAPHY JULI 2026
A3: Unit | B3: No. KKS | C3: Description | D3: Measurement Point | E3: Upper Warning Limit Maximo | F3: Upper Action Limit Maximo | G3: Analysis Standard | H3: Status per Point Measurement | I3: Overall Status Equipment | J3: T rise | K3: T max Reference | L3: Data Analysis | N3: Keterangan
L5: Date | M5: ( °C )
A6: 1 | B6: LJ10PAC10AP001-001 | C6: EQUIPMENT-CIRCULATING WATER PUMP (CWP) 1A | D6: Cover winding motor | E6: =(K6+11) -> 71 | F6: =(E6+10) -> 81 | G6: FLIR | H6: =IF(J6="",("-"),(IF(J6="STD BY",("STD BY"),(IF(J6="N/A",("N/A"),(IF(J6<5,("Normal"),(IF(J6<11,("Low"),(IF(J6<21,("Medium"),(IF(J6<41,("High"),("Critical")))))))))))))) -> Normal | I6: =IF(COUNTIF(H6:H12,"-")>0,("-"),(IF(COUNTIF(H6:H12,"STD BY")>0,("STD BY"),(IF(COUNTIF(H6:H12,"N/A")>0,("N/A"),(IF(COUNTIF(H6:H12,"Critical")>0,("Critical"),(IF(COUNTIF(H6:H12,"High")>0,("High"),(IF(COUNTIF(H6:H12,"Medium")>0,("Medium"),(IF(COUNTIF(H6:H12,"Low")>0,("Low"),("Normal")))))))))))))) -> Low | J6: =IF(M6="",(""),(IF(M6="STD BY",("STD BY"),(IF(M6="N/A",("N/A"),(IF(M6-K6>0,(M6-K6),(0)))))))) -> 0 | K6: 60 | L6: 46217 | M6: 56 | N6: Keterangan : Tidak ada hotspot / kenaikan temperature yang berbahaya. Rekomendasi : Lakukan pengukuran thermography sesuai 52 week.
D7: Bearing 1 motor | E7: =(K7+11) -> 61 | F7: =(E7+10) -> 71 | G7: FLIR | H7: =IF(J7="",("-"),(IF(J7="STD BY",("STD BY"),(IF(J7="N/A",("N/A"),(IF(J7<5,("Normal"),(IF(J7<11,("Low"),(IF(J7<21,("Medium"),(IF(J7<41,("High"),("Critical")))))))))))))) -> Normal | J7: =IF(M7="",(""),(IF(M7="STD BY",("STD BY"),(IF(M7="N/A",("N/A"),(IF(M7-K7>0,(M7-K7),(0)))))))) -> 0 | K7: 50 | L7: 46217 | M7: 44.7
D8: Bearing 2 motor | E8: =(K8+11) -> 61 | F8: =(E8+10) -> 71 | G8: FLIR | H8: =IF(J8="",("-"),(IF(J8="STD BY",("STD BY"),(IF(J8="N/A",("N/A"),(IF(J8<5,("Normal"),(IF(J8<11,("Low"),(IF(J8<21,("Medium"),(IF(J8<41,("High"),("Critical")))))))))))))) -> Normal | J8: =IF(M8="",(""),(IF(M8="STD BY",("STD BY"),(IF(M8="N/A",("N/A"),(IF(M8-K8>0,(M8-K8),(0)))))))) -> 0 | K8: 50 | L8: 46217 | M8: 46.1
D9: Bearing 3 pump | E9: =(K9+11) -> 61 | F9: =(E9+10) -> 71 | G9: FLIR | H9: =IF(J9="",("-"),(IF(J9="STD BY",("STD BY"),(IF(J9="N/A",("N/A"),(IF(J9<5,("Normal"),(IF(J9<11,("Low"),(IF(J9<21,("Medium"),(IF(J9<41,("High"),("Critical")))))))))))))) -> Low | J9: =IF(M9="",(""),(IF(M9="STD BY",("STD BY"),(IF(M9="N/A",("N/A"),(IF(M9-K9>0,(M9-K9),(0)))))))) -> 5.4 | K9: 50 | L9: 46217 | M9: 55.4
D10: Conection Phasa R | E10: =(K10+11) -> 41 | F10: =(E10+10) -> 51 | G10: FLIR | H10: =IF(J10="",("-"),(IF(J10="STD BY",("STD BY"),(IF(J10="N/A",("N/A"),(IF(J10<5,("Normal"),(IF(J10<11,("Low"),(IF(J10<21,("Medium"),(IF(J10<41,("High"),("Critical")))))))))))))) -> Normal | J10: =IF(M10="",(""),(IF(M10="STD BY",("STD BY"),(IF(M10="N/A",("N/A"),(IF(M10-K10>0,(M10-K10),(0)))))))) -> 2.5 | K10: 30 | L10: 46217 | M10: 32.5
D11: Conection Phasa S | E11: =(K11+11) -> 41 | F11: =(E11+10) -> 51 | G11: FLIR | H11: =IF(J11="",("-"),(IF(J11="STD BY",("STD BY"),(IF(J11="N/A",("N/A"),(IF(J11<5,("Normal"),(IF(J11<11,("Low"),(IF(J11<21,("Medium"),(IF(J11<41,("High"),("Critical")))))))))))))) -> Normal | J11: =IF(M11="",(""),(IF(M11="STD BY",("STD BY"),(IF(M11="N/A",("N/A"),(IF(M11-K11>0,(M11-K11),(0)))))))) -> 2.2 | K11: 30 | L11: 46217 | M11: 32.2
D12: Conection Phasa T | E12: =(K12+11) -> 41 | F12: =(E12+10) -> 51 | G12: FLIR | H12: =IF(J12="",("-"),(IF(J12="STD BY",("STD BY"),(IF(J12="N/A",("N/A"),(IF(J12<5,("Normal"),(IF(J12<11,("Low"),(IF(J12<21,("Medium"),(IF(J12<41,("High"),("Critical")))))))))))))) -> Normal | J12: =IF(M12="",(""),(IF(M12="STD BY",("STD BY"),(IF(M12="N/A",("N/A"),(IF(M12-K12>0,(M12-K12),(0)))))))) -> 2.2 | K12: 30 | L12: 46217 | M12: 32.2
A13: 1 | B13: LJ10PAC10AP002-001 | C13: EQUIPMENT-CIRCULATING WATER PUMP (CWP) 1B | D13: Cover winding motor | E13: =(K13+11) -> 71 | F13: =(E13+10) -> 81 | G13: FLIR | H13: =IF(J13="",("-"),(IF(J13="STD BY",("STD BY"),(IF(J13="N/A",("N/A"),(IF(J13<5,("Normal"),(IF(J13<11,("Low"),(IF(J13<21,("Medium"),(IF(J13<41,("High"),("Critical")))))))))))))) -> Normal | I13: =IF(COUNTIF(H13:H19,"-")>0,("-"),(IF(COUNTIF(H13:H19,"STD BY")>0,("STD BY"),(IF(COUNTIF(H13:H19,"N/A")>0,("N/A"),(IF(COUNTIF(H13:H19,"Critical")>0,("Critical"),(IF(COUNTIF(H13:H19,"High")>0,("High"),(IF(COUNTIF(H13:H19,"Medium")>0,("Medium"),(IF(COUNTIF(H13:H19,"Low")>0,("Low"),("Normal")))))))))))))) -> Normal | J13: =IF(M13="",(""),(IF(M13="STD BY",("STD BY"),(IF(M13="N/A",("N/A"),(IF(M13-K13>0,(M13-K13),(0)))))))) -> 0 | K13: 60 | L13: 46226 | M13: 52.7 | N13: Keterangan : Tidak ada hotspot / kenaikan temperature yang berbahaya. Rekomendasi : Lakukan pengukuran thermography sesuai 52 week.
D14: Bearing 1 motor | E14: =(K14+11) -> 61 | F14: =(E14+10) -> 71 | G14: FLIR | H14: =IF(J14="",("-"),(IF(J14="STD BY",("STD BY"),(IF(J14="N/A",("N/A"),(IF(J14<5,("Normal"),(IF(J14<11,("Low"),(IF(J14<21,("Medium"),(IF(J14<41,("High"),("Critical")))))))))))))) -> Normal | J14: =IF(M14="",(""),(IF(M14="STD BY",("STD BY"),(IF(M14="N/A",("N/A"),(IF(M14-K14>0,(M14-K14),(0)))))))) -> 0 | K14: 50 | L14: 46226 | M14: 47.6
D15: Bearing 2 motor | E15: =(K15+11) -> 61 | F15: =(E15+10) -> 71 | G15: FLIR | H15: =IF(J15="",("-"),(IF(J15="STD BY",("STD BY"),(IF(J15="N/A",("N/A"),(IF(J15<5,("Normal"),(IF(J15<11,("Low"),(IF(J15<21,("Medium"),(IF(J15<41,("High"),("Critical")))))))))))))) -> Normal | J15: =IF(M15="",(""),(IF(M15="STD BY",("STD BY"),(IF(M15="N/A",("N/A"),(IF(M15-K15>0,(M15-K15),(0)))))))) -> 0 | K15: 50 | L15: 46226 | M15: 49.3
D16: Bearing 3 pump | E16: =(K16+11) -> 61 | F16: =(E16+10) -> 71 | G16: FLIR | H16: =IF(J16="",("-"),(IF(J16="STD BY",("STD BY"),(IF(J16="N/A",("N/A"),(IF(J16<5,("Normal"),(IF(J16<11,("Low"),(IF(J16<21,("Medium"),(IF(J16<41,("High"),("Critical")))))))))))))) -> Normal | J16: =IF(M16="",(""),(IF(M16="STD BY",("STD BY"),(IF(M16="N/A",("N/A"),(IF(M16-K16>0,(M16-K16),(0)))))))) -> 0 | K16: 50 | L16: 46226 | M16: 50
D17: Conection Phasa R | E17: =(K17+11) -> 41 | F17: =(E17+10) -> 51 | G17: FLIR | H17: =IF(J17="",("-"),(IF(J17="STD BY",("STD BY"),(IF(J17="N/A",("N/A"),(IF(J17<5,("Normal"),(IF(J17<11,("Low"),(IF(J17<21,("Medium"),(IF(J17<41,("High"),("Critical")))))))))))))) -> Normal | J17: =IF(M17="",(""),(IF(M17="STD BY",("STD BY"),(IF(M17="N/A",("N/A"),(IF(M17-K17>0,(M17-K17),(0)))))))) -> 3.6 | K17: 30 | L17: 46226 | M17: 33.6
D18: Conection Phasa S | E18: =(K18+11) -> 41 | F18: =(E18+10) -> 51 | G18: FLIR | H18: =IF(J18="",("-"),(IF(J18="STD BY",("STD BY"),(IF(J18="N/A",("N/A"),(IF(J18<5,("Normal"),(IF(J18<11,("Low"),(IF(J18<21,("Medium"),(IF(J18<41,("High"),("Critical")))))))))))))) -> Normal | J18: =IF(M18="",(""),(IF(M18="STD BY",("STD BY"),(IF(M18="N/A",("N/A"),(IF(M18-K18>0,(M18-K18),(0)))))))) -> 3.5 | K18: 30 | L18: 46226 | M18: 33.5
D19: Conection Phasa T | E19: =(K19+11) -> 41 | F19: =(E19+10) -> 51 | G19: FLIR | H19: =IF(J19="",("-"),(IF(J19="STD BY",("STD BY"),(IF(J19="N/A",("N/A"),(IF(J19<5,("Normal"),(IF(J19<11,("Low"),(IF(J19<21,("Medium"),(IF(J19<41,("High"),("Critical")))))))))))))) -> Normal | J19: =IF(M19="",(""),(IF(M19="STD BY",("STD BY"),(IF(M19="N/A",("N/A"),(IF(M19-K19>0,(M19-K19),(0)))))))) -> 3.3 | K19: 30 | L19: 46226 | M19: 33.3
A20: 1 | B20: LJ10LAC10AP001-001 | C20: EQUIPMENT-BOILER FEEDWATER PUMP (BFP) 1A | D20: Cover winding motor | E20: =(K20+11) -> 71 | F20: =(E20+10) -> 81 | G20: FLIR | H20: =IF(J20="",("-"),(IF(J20="STD BY",("STD BY"),(IF(J20="N/A",("N/A"),(IF(J20<5,("Normal"),(IF(J20<11,("Low"),(IF(J20<21,("Medium"),(IF(J20<41,("High"),("Critical")))))))))))))) -> STD BY | I20: =IF(COUNTIF(H20:H29,"-")>0,("-"),(IF(COUNTIF(H20:H29,"STD BY")>0,("STD BY"),(IF(COUNTIF(H20:H29,"N/A")>0,("N/A"),(IF(COUNTIF(H20:H29,"Critical")>0,("Critical"),(IF(COUNTIF(H20:H29,"High")>0,("High"),(IF(COUNTIF(H20:H29,"Medium")>0,("Medium"),(IF(COUNTIF(H20:H29,"Low")>0,("Low"),("Normal")))))))))))))) -> STD BY | J20: =IF(M20="",(""),(IF(M20="STD BY",("STD BY"),(IF(M20="N/A",("N/A"),(IF(M20-K20>0,(M20-K20),(0)))))))) -> STD BY | K20: 60 | M20: STD BY | N20: Equipment dalam keadaan standby saat rutin PDM dilakukan.
D21: Bearing 1 motor | E21: =(K21+11) -> 66 | F21: =(E21+10) -> 76 | G21: FLIR | H21: =IF(J21="",("-"),(IF(J21="STD BY",("STD BY"),(IF(J21="N/A",("N/A"),(IF(J21<5,("Normal"),(IF(J21<11,("Low"),(IF(J21<21,("Medium"),(IF(J21<41,("High"),("Critical")))))))))))))) -> STD BY | J21: =IF(M21="",(""),(IF(M21="STD BY",("STD BY"),(IF(M21="N/A",("N/A"),(IF(M21-K21>0,(M21-K21),(0)))))))) -> STD BY | K21: 55 | M21: STD BY
D22: Bearing 2 motor | E22: =(K22+11) -> 61 | F22: =(E22+10) -> 71 | G22: FLIR | H22: =IF(J22="",("-"),(IF(J22="STD BY",("STD BY"),(IF(J22="N/A",("N/A"),(IF(J22<5,("Normal"),(IF(J22<11,("Low"),(IF(J22<21,("Medium"),(IF(J22<41,("High"),("Critical")))))))))))))) -> STD BY | J22: =IF(M22="",(""),(IF(M22="STD BY",("STD BY"),(IF(M22="N/A",("N/A"),(IF(M22-K22>0,(M22-K22),(0)))))))) -> STD BY | K22: 50 | M22: STD BY
D23: Bearing 3 Fluid Coupling | E23: =(K23+11) -> 61 | F23: =(E23+10) -> 71 | G23: FLIR | H23: =IF(J23="",("-"),(IF(J23="STD BY",("STD BY"),(IF(J23="N/A",("N/A"),(IF(J23<5,("Normal"),(IF(J23<11,("Low"),(IF(J23<21,("Medium"),(IF(J23<41,("High"),("Critical")))))))))))))) -> STD BY | J23: =IF(M23="",(""),(IF(M23="STD BY",("STD BY"),(IF(M23="N/A",("N/A"),(IF(M23-K23>0,(M23-K23),(0)))))))) -> STD BY | K23: 50 | M23: STD BY
D24: Bearing 4 Fluid Coupling | E24: =(K24+11) -> 61 | F24: =(E24+10) -> 71 | G24: FLIR | H24: =IF(J24="",("-"),(IF(J24="STD BY",("STD BY"),(IF(J24="N/A",("N/A"),(IF(J24<5,("Normal"),(IF(J24<11,("Low"),(IF(J24<21,("Medium"),(IF(J24<41,("High"),("Critical")))))))))))))) -> STD BY | J24: =IF(M24="",(""),(IF(M24="STD BY",("STD BY"),(IF(M24="N/A",("N/A"),(IF(M24-K24>0,(M24-K24),(0)))))))) -> STD BY | K24: 50 | M24: STD BY
D25: Bearing 5 pump | E25: =(K25+11) -> 61 | F25: =(E25+10) -> 71 | G25: FLIR | H25: =IF(J25="",("-"),(IF(J25="STD BY",("STD BY"),(IF(J25="N/A",("N/A"),(IF(J25<5,("Normal"),(IF(J25<11,("Low"),(IF(J25<21,("Medium"),(IF(J25<41,("High"),("Critical")))))))))))))) -> STD BY | J25: =IF(M25="",(""),(IF(M25="STD BY",("STD BY"),(IF(M25="N/A",("N/A"),(IF(M25-K25>0,(M25-K25),(0)))))))) -> STD BY | K25: 50 | M25: STD BY
D26: Bearing 6 pump | E26: =(K26+11) -> 61 | F26: =(E26+10) -> 71 | G26: FLIR | H26: =IF(J26="",("-"),(IF(J26="STD BY",("STD BY"),(IF(J26="N/A",("N/A"),(IF(J26<5,("Normal"),(IF(J26<11,("Low"),(IF(J26<21,("Medium"),(IF(J26<41,("High"),("Critical")))))))))))))) -> STD BY | J26: =IF(M26="",(""),(IF(M26="STD BY",("STD BY"),(IF(M26="N/A",("N/A"),(IF(M26-K26>0,(M26-K26),(0)))))))) -> STD BY | K26: 50 | M26: STD BY
D27: Conection Phasa R | E27: =(K27+11) -> 41 | F27: =(E27+10) -> 51 | G27: FLIR | H27: =IF(J27="",("-"),(IF(J27="STD BY",("STD BY"),(IF(J27="N/A",("N/A"),(IF(J27<5,("Normal"),(IF(J27<11,("Low"),(IF(J27<21,("Medium"),(IF(J27<41,("High"),("Critical")))))))))))))) -> STD BY | J27: =IF(M27="",(""),(IF(M27="STD BY",("STD BY"),(IF(M27="N/A",("N/A"),(IF(M27-K27>0,(M27-K27),(0)))))))) -> STD BY | K27: 30 | M27: STD BY
D28: Conection Phasa S | E28: =(K28+11) -> 41 | F28: =(E28+10) -> 51 | G28: FLIR | H28: =IF(J28="",("-"),(IF(J28="STD BY",("STD BY"),(IF(J28="N/A",("N/A"),(IF(J28<5,("Normal"),(IF(J28<11,("Low"),(IF(J28<21,("Medium"),(IF(J28<41,("High"),("Critical")))))))))))))) -> STD BY | J28: =IF(M28="",(""),(IF(M28="STD BY",("STD BY"),(IF(M28="N/A",("N/A"),(IF(M28-K28>0,(M28-K28),(0)))))))) -> STD BY | K28: 30 | M28: STD BY
D29: Conection Phasa T | E29: =(K29+11) -> 41 | F29: =(E29+10) -> 51 | G29: FLIR | H29: =IF(J29="",("-"),(IF(J29="STD BY",("STD BY"),(IF(J29="N/A",("N/A"),(IF(J29<5,("Normal"),(IF(J29<11,("Low"),(IF(J29<21,("Medium"),(IF(J29<41,("High"),("Critical")))))))))))))) -> STD BY | J29: =IF(M29="",(""),(IF(M29="STD BY",("STD BY"),(IF(M29="N/A",("N/A"),(IF(M29-K29>0,(M29-K29),(0)))))))) -> STD BY | K29: 30 | M29: STD BY
A30: 1 | B30: LJ10LAC10AP002-001 | C30: EQUIPMENT-BOILER FEEDWATER PUMP (BFP) 1B | D30: Cover winding motor | E30: =(K30+11) -> 71 | F30: =(E30+10) -> 81 | G30: FLIR | H30: =IF(J30="",("-"),(IF(J30="STD BY",("STD BY"),(IF(J30="N/A",("N/A"),(IF(J30<5,("Normal"),(IF(J30<11,("Low"),(IF(J30<21,("Medium"),(IF(J30<41,("High"),("Critical")))))))))))))) -> Low | I30: =IF(COUNTIF(H30:H39,"-")>0,("-"),(IF(COUNTIF(H30:H39,"STD BY")>0,("STD BY"),(IF(COUNTIF(H30:H39,"N/A")>0,("N/A"),(IF(COUNTIF(H30:H39,"Critical")>0,("Critical"),(IF(COUNTIF(H30:H39,"High")>0,("High"),(IF(COUNTIF(H30:H39,"Medium")>0,("Medium"),(IF(COUNTIF(H30:H39,"Low")>0,("Low"),("Normal")))))))))))))) -> Medium | J30: =IF(M30="",(""),(IF(M30="STD BY",("STD BY"),(IF(M30="N/A",("N/A"),(IF(M30-K30>0,(M30-K30),(0)))))))) -> 8.7 | K30: 60 | L30: 46223 | M30: 68.7 | N30: Keterangan : Tidak ada hotspot / kenaikan temperature yang berbahaya. Rekomendasi : Lakukan pengukuran thermography sesuai 52 week.
D31: Bearing 1 motor | E31: =(K31+11) -> 66 | F31: =(E31+10) -> 76 | G31: FLIR | H31: =IF(J31="",("-"),(IF(J31="STD BY",("STD BY"),(IF(J31="N/A",("N/A"),(IF(J31<5,("Normal"),(IF(J31<11,("Low"),(IF(J31<21,("Medium"),(IF(J31<41,("High"),("Critical")))))))))))))) -> Normal | J31: =IF(M31="",(""),(IF(M31="STD BY",("STD BY"),(IF(M31="N/A",("N/A"),(IF(M31-K31>0,(M31-K31),(0)))))))) -> 3.5 | K31: 55 | L31: 46223 | M31: 58.5
D32: Bearing 2 motor | E32: =(K32+11) -> 61 | F32: =(E32+10) -> 71 | G32: FLIR | H32: =IF(J32="",("-"),(IF(J32="STD BY",("STD BY"),(IF(J32="N/A",("N/A"),(IF(J32<5,("Normal"),(IF(J32<11,("Low"),(IF(J32<21,("Medium"),(IF(J32<41,("High"),("Critical")))))))))))))) -> Normal | J32: =IF(M32="",(""),(IF(M32="STD BY",("STD BY"),(IF(M32="N/A",("N/A"),(IF(M32-K32>0,(M32-K32),(0)))))))) -> 0.3 | K32: 50 | L32: 46223 | M32: 50.3
D33: Bearing 3 Fluid Coupling | E33: =(K33+11) -> 61 | F33: =(E33+10) -> 71 | G33: FLIR | H33: =IF(J33="",("-"),(IF(J33="STD BY",("STD BY"),(IF(J33="N/A",("N/A"),(IF(J33<5,("Normal"),(IF(J33<11,("Low"),(IF(J33<21,("Medium"),(IF(J33<41,("High"),("Critical")))))))))))))) -> Normal | J33: =IF(M33="",(""),(IF(M33="STD BY",("STD BY"),(IF(M33="N/A",("N/A"),(IF(M33-K33>0,(M33-K33),(0)))))))) -> 1.1 | K33: 50 | L33: 46223 | M33: 51.1
D34: Bearing 4 Fluid Coupling | E34: =(K34+11) -> 61 | F34: =(E34+10) -> 71 | G34: FLIR | H34: =IF(J34="",("-"),(IF(J34="STD BY",("STD BY"),(IF(J34="N/A",("N/A"),(IF(J34<5,("Normal"),(IF(J34<11,("Low"),(IF(J34<21,("Medium"),(IF(J34<41,("High"),("Critical")))))))))))))) -> Normal | J34: =IF(M34="",(""),(IF(M34="STD BY",("STD BY"),(IF(M34="N/A",("N/A"),(IF(M34-K34>0,(M34-K34),(0)))))))) -> 0.1 | K34: 50 | L34: 46223 | M34: 50.1
D35: Bearing 5 pump | E35: =(K35+11) -> 61 | F35: =(E35+10) -> 71 | G35: FLIR | H35: =IF(J35="",("-"),(IF(J35="STD BY",("STD BY"),(IF(J35="N/A",("N/A"),(IF(J35<5,("Normal"),(IF(J35<11,("Low"),(IF(J35<21,("Medium"),(IF(J35<41,("High"),("Critical")))))))))))))) -> Normal | J35: =IF(M35="",(""),(IF(M35="STD BY",("STD BY"),(IF(M35="N/A",("N/A"),(IF(M35-K35>0,(M35-K35),(0)))))))) -> 0.6 | K35: 50 | L35: 46223 | M35: 50.6
D36: Bearing 6 pump | E36: =(K36+11) -> 61 | F36: =(E36+10) -> 71 | G36: FLIR | H36: =IF(J36="",("-"),(IF(J36="STD BY",("STD BY"),(IF(J36="N/A",("N/A"),(IF(J36<5,("Normal"),(IF(J36<11,("Low"),(IF(J36<21,("Medium"),(IF(J36<41,("High"),("Critical")))))))))))))) -> Medium | J36: =IF(M36="",(""),(IF(M36="STD BY",("STD BY"),(IF(M36="N/A",("N/A"),(IF(M36-K36>0,(M36-K36),(0)))))))) -> 17.1 | K36: 50 | L36: 46223 | M36: 67.1
D37: Conection Phasa R | E37: =(K37+11) -> 41 | F37: =(E37+10) -> 51 | G37: FLIR | H37: =IF(J37="",("-"),(IF(J37="STD BY",("STD BY"),(IF(J37="N/A",("N/A"),(IF(J37<5,("Normal"),(IF(J37<11,("Low"),(IF(J37<21,("Medium"),(IF(J37<41,("High"),("Critical")))))))))))))) -> Normal | J37: =IF(M37="",(""),(IF(M37="STD BY",("STD BY"),(IF(M37="N/A",("N/A"),(IF(M37-K37>0,(M37-K37),(0)))))))) -> 0.9 | K37: 30 | L37: 46223 | M37: 30.9
D38: Conection Phasa S | E38: =(K38+11) -> 41 | F38: =(E38+10) -> 51 | G38: FLIR | H38: =IF(J38="",("-"),(IF(J38="STD BY",("STD BY"),(IF(J38="N/A",("N/A"),(IF(J38<5,("Normal"),(IF(J38<11,("Low"),(IF(J38<21,("Medium"),(IF(J38<41,("High"),("Critical")))))))))))))) -> Normal | J38: =IF(M38="",(""),(IF(M38="STD BY",("STD BY"),(IF(M38="N/A",("N/A"),(IF(M38-K38>0,(M38-K38),(0)))))))) -> 0.9 | K38: 30 | L38: 46223 | M38: 30.9
D39: Conection Phasa T | E39: =(K39+11) -> 41 | F39: =(E39+10) -> 51 | G39: FLIR | H39: =IF(J39="",("-"),(IF(J39="STD BY",("STD BY"),(IF(J39="N/A",("N/A"),(IF(J39<5,("Normal"),(IF(J39<11,("Low"),(IF(J39<21,("Medium"),(IF(J39<41,("High"),("Critical")))))))))))))) -> Normal | J39: =IF(M39="",(""),(IF(M39="STD BY",("STD BY"),(IF(M39="N/A",("N/A"),(IF(M39-K39>0,(M39-K39),(0)))))))) -> 0.9 | K39: 30 | L39: 46223 | M39: 30.9
A40: 1 | B40: LJ10HNC10AN001-001 | C40: EQUIPMENT-INDUCE DRAUGHT FAN (IDF) 1A | D40: Cover winding motor | E40: =(K40+11) -> 71 | F40: =(E40+10) -> 81 | G40: FLIR | H40: =IF(J40="",("-"),(IF(J40="STD BY",("STD BY"),(IF(J40="N/A",("N/A"),(IF(J40<5,("Normal"),(IF(J40<11,("Low"),(IF(J40<21,("Medium"),(IF(J40<41,("High"),("Critical")))))))))))))) -> Normal | I40: =IF(COUNTIF(H40:H47,"-")>0,("-"),(IF(COUNTIF(H40:H47,"STD BY")>0,("STD BY"),(IF(COUNTIF(H40:H47,"N/A")>0,("N/A"),(IF(COUNTIF(H40:H47,"Critical")>0,("Critical"),(IF(COUNTIF(H40:H47,"High")>0,("High"),(IF(COUNTIF(H40:H47,"Medium")>0,("Medium"),(IF(COUNTIF(H40:H47,"Low")>0,("Low"),("Normal")))))))))))))) -> Normal | J40: =IF(M40="",(""),(IF(M40="STD BY",("STD BY"),(IF(M40="N/A",("N/A"),(IF(M40-K40>0,(M40-K40),(0)))))))) -> 0.9 | K40: 60 | L40: 46216 | M40: 60.9 | N40: Keterangan : Tidak ada hotspot / kenaikan temperature yang berbahaya. Rekomendasi : Lakukan pengukuran thermography sesuai 52 week.
D41: Bearing 1 motor | E41: =(K41+11) -> 61 | F41: =(E41+10) -> 71 | G41: FLIR | H41: =IF(J41="",("-"),(IF(J41="STD BY",("STD BY"),(IF(J41="N/A",("N/A"),(IF(J41<5,("Normal"),(IF(J41<11,("Low"),(IF(J41<21,("Medium"),(IF(J41<41,("High"),("Critical")))))))))))))) -> Normal | J41: =IF(M41="",(""),(IF(M41="STD BY",("STD BY"),(IF(M41="N/A",("N/A"),(IF(M41-K41>0,(M41-K41),(0)))))))) -> 0 | K41: 50 | L41: 46216 | M41: 35.5
D42: Bearing 2 motor | E42: =(K42+11) -> 61 | F42: =(E42+10) -> 71 | G42: FLIR | H42: =IF(J42="",("-"),(IF(J42="STD BY",("STD BY"),(IF(J42="N/A",("N/A"),(IF(J42<5,("Normal"),(IF(J42<11,("Low"),(IF(J42<21,("Medium"),(IF(J42<41,("High"),("Critical")))))))))))))) -> Normal | J42: =IF(M42="",(""),(IF(M42="STD BY",("STD BY"),(IF(M42="N/A",("N/A"),(IF(M42-K42>0,(M42-K42),(0)))))))) -> 2.7 | K42: 50 | L42: 46216 | M42: 52.7
D43: Bearing 3 fan | E43: =(K43+11) -> 61 | F43: =(E43+10) -> 71 | G43: FLIR | H43: =IF(J43="",("-"),(IF(J43="STD BY",("STD BY"),(IF(J43="N/A",("N/A"),(IF(J43<5,("Normal"),(IF(J43<11,("Low"),(IF(J43<21,("Medium"),(IF(J43<41,("High"),("Critical")))))))))))))) -> Normal | J43: =IF(M43="",(""),(IF(M43="STD BY",("STD BY"),(IF(M43="N/A",("N/A"),(IF(M43-K43>0,(M43-K43),(0)))))))) -> 0 | K43: 50 | L43: 46216 | M43: 48.8
D44: Bearing 4 fan | E44: =(K44+11) -> 61 | F44: =(E44+10) -> 71 | G44: FLIR | H44: =IF(J44="",("-"),(IF(J44="STD BY",("STD BY"),(IF(J44="N/A",("N/A"),(IF(J44<5,("Normal"),(IF(J44<11,("Low"),(IF(J44<21,("Medium"),(IF(J44<41,("High"),("Critical")))))))))))))) -> Normal | J44: =IF(M44="",(""),(IF(M44="STD BY",("STD BY"),(IF(M44="N/A",("N/A"),(IF(M44-K44>0,(M44-K44),(0)))))))) -> 0 | K44: 50 | L44: 46216 | M44: 48.8
D45: Conection Phasa R | E45: =(K45+11) -> 41 | F45: =(E45+10) -> 51 | G45: FLIR | H45: =IF(J45="",("-"),(IF(J45="STD BY",("STD BY"),(IF(J45="N/A",("N/A"),(IF(J45<5,("Normal"),(IF(J45<11,("Low"),(IF(J45<21,("Medium"),(IF(J45<41,("High"),("Critical")))))))))))))) -> Normal | J45: =IF(M45="",(""),(IF(M45="STD BY",("STD BY"),(IF(M45="N/A",("N/A"),(IF(M45-K45>0,(M45-K45),(0)))))))) -> 0 | K45: 30 | L45: 46216 | M45: 27.7
D46: Conection Phasa S | E46: =(K46+11) -> 41 | F46: =(E46+10) -> 51 | G46: FLIR | H46: =IF(J46="",("-"),(IF(J46="STD BY",("STD BY"),(IF(J46="N/A",("N/A"),(IF(J46<5,("Normal"),(IF(J46<11,("Low"),(IF(J46<21,("Medium"),(IF(J46<41,("High"),("Critical")))))))))))))) -> Normal | J46: =IF(M46="",(""),(IF(M46="STD BY",("STD BY"),(IF(M46="N/A",("N/A"),(IF(M46-K46>0,(M46-K46),(0)))))))) -> 0 | K46: 30 | L46: 46216 | M46: 27.7
D47: Conection Phasa T | E47: =(K47+11) -> 41 | F47: =(E47+10) -> 51 | G47: FLIR | H47: =IF(J47="",("-"),(IF(J47="STD BY",("STD BY"),(IF(J47="N/A",("N/A"),(IF(J47<5,("Normal"),(IF(J47<11,("Low"),(IF(J47<21,("Medium"),(IF(J47<41,("High"),("Critical")))))))))))))) -> Normal | J47: =IF(M47="",(""),(IF(M47="STD BY",("STD BY"),(IF(M47="N/A",("N/A"),(IF(M47-K47>0,(M47-K47),(0)))))))) -> 0 | K47: 30 | L47: 46216 | M47: 27.8
A48: 1 | B48: LJ10HNC10AN002-001 | C48: EQUIPMENT-INDUCE DRAUGHT FAN (IDF) 1B | D48: Cover winding motor | E48: =(K48+11) -> 71 | F48: =(E48+10) -> 81 | G48: FLIR | H48: =IF(J48="",("-"),(IF(J48="STD BY",("STD BY"),(IF(J48="N/A",("N/A"),(IF(J48<5,("Normal"),(IF(J48<11,("Low"),(IF(J48<21,("Medium"),(IF(J48<41,("High"),("Critical")))))))))))))) -> Normal | I48: =IF(COUNTIF(H48:H55,"-")>0,("-"),(IF(COUNTIF(H48:H55,"STD BY")>0,("STD BY"),(IF(COUNTIF(H48:H55,"N/A")>0,("N/A"),(IF(COUNTIF(H48:H55,"Critical")>0,("Critical"),(IF(COUNTIF(H48:H55,"High")>0,("High"),(IF(COUNTIF(H48:H55,"Medium")>0,("Medium"),(IF(COUNTIF(H48:H55,"Low")>0,("Low"),("Normal")))))))))))))) -> Low | J48: =IF(M48="",(""),(IF(M48="STD BY",("STD BY"),(IF(M48="N/A",("N/A"),(IF(M48-K48>0,(M48-K48),(0)))))))) -> 0 | K48: 60 | L48: 46230 | M48: 57.8 | N48: Keterangan : Tidak ada hotspot / kenaikan temperature yang berbahaya. Rekomendasi : Lakukan pengukuran thermography sesuai 52 week.
D49: Bearing 1 motor | E49: =(K49+11) -> 61 | F49: =(E49+10) -> 71 | G49: FLIR | H49: =IF(J49="",("-"),(IF(J49="STD BY",("STD BY"),(IF(J49="N/A",("N/A"),(IF(J49<5,("Normal"),(IF(J49<11,("Low"),(IF(J49<21,("Medium"),(IF(J49<41,("High"),("Critical")))))))))))))) -> Normal | J49: =IF(M49="",(""),(IF(M49="STD BY",("STD BY"),(IF(M49="N/A",("N/A"),(IF(M49-K49>0,(M49-K49),(0)))))))) -> 0 | K49: 50 | L49: 46230 | M49: 38.1
D50: Bearing 2 motor | E50: =(K50+11) -> 61 | F50: =(E50+10) -> 71 | G50: FLIR | H50: =IF(J50="",("-"),(IF(J50="STD BY",("STD BY"),(IF(J50="N/A",("N/A"),(IF(J50<5,("Normal"),(IF(J50<11,("Low"),(IF(J50<21,("Medium"),(IF(J50<41,("High"),("Critical")))))))))))))) -> Low | J50: =IF(M50="",(""),(IF(M50="STD BY",("STD BY"),(IF(M50="N/A",("N/A"),(IF(M50-K50>0,(M50-K50),(0)))))))) -> 7.7 | K50: 50 | L50: 46230 | M50: 57.7
D51: Bearing 3 fan | E51: =(K51+11) -> 61 | F51: =(E51+10) -> 71 | G51: FLIR | H51: =IF(J51="",("-"),(IF(J51="STD BY",("STD BY"),(IF(J51="N/A",("N/A"),(IF(J51<5,("Normal"),(IF(J51<11,("Low"),(IF(J51<21,("Medium"),(IF(J51<41,("High"),("Critical")))))))))))))) -> Normal | J51: =IF(M51="",(""),(IF(M51="STD BY",("STD BY"),(IF(M51="N/A",("N/A"),(IF(M51-K51>0,(M51-K51),(0)))))))) -> 0 | K51: 50 | L51: 46230 | M51: 46.1
D52: Bearing 4 fan | E52: =(K52+11) -> 61 | F52: =(E52+10) -> 71 | G52: FLIR | H52: =IF(J52="",("-"),(IF(J52="STD BY",("STD BY"),(IF(J52="N/A",("N/A"),(IF(J52<5,("Normal"),(IF(J52<11,("Low"),(IF(J52<21,("Medium"),(IF(J52<41,("High"),("Critical")))))))))))))) -> Normal | J52: =IF(M52="",(""),(IF(M52="STD BY",("STD BY"),(IF(M52="N/A",("N/A"),(IF(M52-K52>0,(M52-K52),(0)))))))) -> 0 | K52: 50 | L52: 46230 | M52: 47.3
D53: Conection Phasa R | E53: =(K53+11) -> 41 | F53: =(E53+10) -> 51 | G53: FLIR | H53: =IF(J53="",("-"),(IF(J53="STD BY",("STD BY"),(IF(J53="N/A",("N/A"),(IF(J53<5,("Normal"),(IF(J53<11,("Low"),(IF(J53<21,("Medium"),(IF(J53<41,("High"),("Critical")))))))))))))) -> Normal | J53: =IF(M53="",(""),(IF(M53="STD BY",("STD BY"),(IF(M53="N/A",("N/A"),(IF(M53-K53>0,(M53-K53),(0)))))))) -> 2.4 | K53: 30 | L53: 46230 | M53: 32.4
D54: Conection Phasa S | E54: =(K54+11) -> 41 | F54: =(E54+10) -> 51 | G54: FLIR | H54: =IF(J54="",("-"),(IF(J54="STD BY",("STD BY"),(IF(J54="N/A",("N/A"),(IF(J54<5,("Normal"),(IF(J54<11,("Low"),(IF(J54<21,("Medium"),(IF(J54<41,("High"),("Critical")))))))))))))) -> Normal | J54: =IF(M54="",(""),(IF(M54="STD BY",("STD BY"),(IF(M54="N/A",("N/A"),(IF(M54-K54>0,(M54-K54),(0)))))))) -> 3.4 | K54: 30 | L54: 46230 | M54: 33.4
D55: Conection Phasa T | E55: =(K55+11) -> 41 | F55: =(E55+10) -> 51 | G55: FLIR | H55: =IF(J55="",("-"),(IF(J55="STD BY",("STD BY"),(IF(J55="N/A",("N/A"),(IF(J55<5,("Normal"),(IF(J55<11,("Low"),(IF(J55<21,("Medium"),(IF(J55<41,("High"),("Critical")))))))))))))) -> Normal | J55: =IF(M55="",(""),(IF(M55="STD BY",("STD BY"),(IF(M55="N/A",("N/A"),(IF(M55-K55>0,(M55-K55),(0)))))))) -> 2.9 | K55: 30 | L55: 46230 | M55: 32.9
A56: 1 | B56: LJ10HLB10AN001-001 | C56: EQUIPMENT-PRIMARY AIR FAN (PAF) 1A | D56: Cover winding motor | E56: =(K56+11) -> 71 | F56: =(E56+10) -> 81 | G56: FLIR | H56: =IF(J56="",("-"),(IF(J56="STD BY",("STD BY"),(IF(J56="N/A",("N/A"),(IF(J56<5,("Normal"),(IF(J56<11,("Low"),(IF(J56<21,("Medium"),(IF(J56<41,("High"),("Critical")))))))))))))) -> Normal | I56: =IF(COUNTIF(H56:H63,"-")>0,("-"),(IF(COUNTIF(H56:H63,"STD BY")>0,("STD BY"),(IF(COUNTIF(H56:H63,"N/A")>0,("N/A"),(IF(COUNTIF(H56:H63,"Critical")>0,("Critical"),(IF(COUNTIF(H56:H63,"High")>0,("High"),(IF(COUNTIF(H56:H63,"Medium")>0,("Medium"),(IF(COUNTIF(H56:H63,"Low")>0,("Low"),("Normal")))))))))))))) -> Low | J56: =IF(M56="",(""),(IF(M56="STD BY",("STD BY"),(IF(M56="N/A",("N/A"),(IF(M56-K56>0,(M56-K56),(0)))))))) -> 0 | K56: 60 | L56: 46216 | M56: 51.9 | N56: Keterangan : Tidak ada hotspot / kenaikan temperature yang berbahaya. Rekomendasi : Lakukan pengukuran thermography sesuai 52 week.
D57: Bearing 1 motor | E57: =(K57+11) -> 51 | F57: =(E57+10) -> 61 | G57: FLIR | H57: =IF(J57="",("-"),(IF(J57="STD BY",("STD BY"),(IF(J57="N/A",("N/A"),(IF(J57<5,("Normal"),(IF(J57<11,("Low"),(IF(J57<21,("Medium"),(IF(J57<41,("High"),("Critical")))))))))))))) -> Normal | J57: =IF(M57="",(""),(IF(M57="STD BY",("STD BY"),(IF(M57="N/A",("N/A"),(IF(M57-K57>0,(M57-K57),(0)))))))) -> 0 | K57: 40 | L57: 46216 | M57: 34.9
D58: Bearing 2 motor | E58: =(K58+11) -> 61 | F58: =(E58+10) -> 71 | G58: FLIR | H58: =IF(J58="",("-"),(IF(J58="STD BY",("STD BY"),(IF(J58="N/A",("N/A"),(IF(J58<5,("Normal"),(IF(J58<11,("Low"),(IF(J58<21,("Medium"),(IF(J58<41,("High"),("Critical")))))))))))))) -> Normal | J58: =IF(M58="",(""),(IF(M58="STD BY",("STD BY"),(IF(M58="N/A",("N/A"),(IF(M58-K58>0,(M58-K58),(0)))))))) -> 3.7 | K58: 50 | L58: 46216 | M58: 53.7
D59: Bearing 3 fan | E59: =(K59+11) -> 61 | F59: =(E59+10) -> 71 | G59: FLIR | H59: =IF(J59="",("-"),(IF(J59="STD BY",("STD BY"),(IF(J59="N/A",("N/A"),(IF(J59<5,("Normal"),(IF(J59<11,("Low"),(IF(J59<21,("Medium"),(IF(J59<41,("High"),("Critical")))))))))))))) -> Low | J59: =IF(M59="",(""),(IF(M59="STD BY",("STD BY"),(IF(M59="N/A",("N/A"),(IF(M59-K59>0,(M59-K59),(0)))))))) -> 8.4 | K59: 50 | L59: 46216 | M59: 58.4
D60: Bearing 4 fan | E60: =(K60+11) -> 61 | F60: =(E60+10) -> 71 | G60: FLIR | H60: =IF(J60="",("-"),(IF(J60="STD BY",("STD BY"),(IF(J60="N/A",("N/A"),(IF(J60<5,("Normal"),(IF(J60<11,("Low"),(IF(J60<21,("Medium"),(IF(J60<41,("High"),("Critical")))))))))))))) -> Low | J60: =IF(M60="",(""),(IF(M60="STD BY",("STD BY"),(IF(M60="N/A",("N/A"),(IF(M60-K60>0,(M60-K60),(0)))))))) -> 10.3 | K60: 50 | L60: 46216 | M60: 60.3
D61: Conection Phasa R | E61: =(K61+11) -> 41 | F61: =(E61+10) -> 51 | G61: FLIR | H61: =IF(J61="",("-"),(IF(J61="STD BY",("STD BY"),(IF(J61="N/A",("N/A"),(IF(J61<5,("Normal"),(IF(J61<11,("Low"),(IF(J61<21,("Medium"),(IF(J61<41,("High"),("Critical")))))))))))))) -> Normal | J61: =IF(M61="",(""),(IF(M61="STD BY",("STD BY"),(IF(M61="N/A",("N/A"),(IF(M61-K61>0,(M61-K61),(0)))))))) -> 0 | K61: 30 | L61: 46216 | M61: 22.2
D62: Conection Phasa S | E62: =(K62+11) -> 41 | F62: =(E62+10) -> 51 | G62: FLIR | H62: =IF(J62="",("-"),(IF(J62="STD BY",("STD BY"),(IF(J62="N/A",("N/A"),(IF(J62<5,("Normal"),(IF(J62<11,("Low"),(IF(J62<21,("Medium"),(IF(J62<41,("High"),("Critical")))))))))))))) -> Normal | J62: =IF(M62="",(""),(IF(M62="STD BY",("STD BY"),(IF(M62="N/A",("N/A"),(IF(M62-K62>0,(M62-K62),(0)))))))) -> 0 | K62: 30 | L62: 46216 | M62: 22.3
D63: Conection Phasa T | E63: =(K63+11) -> 41 | F63: =(E63+10) -> 51 | G63: FLIR | H63: =IF(J63="",("-"),(IF(J63="STD BY",("STD BY"),(IF(J63="N/A",("N/A"),(IF(J63<5,("Normal"),(IF(J63<11,("Low"),(IF(J63<21,("Medium"),(IF(J63<41,("High"),("Critical")))))))))))))) -> Normal | J63: =IF(M63="",(""),(IF(M63="STD BY",("STD BY"),(IF(M63="N/A",("N/A"),(IF(M63-K63>0,(M63-K63),(0)))))))) -> 0 | K63: 30 | L63: 46216 | M63: 22.3
A64: 1 | B64: LJ10HLB10AN002-001 | C64: EQUIPMENT-PRIMARY AIR FAN (PAF) 1B | D64: Cover winding motor | E64: =(K64+11) -> 71 | F64: =(E64+10) -> 81 | G64: FLIR | H64: =IF(J64="",("-"),(IF(J64="STD BY",("STD BY"),(IF(J64="N/A",("N/A"),(IF(J64<5,("Normal"),(IF(J64<11,("Low"),(IF(J64<21,("Medium"),(IF(J64<41,("High"),("Critical")))))))))))))) -> Normal | I64: =IF(COUNTIF(H64:H71,"-")>0,("-"),(IF(COUNTIF(H64:H71,"STD BY")>0,("STD BY"),(IF(COUNTIF(H64:H71,"N/A")>0,("N/A"),(IF(COUNTIF(H64:H71,"Critical")>0,("Critical"),(IF(COUNTIF(H64:H71,"High")>0,("High"),(IF(COUNTIF(H64:H71,"Medium")>0,("Medium"),(IF(COUNTIF(H64:H71,"Low")>0,("Low"),("Normal")))))))))))))) -> Low | J64: =IF(M64="",(""),(IF(M64="STD BY",("STD BY"),(IF(M64="N/A",("N/A"),(IF(M64-K64>0,(M64-K64),(0)))))))) -> 0 | K64: 60 | L64: 46230 | M64: 48.6 | N64: Keterangan : Tidak ada hotspot / kenaikan temperature yang berbahaya. Rekomendasi : Lakukan pengukuran thermography sesuai 52 week.
D65: Bearing 1 motor | E65: =(K65+11) -> 51 | F65: =(E65+10) -> 61 | G65: FLIR | H65: =IF(J65="",("-"),(IF(J65="STD BY",("STD BY"),(IF(J65="N/A",("N/A"),(IF(J65<5,("Normal"),(IF(J65<11,("Low"),(IF(J65<21,("Medium"),(IF(J65<41,("High"),("Critical")))))))))))))) -> Normal | J65: =IF(M65="",(""),(IF(M65="STD BY",("STD BY"),(IF(M65="N/A",("N/A"),(IF(M65-K65>0,(M65-K65),(0)))))))) -> 0 | K65: 40 | L65: 46230 | M65: 37.2
D66: Bearing 2 motor | E66: =(K66+11) -> 61 | F66: =(E66+10) -> 71 | G66: FLIR | H66: =IF(J66="",("-"),(IF(J66="STD BY",("STD BY"),(IF(J66="N/A",("N/A"),(IF(J66<5,("Normal"),(IF(J66<11,("Low"),(IF(J66<21,("Medium"),(IF(J66<41,("High"),("Critical")))))))))))))) -> Normal | J66: =IF(M66="",(""),(IF(M66="STD BY",("STD BY"),(IF(M66="N/A",("N/A"),(IF(M66-K66>0,(M66-K66),(0)))))))) -> 0 | K66: 50 | L66: 46230 | M66: 45.8
D67: Bearing 3 fan | E67: =(K67+11) -> 61 | F67: =(E67+10) -> 71 | G67: FLIR | H67: =IF(J67="",("-"),(IF(J67="STD BY",("STD BY"),(IF(J67="N/A",("N/A"),(IF(J67<5,("Normal"),(IF(J67<11,("Low"),(IF(J67<21,("Medium"),(IF(J67<41,("High"),("Critical")))))))))))))) -> Low | J67: =IF(M67="",(""),(IF(M67="STD BY",("STD BY"),(IF(M67="N/A",("N/A"),(IF(M67-K67>0,(M67-K67),(0)))))))) -> 5.3 | K67: 50 | L67: 46230 | M67: 55.3
D68: Bearing 4 fan | E68: =(K68+11) -> 61 | F68: =(E68+10) -> 71 | G68: FLIR | H68: =IF(J68="",("-"),(IF(J68="STD BY",("STD BY"),(IF(J68="N/A",("N/A"),(IF(J68<5,("Normal"),(IF(J68<11,("Low"),(IF(J68<21,("Medium"),(IF(J68<41,("High"),("Critical")))))))))))))) -> Low | J68: =IF(M68="",(""),(IF(M68="STD BY",("STD BY"),(IF(M68="N/A",("N/A"),(IF(M68-K68>0,(M68-K68),(0)))))))) -> 6.7 | K68: 50 | L68: 46230 | M68: 56.7
D69: Conection Phasa R | E69: =(K69+11) -> 41 | F69: =(E69+10) -> 51 | G69: FLIR | H69: =IF(J69="",("-"),(IF(J69="STD BY",("STD BY"),(IF(J69="N/A",("N/A"),(IF(J69<5,("Normal"),(IF(J69<11,("Low"),(IF(J69<21,("Medium"),(IF(J69<41,("High"),("Critical")))))))))))))) -> Normal | J69: =IF(M69="",(""),(IF(M69="STD BY",("STD BY"),(IF(M69="N/A",("N/A"),(IF(M69-K69>0,(M69-K69),(0)))))))) -> 0.8 | K69: 30 | L69: 46230 | M69: 30.8
D70: Conection Phasa S | E70: =(K70+11) -> 41 | F70: =(E70+10) -> 51 | G70: FLIR | H70: =IF(J70="",("-"),(IF(J70="STD BY",("STD BY"),(IF(J70="N/A",("N/A"),(IF(J70<5,("Normal"),(IF(J70<11,("Low"),(IF(J70<21,("Medium"),(IF(J70<41,("High"),("Critical")))))))))))))) -> Normal | J70: =IF(M70="",(""),(IF(M70="STD BY",("STD BY"),(IF(M70="N/A",("N/A"),(IF(M70-K70>0,(M70-K70),(0)))))))) -> 0.8 | K70: 30 | L70: 46230 | M70: 30.8
D71: Conection Phasa T | E71: =(K71+11) -> 41 | F71: =(E71+10) -> 51 | G71: FLIR | H71: =IF(J71="",("-"),(IF(J71="STD BY",("STD BY"),(IF(J71="N/A",("N/A"),(IF(J71<5,("Normal"),(IF(J71<11,("Low"),(IF(J71<21,("Medium"),(IF(J71<41,("High"),("Critical")))))))))))))) -> Normal | J71: =IF(M71="",(""),(IF(M71="STD BY",("STD BY"),(IF(M71="N/A",("N/A"),(IF(M71-K71>0,(M71-K71),(0)))))))) -> 0.7 | K71: 30 | L71: 46230 | M71: 30.7
A72: 1 | B72: LJ10HLB10AN003-001 | C72: EQUIPMENT-SECONDARY AIR FAN (SAF) 1A | D72: Cover winding motor | E72: =(K72+11) -> 71 | F72: =(E72+10) -> 81 | G72: FLIR | H72: =IF(J72="",("-"),(IF(J72="STD BY",("STD BY"),(IF(J72="N/A",("N/A"),(IF(J72<5,("Normal"),(IF(J72<11,("Low"),(IF(J72<21,("Medium"),(IF(J72<41,("High"),("Critical")))))))))))))) -> Normal | I72: =IF(COUNTIF(H72:H79,"-")>0,("-"),(IF(COUNTIF(H72:H79,"STD BY")>0,("STD BY"),(IF(COUNTIF(H72:H79,"N/A")>0,("N/A"),(IF(COUNTIF(H72:H79,"Critical")>0,("Critical"),(IF(COUNTIF(H72:H79,"High")>0,("High"),(IF(COUNTIF(H72:H79,"Medium")>0,("Medium"),(IF(COUNTIF(H72:H79,"Low")>0,("Low"),("Normal")))))))))))))) -> Normal | J72: =IF(M72="",(""),(IF(M72="STD BY",("STD BY"),(IF(M72="N/A",("N/A"),(IF(M72-K72>0,(M72-K72),(0)))))))) -> 0 | K72: 60 | L72: 46216 | M72: 51.2 | N72: Keterangan : Tidak ada hotspot / kenaikan temperature yang berbahaya. Rekomendasi : Lakukan pengukuran thermography sesuai 52 week.
D73: Bearing 1 motor | E73: =(K73+11) -> 61 | F73: =(E73+10) -> 71 | G73: FLIR | H73: =IF(J73="",("-"),(IF(J73="STD BY",("STD BY"),(IF(J73="N/A",("N/A"),(IF(J73<5,("Normal"),(IF(J73<11,("Low"),(IF(J73<21,("Medium"),(IF(J73<41,("High"),("Critical")))))))))))))) -> Normal | J73: =IF(M73="",(""),(IF(M73="STD BY",("STD BY"),(IF(M73="N/A",("N/A"),(IF(M73-K73>0,(M73-K73),(0)))))))) -> 0 | K73: 50 | L73: 46216 | M73: 33.4
D74: Bearing 2 motor | E74: =(K74+11) -> 61 | F74: =(E74+10) -> 71 | G74: FLIR | H74: =IF(J74="",("-"),(IF(J74="STD BY",("STD BY"),(IF(J74="N/A",("N/A"),(IF(J74<5,("Normal"),(IF(J74<11,("Low"),(IF(J74<21,("Medium"),(IF(J74<41,("High"),("Critical")))))))))))))) -> Normal | J74: =IF(M74="",(""),(IF(M74="STD BY",("STD BY"),(IF(M74="N/A",("N/A"),(IF(M74-K74>0,(M74-K74),(0)))))))) -> 0 | K74: 50 | L74: 46216 | M74: 48.1
D75: Bearing 3 fan | E75: =(K75+11) -> 61 | F75: =(E75+10) -> 71 | G75: FLIR | H75: =IF(J75="",("-"),(IF(J75="STD BY",("STD BY"),(IF(J75="N/A",("N/A"),(IF(J75<5,("Normal"),(IF(J75<11,("Low"),(IF(J75<21,("Medium"),(IF(J75<41,("High"),("Critical")))))))))))))) -> Normal | J75: =IF(M75="",(""),(IF(M75="STD BY",("STD BY"),(IF(M75="N/A",("N/A"),(IF(M75-K75>0,(M75-K75),(0)))))))) -> 0 | K75: 50 | L75: 46216 | M75: 48.9
D76: Bearing 4 fan | E76: =(K76+11) -> 61 | F76: =(E76+10) -> 71 | G76: FLIR | H76: =IF(J76="",("-"),(IF(J76="STD BY",("STD BY"),(IF(J76="N/A",("N/A"),(IF(J76<5,("Normal"),(IF(J76<11,("Low"),(IF(J76<21,("Medium"),(IF(J76<41,("High"),("Critical")))))))))))))) -> Normal | J76: 0 | K76: 50 | L76: 46216 | M76: 49
D77: Conection Phasa R | E77: =(K77+11) -> 41 | F77: =(E77+10) -> 51 | G77: FLIR | H77: =IF(J77="",("-"),(IF(J77="STD BY",("STD BY"),(IF(J77="N/A",("N/A"),(IF(J77<5,("Normal"),(IF(J77<11,("Low"),(IF(J77<21,("Medium"),(IF(J77<41,("High"),("Critical")))))))))))))) -> Normal | J77: =IF(M77="",(""),(IF(M77="STD BY",("STD BY"),(IF(M77="N/A",("N/A"),(IF(M77-K77>0,(M77-K77),(0)))))))) -> 0 | K77: 30 | L77: 46216 | M77: 0
D78: Conection Phasa S | E78: =(K78+11) -> 41 | F78: =(E78+10) -> 51 | G78: FLIR | H78: =IF(J78="",("-"),(IF(J78="STD BY",("STD BY"),(IF(J78="N/A",("N/A"),(IF(J78<5,("Normal"),(IF(J78<11,("Low"),(IF(J78<21,("Medium"),(IF(J78<41,("High"),("Critical")))))))))))))) -> Normal | J78: =IF(M78="",(""),(IF(M78="STD BY",("STD BY"),(IF(M78="N/A",("N/A"),(IF(M78-K78>0,(M78-K78),(0)))))))) -> 0 | K78: 30 | L78: 46216 | M78: 0
D79: Conection Phasa T | E79: =(K79+11) -> 41 | F79: =(E79+10) -> 51 | G79: FLIR | H79: =IF(J79="",("-"),(IF(J79="STD BY",("STD BY"),(IF(J79="N/A",("N/A"),(IF(J79<5,("Normal"),(IF(J79<11,("Low"),(IF(J79<21,("Medium"),(IF(J79<41,("High"),("Critical")))))))))))))) -> Normal | J79: =IF(M79="",(""),(IF(M79="STD BY",("STD BY"),(IF(M79="N/A",("N/A"),(IF(M79-K79>0,(M79-K79),(0)))))))) -> 0 | K79: 30 | L79: 46216 | M79: 0
A80: 1 | B80: LJ10HLB10AN004-001 | C80: EQUIPMENT-SECONDARY AIR FAN (SAF) 1B | D80: Cover winding motor | E80: =(K80+11) -> 71 | F80: =(E80+10) -> 81 | G80: FLIR | H80: =IF(J80="",("-"),(IF(J80="STD BY",("STD BY"),(IF(J80="N/A",("N/A"),(IF(J80<5,("Normal"),(IF(J80<11,("Low"),(IF(J80<21,("Medium"),(IF(J80<41,("High"),("Critical")))))))))))))) -> Normal | I80: =IF(COUNTIF(H80:H87,"-")>0,("-"),(IF(COUNTIF(H80:H87,"STD BY")>0,("STD BY"),(IF(COUNTIF(H80:H87,"N/A")>0,("N/A"),(IF(COUNTIF(H80:H87,"Critical")>0,("Critical"),(IF(COUNTIF(H80:H87,"High")>0,("High"),(IF(COUNTIF(H80:H87,"Medium")>0,("Medium"),(IF(COUNTIF(H80:H87,"Low")>0,("Low"),("Normal")))))))))))))) -> Low | J80: =IF(M80="",(""),(IF(M80="STD BY",("STD BY"),(IF(M80="N/A",("N/A"),(IF(M80-K80>0,(M80-K80),(0)))))))) -> 0 | K80: 60 | L80: 46230 | M80: 58.6 | N80: Keterangan : Tidak ada hotspot / kenaikan temperature yang berbahaya. Rekomendasi : Lakukan pengukuran thermography sesuai 52 week.
D81: Bearing 1 motor | E81: =(K81+11) -> 61 | F81: =(E81+10) -> 71 | G81: FLIR | H81: =IF(J81="",("-"),(IF(J81="STD BY",("STD BY"),(IF(J81="N/A",("N/A"),(IF(J81<5,("Normal"),(IF(J81<11,("Low"),(IF(J81<21,("Medium"),(IF(J81<41,("High"),("Critical")))))))))))))) -> Normal | J81: =IF(M81="",(""),(IF(M81="STD BY",("STD BY"),(IF(M81="N/A",("N/A"),(IF(M81-K81>0,(M81-K81),(0)))))))) -> 0 | K81: 50 | L81: 46230 | M81: 41
D82: Bearing 2 motor | E82: =(K82+11) -> 61 | F82: =(E82+10) -> 71 | G82: FLIR | H82: =IF(J82="",("-"),(IF(J82="STD BY",("STD BY"),(IF(J82="N/A",("N/A"),(IF(J82<5,("Normal"),(IF(J82<11,("Low"),(IF(J82<21,("Medium"),(IF(J82<41,("High"),("Critical")))))))))))))) -> Low | J82: =IF(M82="",(""),(IF(M82="STD BY",("STD BY"),(IF(M82="N/A",("N/A"),(IF(M82-K82>0,(M82-K82),(0)))))))) -> 8.1 | K82: 50 | L82: 46230 | M82: 58.1
D83: Bearing 3 fan | E83: =(K83+11) -> 61 | F83: =(E83+10) -> 71 | G83: FLIR | H83: =IF(J83="",("-"),(IF(J83="STD BY",("STD BY"),(IF(J83="N/A",("N/A"),(IF(J83<5,("Normal"),(IF(J83<11,("Low"),(IF(J83<21,("Medium"),(IF(J83<41,("High"),("Critical")))))))))))))) -> Normal | J83: =IF(M83="",(""),(IF(M83="STD BY",("STD BY"),(IF(M83="N/A",("N/A"),(IF(M83-K83>0,(M83-K83),(0)))))))) -> 3.4 | K83: 50 | L83: 46230 | M83: 53.4
D84: Bearing 4 fan | E84: =(K84+11) -> 61 | F84: =(E84+10) -> 71 | G84: FLIR | H84: =IF(J84="",("-"),(IF(J84="STD BY",("STD BY"),(IF(J84="N/A",("N/A"),(IF(J84<5,("Normal"),(IF(J84<11,("Low"),(IF(J84<21,("Medium"),(IF(J84<41,("High"),("Critical")))))))))))))) -> Low | J84: =IF(M84="",(""),(IF(M84="STD BY",("STD BY"),(IF(M84="N/A",("N/A"),(IF(M84-K84>0,(M84-K84),(0)))))))) -> 5.4 | K84: 50 | L84: 46230 | M84: 55.4
D85: Conection Phasa R | E85: =(K85+11) -> 41 | F85: =(E85+10) -> 51 | G85: FLIR | H85: =IF(J85="",("-"),(IF(J85="STD BY",("STD BY"),(IF(J85="N/A",("N/A"),(IF(J85<5,("Normal"),(IF(J85<11,("Low"),(IF(J85<21,("Medium"),(IF(J85<41,("High"),("Critical")))))))))))))) -> Normal | J85: =IF(M85="",(""),(IF(M85="STD BY",("STD BY"),(IF(M85="N/A",("N/A"),(IF(M85-K85>0,(M85-K85),(0)))))))) -> 3.1 | K85: 30 | L85: 46230 | M85: 33.1
D86: Conection Phasa S | E86: =(K86+11) -> 41 | F86: =(E86+10) -> 51 | G86: FLIR | H86: =IF(J86="",("-"),(IF(J86="STD BY",("STD BY"),(IF(J86="N/A",("N/A"),(IF(J86<5,("Normal"),(IF(J86<11,("Low"),(IF(J86<21,("Medium"),(IF(J86<41,("High"),("Critical")))))))))))))) -> Normal | J86: =IF(M86="",(""),(IF(M86="STD BY",("STD BY"),(IF(M86="N/A",("N/A"),(IF(M86-K86>0,(M86-K86),(0)))))))) -> 3.2 | K86: 30 | L86: 46230 | M86: 33.2
D87: Conection Phasa T | E87: =(K87+11) -> 41 | F87: =(E87+10) -> 51 | G87: FLIR | H87: =IF(J87="",("-"),(IF(J87="STD BY",("STD BY"),(IF(J87="N/A",("N/A"),(IF(J87<5,("Normal"),(IF(J87<11,("Low"),(IF(J87<21,("Medium"),(IF(J87<41,("High"),("Critical")))))))))))))) -> Normal | J87: =IF(M87="",(""),(IF(M87="STD BY",("STD BY"),(IF(M87="N/A",("N/A"),(IF(M87-K87>0,(M87-K87),(0)))))))) -> 3 | K87: 30 | L87: 46230 | M87: 33
A88: 1 | B88: LJ10LCB10AP010-001 | C88: EQUIPMENT-CONDENSATE EXTRACTION PUMP (CEP) 1A | D88: Cover winding motor | E88: =(K88+11) -> 71 | F88: =(E88+10) -> 81 | G88: FLIR | H88: =IF(J88="",("-"),(IF(J88="STD BY",("STD BY"),(IF(J88="N/A",("N/A"),(IF(J88<5,("Normal"),(IF(J88<11,("Low"),(IF(J88<21,("Medium"),(IF(J88<41,("High"),("Critical")))))))))))))) -> STD BY | I88: =IF(COUNTIF(H88:H94,"-")>0,("-"),(IF(COUNTIF(H88:H94,"STD BY")>0,("STD BY"),(IF(COUNTIF(H88:H94,"N/A")>0,("N/A"),(IF(COUNTIF(H88:H94,"Critical")>0,("Critical"),(IF(COUNTIF(H88:H94,"High")>0,("High"),(IF(COUNTIF(H88:H94,"Medium")>0,("Medium"),(IF(COUNTIF(H88:H94,"Low")>0,("Low"),("Normal")))))))))))))) -> STD BY | J88: =IF(M88="",(""),(IF(M88="STD BY",("STD BY"),(IF(M88="N/A",("N/A"),(IF(M88-K88>0,(M88-K88),(0)))))))) -> STD BY | K88: 60 | M88: STD BY | N88: Equipment dalam keadaan standby saat rutin PDM dilakukan.
D89: Bearing 1 motor | E89: =(K89+11) -> 61 | F89: =(E89+10) -> 71 | G89: FLIR | H89: =IF(J89="",("-"),(IF(J89="STD BY",("STD BY"),(IF(J89="N/A",("N/A"),(IF(J89<5,("Normal"),(IF(J89<11,("Low"),(IF(J89<21,("Medium"),(IF(J89<41,("High"),("Critical")))))))))))))) -> STD BY | J89: =IF(M89="",(""),(IF(M89="STD BY",("STD BY"),(IF(M89="N/A",("N/A"),(IF(M89-K89>0,(M89-K89),(0)))))))) -> STD BY | K89: 50 | M89: STD BY
D90: Bearing 2 motor | E90: =(K90+11) -> 71 | F90: =(E90+10) -> 81 | G90: FLIR | H90: =IF(J90="",("-"),(IF(J90="STD BY",("STD BY"),(IF(J90="N/A",("N/A"),(IF(J90<5,("Normal"),(IF(J90<11,("Low"),(IF(J90<21,("Medium"),(IF(J90<41,("High"),("Critical")))))))))))))) -> STD BY | J90: =IF(M90="",(""),(IF(M90="STD BY",("STD BY"),(IF(M90="N/A",("N/A"),(IF(M90-K90>0,(M90-K90),(0)))))))) -> STD BY | K90: 60 | M90: STD BY
D91: Bearing 3 pump | E91: =(K91+11) -> 71 | F91: =(E91+10) -> 81 | G91: FLIR | H91: =IF(J91="",("-"),(IF(J91="STD BY",("STD BY"),(IF(J91="N/A",("N/A"),(IF(J91<5,("Normal"),(IF(J91<11,("Low"),(IF(J91<21,("Medium"),(IF(J91<41,("High"),("Critical")))))))))))))) -> STD BY | J91: =IF(M91="",(""),(IF(M91="STD BY",("STD BY"),(IF(M91="N/A",("N/A"),(IF(M91-K91>0,(M91-K91),(0)))))))) -> STD BY | K91: 60 | M91: STD BY
D92: Conection Phasa R | E92: =(K92+11) -> 51 | F92: =(E92+10) -> 61 | G92: FLIR | H92: =IF(J92="",("-"),(IF(J92="STD BY",("STD BY"),(IF(J92="N/A",("N/A"),(IF(J92<5,("Normal"),(IF(J92<11,("Low"),(IF(J92<21,("Medium"),(IF(J92<41,("High"),("Critical")))))))))))))) -> STD BY | J92: =IF(M92="",(""),(IF(M92="STD BY",("STD BY"),(IF(M92="N/A",("N/A"),(IF(M92-K92>0,(M92-K92),(0)))))))) -> STD BY | K92: 40 | M92: STD BY
D93: Conection Phasa S | E93: =(K93+11) -> 51 | F93: =(E93+10) -> 61 | G93: FLIR | H93: =IF(J93="",("-"),(IF(J93="STD BY",("STD BY"),(IF(J93="N/A",("N/A"),(IF(J93<5,("Normal"),(IF(J93<11,("Low"),(IF(J93<21,("Medium"),(IF(J93<41,("High"),("Critical")))))))))))))) -> STD BY | J93: =IF(M93="",(""),(IF(M93="STD BY",("STD BY"),(IF(M93="N/A",("N/A"),(IF(M93-K93>0,(M93-K93),(0)))))))) -> STD BY | K93: 40 | M93: STD BY
D94: Conection Phasa T | E94: =(K94+11) -> 51 | F94: =(E94+10) -> 61 | G94: FLIR | H94: =IF(J94="",("-"),(IF(J94="STD BY",("STD BY"),(IF(J94="N/A",("N/A"),(IF(J94<5,("Normal"),(IF(J94<11,("Low"),(IF(J94<21,("Medium"),(IF(J94<41,("High"),("Critical")))))))))))))) -> STD BY | J94: =IF(M94="",(""),(IF(M94="STD BY",("STD BY"),(IF(M94="N/A",("N/A"),(IF(M94-K94>0,(M94-K94),(0)))))))) -> STD BY | K94: 40 | M94: STD BY
A95: 1 | B95: LJ10LCB10AP020-001 | C95: EQUIPMENT-CONDENSATE EXTRACTION PUMP (CEP) 1B | D95: Cover winding motor | E95: =(K95+11) -> 71 | F95: =(E95+10) -> 81 | G95: FLIR | H95: =IF(J95="",("-"),(IF(J95="STD BY",("STD BY"),(IF(J95="N/A",("N/A"),(IF(J95<5,("Normal"),(IF(J95<11,("Low"),(IF(J95<21,("Medium"),(IF(J95<41,("High"),("Critical")))))))))))))) -> Low | I95: =IF(COUNTIF(H95:H101,"-")>0,("-"),(IF(COUNTIF(H95:H101,"STD BY")>0,("STD BY"),(IF(COUNTIF(H95:H101,"N/A")>0,("N/A"),(IF(COUNTIF(H95:H101,"Critical")>0,("Critical"),(IF(COUNTIF(H95:H101,"High")>0,("High"),(IF(COUNTIF(H95:H101,"Medium")>0,("Medium"),(IF(COUNTIF(H95:H101,"Low")>0,("Low"),("Normal")))))))))))))) -> Low | J95: =IF(M95="",(""),(IF(M95="STD BY",("STD BY"),(IF(M95="N/A",("N/A"),(IF(M95-K95>0,(M95-K95),(0)))))))) -> 6.1 | K95: 60 | L95: 46209 | M95: 66.1 | N95: Keterangan : Tidak ada hotspot / kenaikan temperature yang berbahaya. Rekomendasi : Lakukan pengukuran thermography sesuai 52 week.
D96: Bearing 1 motor | E96: =(K96+11) -> 61 | F96: =(E96+10) -> 71 | G96: FLIR | H96: =IF(J96="",("-"),(IF(J96="STD BY",("STD BY"),(IF(J96="N/A",("N/A"),(IF(J96<5,("Normal"),(IF(J96<11,("Low"),(IF(J96<21,("Medium"),(IF(J96<41,("High"),("Critical")))))))))))))) -> Normal | J96: =IF(M96="",(""),(IF(M96="STD BY",("STD BY"),(IF(M96="N/A",("N/A"),(IF(M96-K96>0,(M96-K96),(0)))))))) -> 0 | K96: 50 | L96: 46209 | M96: 40.8
D97: Bearing 2 motor | E97: =(K97+11) -> 71 | F97: =(E97+10) -> 81 | G97: FLIR | H97: =IF(J97="",("-"),(IF(J97="STD BY",("STD BY"),(IF(J97="N/A",("N/A"),(IF(J97<5,("Normal"),(IF(J97<11,("Low"),(IF(J97<21,("Medium"),(IF(J97<41,("High"),("Critical")))))))))))))) -> Normal | J97: =IF(M97="",(""),(IF(M97="STD BY",("STD BY"),(IF(M97="N/A",("N/A"),(IF(M97-K97>0,(M97-K97),(0)))))))) -> 2.2 | K97: 60 | L97: 46209 | M97: 62.2
D98: Bearing 3 pump | E98: =(K98+11) -> 71 | F98: =(E98+10) -> 81 | G98: FLIR | H98: =IF(J98="",("-"),(IF(J98="STD BY",("STD BY"),(IF(J98="N/A",("N/A"),(IF(J98<5,("Normal"),(IF(J98<11,("Low"),(IF(J98<21,("Medium"),(IF(J98<41,("High"),("Critical")))))))))))))) -> Normal | J98: =IF(M98="",(""),(IF(M98="STD BY",("STD BY"),(IF(M98="N/A",("N/A"),(IF(M98-K98>0,(M98-K98),(0)))))))) -> 0 | K98: 60 | L98: 46209 | M98: 59.2
D99: Conection Phasa R | E99: =(K99+11) -> 51 | F99: =(E99+10) -> 61 | G99: FLIR | H99: =IF(J99="",("-"),(IF(J99="STD BY",("STD BY"),(IF(J99="N/A",("N/A"),(IF(J99<5,("Normal"),(IF(J99<11,("Low"),(IF(J99<21,("Medium"),(IF(J99<41,("High"),("Critical")))))))))))))) -> Normal | J99: =IF(M99="",(""),(IF(M99="STD BY",("STD BY"),(IF(M99="N/A",("N/A"),(IF(M99-K99>0,(M99-K99),(0)))))))) -> 0 | K99: 40 | L99: 46209 | M99: 38.4
D100: Conection Phasa S | E100: =(K100+11) -> 51 | F100: =(E100+10) -> 61 | G100: FLIR | H100: =IF(J100="",("-"),(IF(J100="STD BY",("STD BY"),(IF(J100="N/A",("N/A"),(IF(J100<5,("Normal"),(IF(J100<11,("Low"),(IF(J100<21,("Medium"),(IF(J100<41,("High"),("Critical")))))))))))))) -> Normal | J100: =IF(M100="",(""),(IF(M100="STD BY",("STD BY"),(IF(M100="N/A",("N/A"),(IF(M100-K100>0,(M100-K100),(0)))))))) -> 0.6 | K100: 40 | L100: 46209 | M100: 40.6
D101: Conection Phasa T | E101: =(K101+11) -> 51 | F101: =(E101+10) -> 61 | G101: FLIR | H101: =IF(J101="",("-"),(IF(J101="STD BY",("STD BY"),(IF(J101="N/A",("N/A"),(IF(J101<5,("Normal"),(IF(J101<11,("Low"),(IF(J101<21,("Medium"),(IF(J101<41,("High"),("Critical")))))))))))))) -> Normal | J101: =IF(M101="",(""),(IF(M101="STD BY",("STD BY"),(IF(M101="N/A",("N/A"),(IF(M101-K101>0,(M101-K101),(0)))))))) -> 0 | K101: 40 | L101: 46209 | M101: 37.9
A102: 1 | B102: LJ10PGB10AP001-001 | C102: EQUIPMENT-CLOSED COOLING CIRCULATING WATER PUMP (C3WP) 1A | D102: Cover winding motor | E102: =(K102+11) -> 81 | F102: =(E102+10) -> 91 | G102: FLIR | H102: =IF(J102="",("-"),(IF(J102="STD BY",("STD BY"),(IF(J102="N/A",("N/A"),(IF(J102<5,("Normal"),(IF(J102<11,("Low"),(IF(J102<21,("Medium"),(IF(J102<41,("High"),("Critical")))))))))))))) -> Normal | I102: =IF(COUNTIF(H102:H108,"-")>0,("-"),(IF(COUNTIF(H102:H108,"STD BY")>0,("STD BY"),(IF(COUNTIF(H102:H108,"N/A")>0,("N/A"),(IF(COUNTIF(H102:H108,"Critical")>0,("Critical"),(IF(COUNTIF(H102:H108,"High")>0,("High"),(IF(COUNTIF(H102:H108,"Medium")>0,("Medium"),(IF(COUNTIF(H102:H108,"Low")>0,("Low"),("Normal")))))))))))))) -> Medium | J102: =IF(M102="",(""),(IF(M102="STD BY",("STD BY"),(IF(M102="N/A",("N/A"),(IF(M102-K102>0,(M102-K102),(0)))))))) -> 0 | K102: 70 | L102: 46217 | M102: 65.6 | N102: Keterangan : Tidak ada hotspot / kenaikan temperature yang berbahaya. Rekomendasi : Lakukan pengukuran thermography sesuai 52 week.
...

Sheet Sheet1
B2: LJ10PAC10AP001-001 | C2: EQUIPMENT-CIRCULATING WATER PUMP (CWP) 1A
B3: LJ10PAC10AP002-001 | C3: EQUIPMENT-CIRCULATING WATER PUMP (CWP) 1B
B4: LJ10LAC10AP001-001 | C4: EQUIPMENT-BOILER FEEDWATER PUMP (BFP) 1A
B5: LJ10LAC10AP002-001 | C5: EQUIPMENT-BOILER FEEDWATER PUMP (BFP) 1B
B6: LJ10HNC10AN001-001 | C6: EQUIPMENT-INDUCE DRAUGHT FAN (IDF) 1A
B7: LJ10HNC10AN002-001 | C7: EQUIPMENT-INDUCE DRAUGHT FAN (IDF) 1B
B8: LJ10HLB10AN001-001 | C8: EQUIPMENT-PRIMARY AIR FAN (PAF) 1A
B9: LJ10HLB10AN002-001 | C9: EQUIPMENT-PRIMARY AIR FAN (PAF) 1B
B10: LJ10HLB10AN003-001 | C10: EQUIPMENT-SECONDARY AIR FAN (SAF) 1A
B11: LJ10HLB10AN004-001 | C11: EQUIPMENT-SECONDARY AIR FAN (SAF) 1B
B12: LJ10LCB10AP010-001 | C12: EQUIPMENT-CONDENSATE EXTRACTION PUMP (CEP) 1A
B13: LJ10LCB10AP020-001 | C13: EQUIPMENT-CONDENSATE EXTRACTION PUMP (CEP) 1B
... B111: LJ00BBA10GT002-001 | C111: EQUIPMENT-TRANSFORMER COAL HANDLING 2
