Workbook

Sheet DASHBOARD
D1: PT. PLN INDONESIA POWER | T1: No. Dok | U1: : FORM.JRG.F.05.001
D2: UNIT BISNIS PEMBANGKITAN JERANJANG | T2: Tgl Terbit | U2: : 1 Sep 2016
D3: BIDANG ENJINERING | T3: Rev | U3: : 00
D4: LAPORAN PDM TEKNOLOGI VIBRASI | T4: Hal | U4: :
A5: HASIL PENGUKURAN PADA EQUIPMENT BULAN JULI 2026
B7: UNIT | D7: LEVEL VIBRASI
D8: LEVEL A | E8: LEVEL B | F8: LEVEL C | G8: LEVEL D | H8: STANDBY | J8: KETERANGAN
B9: UNIT 1 | D9: =COUNTIF(SUMMARY!$X$10:$X$35,"NORMAL") -> 10 | E9: =COUNTIF(SUMMARY!$X$10:$X$35,"PREWARNING") -> 13 | F9: =COUNTIF(SUMMARY!$X$10:$X$35,"WARNING") -> 0 | G9: =COUNTIF(SUMMARY!$X$10:$X$35,"ALARM") -> 1 | H9: =COUNTIF(SUMMARY!$X$10:$X$35,"STAND BY") -> 2 | J9: A | K9: Sangat halus (New machine condition)
B10: UNIT 2 | D10: =COUNTIF(SUMMARY!$X$37:$X$54,"NORMAL") -> 6 | E10: =COUNTIF(SUMMARY!$X$37:$X$54,"PREWARNING") -> 8 | F10: =COUNTIF(SUMMARY!$X$37:$X$54,"WARNING") -> 0 | G10: =COUNTIF(SUMMARY!$X$37:$X$54,"ALARM") -> 0 | H10: =COUNTIF(SUMMARY!$X$37:$X$54,"STAND BY") -> 4 | J10: B | K10: Diperbolehkan beroperasi dalam jangka waktu lama yang tak terbatas (Unlimited long-term operation allowable)
B11: UNIT 3 | D11: =COUNTIF(SUMMARY!$X$58:$X$79,"NORMAL") -> 7 | E11: =COUNTIF(SUMMARY!$X$58:$X$79,"PREWARNING") -> 9 | F11: =COUNTIF(SUMMARY!$X$58:$X$79,"WARNING") -> 0 | G11: =COUNTIF(SUMMARY!$X$58:$X$79,"ALARM") -> 0 | H11: =COUNTIF(SUMMARY!$X$58:$X$79,"STAND BY") -> 6 | J11: C | K11: Diperbolehkan beroperasi dalam jangka waktu singkat (Short-term operation allowable)
B12: COAL HANDLING | D12: =COUNTIF(SUMMARY!$X$90:$X$103,"NORMAL") -> 1 | E12: =COUNTIF(SUMMARY!$X$90:$X$103,"PREWARNING") -> 11 | F12: =COUNTIF(SUMMARY!$X$90:$X$103,"WARNING") -> 1 | G12: =COUNTIF(SUMMARY!$X$90:$X$103,"ALARM") -> 1 | H12: =COUNTIF(SUMMARY!$X$90:$X$103,"STAND BY") -> 0 | J12: D | K12: Bila dioperasikan mengakibatkna kerusakan yang lebih parah (Vibration causes damage) | X12: KETERANGAN
B13: TOTAL | D13: =SUM(D9:D12) -> 24 | E13: =SUM(E9:E12) -> 41 | F13: =SUM(F9:F12) -> 1 | G13: =SUM(G9:G12) -> 2 | H13: =SUM(H9:H12) -> 12 | J13: E | K13: Peralatan Stand BY | X13: A | Y13: Sangat halus (New machine condition)
B14: PERSENTASE (%) | D14: =(D13/SUM(D13:H13)) -> 0.3 | E14: =(E13/SUM(D13:H13)) -> 0.5125 | F14: =(F13/SUM(D13:H13)) -> 0.0125 | G14: =(G13/SUM(D13:H13)) -> 0.025 | H14: =(H13/SUM(D13:H13)) -> 0.15 | X14: B | Y14: Diperbolehkan beroperasi dalam jangka waktu lama yang tak terbatas (Unlimited long-term operation allowable)
X15: C | Y15: Diperbolehkan beroperasi dalam jangka waktu singkat (Short-term operation allowable)
C16: =SUM(#REF!) -> #REF! | X16: D | Y16: Bila dioperasikan mengakibatkna kerusakan yang lebih parah (Vibration causes damage)
X17: E | Y17: Peralatan Stand BY

Sheet SUMMARY
D1: PT. PLN INDONESIA POWER | T1: No. Dok | W1: : FORM.JRG.F.05.001
D2: UNIT BISNIS PEMBANGKITAN JERANJANG | T2: Tgl Terbit | W2: : 1 Sep 2016
D3: BIDANG ENJINERING | T3: Rev | W3: : 00
D4: LAPORAN PDM TEKNOLOGI VIBRASI | T4: Hal | W4: : | AA4: INPUT NO | AC4: KET
A5: HASIL PENGUKURAN PADA EQUIPMENT BULAN JULI 2026
AA6: 7 | AC6: 1 | AD6: Januari
B7: NO | C7: EQUIPMENT | D7: CLASS / GROUP | E7: POSISI | W7: VIB MAX | X7: STATUS | AA7: 1 | AB7: 0.66 | AC7: 0.48 | AD7: 0.53 | AE7: 0.77 | AF7: 0.62 | AG7: 0.37 | AH7: 0.84 | AI7: 0.3 | AJ7: 0.37 | AK7: 0.82 | AL7: 0.42 | AM7: =MAX(AA7:AL7) -> 1 | AN7: =IF(AM7=0,"S/B",IF(AM7<2.4,"NORMAL",IF(AM7<4.6,"PREWARNING",IF(AM7<7.2,"WARNING","ALARM")))) -> NORMAL | AO7: 0.54 | AP7: 0.54 | AQ7: 0.69 | AR7: 0.72 | AS7: 1.15 | AT7: 0.95 | AU7: 0.42 | AV7: 0.66 | AW7: 0.5 | AX7: 0.66 | AY7: 0.74 | AZ7: 0.58 | BA7: =MAX(AO7:AZ7) -> 1.15 | BB7: =IF(BA7=0,"S/B",IF(BA7<2.4,"NORMAL",IF(BA7<4.6,"PREWARNING",IF(BA7<7.2,"WARNING","ALARM")))) -> NORMAL | BC7: 0.49 | BD7: 2.07 | BE7: 0.71 | BF7: 0.44 | BG7: 1.88 | BH7: 1.03 | BI7: 0.9 | BJ7: 2.41 | BK7: 1.34 | BL7: 2.16 | BM7: 3.27 | BN7: 1.22 | BO7: =MAX(BC7:BN7) -> 3.27 | BP7: =IF(BO7=0,"S/B",IF(BO7<2.4,"NORMAL",IF(BO7<4.6,"PREWARNING",IF(BO7<7.2,"WARNING","ALARM")))) -> PREWARNING | BQ7: 0.35 | BR7: 1.17 | BS7: 0.54 | BT7: 0.38 | BU7: 0.67 | BV7: 0.47 | BW7: 0.33 | BX7: 0.55 | BY7: 0.48 | BZ7: 0.48 | CA7: 0.72 | CB7: 0.47 | CC7: =MAX(BQ7:CB7) -> 1.17 | CD7: =IF(CC7=0,"S/B",IF(CC7<2.4,"NORMAL",IF(CC7<4.6,"PREWARNING",IF(CC7<7.2,"WARNING","ALARM")))) -> NORMAL | CE7: 1.73 | CF7: 2.18 | CG7: 2.55 | CH7: 1.59 | CI7: 2.5 | CJ7: 2.53 | CK7: 3.06 | CL7: 1.96 | CM7: 2.15 | CN7: 2.89 | CO7: 3.16 | CP7: 2.16 | CQ7: 2.78 | CR7: 2.34 | CS7: 2.75 | CT7: 3.37 | CU7: 3.4 | CV7: 2.82 | CW7: =MAX(CE7:CV7) -> 3.4 | CX7: =IF(CW7=0,"S/B",IF(CW7<2.4,"NORMAL",IF(CW7<4.6,"PREWARNING",IF(CW7<7.2,"WARNING","ALARM")))) -> PREWARNING | DQ7: =MAX(CY7:DP7) -> 0 | DR7: =IF(DQ7=0,"S/B",IF(DQ7<2.4,"NORMAL",IF(DQ7<4.6,"PREWARNING",IF(DQ7<7.2,"WARNING","ALARM")))) -> S/B | DV7: 2.01 | DW7: 2.25 | DX7: 2.47 | DY7: 1.4 | DZ7: 1.83 | EA7: 2.48 | EB7: 1.07 | EC7: 1.2 | ED7: 3.44 | EE7: =MAX(DS7:ED7) -> 3.44 | EF7: =IF(EE7=0,"S/B",IF(EE7<3.75,"NORMAL",IF(EE7<7.49,"PREWARNING",IF(EE7<9.9,"WARNING","ALARM")))) -> NORMAL | EG7: 2.04 | EH7: 3.11 | EI7: 0.99 | EJ7: 2.43 | EK7: 3.89 | EL7: 2.4 | EM7: 1.6 | EN7: 3.18 | EO7: 0.54 | EP7: 0.99 | EQ7: 3.05 | ER7: 1.33 | ES7: =MAX(EG7:ER7) -> 3.89 | ET7: =IF(ES7=0,"S/B",IF(ES7<1.5,"NORMAL",IF(ES7<2.9,"PREWARNING",IF(ES7<4.6,"WARNING","ALARM")))) -> WARNING | EU7: 0.84 | EV7: 1.95 | EW7: 0.35 | EX7: 1.7 | EY7: 2.14 | EZ7: 1.27 | FA7: 0.75 | FB7: 1.39 | FC7: 0.79 | FD7: 1.51 | FE7: 1.04 | FF7: 1.9 | FG7: =MAX(EU7:FF7) -> 2.14 | FH7: =IF(FG7=0,"S/B",IF(FG7<1.5,"NORMAL",IF(FG7<2.9,"PREWARNING",IF(FG7<4.6,"WARNING","ALARM")))) -> PREWARNING | FU7: =MAX(FI7:FT7) -> 0 | FV7: =IF(FU7=0,"S/B",IF(FU7<1.5,"NORMAL",IF(FU7<2.9,"PREWARNING",IF(FU7<4.6,"WARNING","ALARM")))) -> S/B | FW7: 0.62 | FX7: 1.35 | FY7: 0.35 | FZ7: 1.62 | GA7: 1.53 | GB7: 1.21 | GC7: 2.75 | GD7: 2.7 | GE7: 0.81 | GF7: 1.24 | GG7: 1.15 | GH7: 0.84 | GI7: =MAX(FW7:GH7) -> 2.75 | GJ7: =IF(GI7=0,"S/B",IF(GI7<1.5,"NORMAL",IF(GI7<2.9,"PREWARNING",IF(GI7<4.6,"WARNING","ALARM")))) -> PREWARNING | GW7: =MAX(GK7:GV7) -> 0 | GX7: =IF(GW7=0,"S/B",IF(GW7<1.5,"NORMAL",IF(GW7<2.9,"PREWARNING",IF(GW7<4.6,"WARNING","ALARM")))) -> S/B | GY7: 0.61 | GZ7: 1.18 | HA7: 0.94 | HB7: 1.02 | HC7: 1.84 | HD7: 1.32 | HE7: 5.03 | HF7: 5.45 | HG7: 3.71 | HH7: 1.73 | HI7: 1.8 | HJ7: 1.02 | HK7: =MAX(GY7:HJ7) -> 5.45 | HL7: =IF(HK7=0,"S/B",IF(HK7<2.4,"NORMAL",IF(HK7<4.5,"PREWARNING",IF(HK7<7.2,"WARNING","ALARM")))) -> WARNING | HY7: =MAX(HM7:HX7) -> 0 | HZ7: =IF(HY7=0,"S/B",IF(HY7<2.4,"NORMAL",IF(HY7<4.6,"PREWARNING",IF(HY7<7.2,"WARNING","ALARM")))) -> S/B | IA7: 0.71 | IB7: 0.68 | IC7: 0.42 | ID7: 0.9 | IE7: 0.93 | IF7: 0.81 | IG7: 1.23 | IH7: 0.79 | II7: 0.58 | IJ7: 0.79 | IK7: 0.79 | IL7: 0.93 | IM7: =MAX(IA7:IL7) -> 1.23 | IN7: =IF(IM7=0,"S/B",IF(IM7<1.4,"NORMAL",IF(IM7<2.8,"PREWARNING",IF(IM7<4.6,"WARNING","ALARM")))) -> NORMAL | IO7: 1.36 | IP7: 1.8 | IQ7: 0.64 | IR7: 1.86 | IS7: 2.15 | IT7: 1.4 | IU7: 1.58 | IV7: 1.05 | IW7: 0.86 | IX7: 1.07 | IY7: 0.86 | IZ7: 1.31 | JA7: =MAX(IO7:IZ7) -> 2.15 | JB7: =IF(JA7=0,"S/B",IF(JA7<1.5,"NORMAL",IF(JA7<2.9,"PREWARNING",IF(JA7<4.5,"WARNING","ALARM")))) -> PREWARNING
E8: 1V | F8: 1H | G8: 1A | H8: 2V | I8: 2H | J8: 2A | K8: 3V | L8: 3H | M8: 3A | N8: 4V | O8: 4H | P8: 4A | Q8: 5V | R8: 5H | S8: 5A | T8: 6V | U8: 6H | V8: 6A | AC8: 3 | AD8: Maret
C9: ='[1]INPUT EQUIPMENT'!A8 -> UNIT 1
B10: 1 | C10: ='[1]INPUT EQUIPMENT'!B9 -> Motor ID Fan 1#1 | D10: GROUP 1 | E10: 0.71 | F10: 0.77 | G10: 0.44 | H10: 1.36 | I10: 1.39 | J10: 0.77 | K10: 0.5 | L10: 0.64 | M10: 0.886 | N10: 0.55 | O10: 0.7 | P10: 0.53 | Q10: 0.49 | R10: 0.76 | S10: 0.61 | T10: 1.08 | U10: 2.21 | V10: 1.62 | W10: =MAX(E10:V10) -> 2.21 | X10: =IF(W10=0,"STAND BY",IF(W10<2.3,"NORMAL",IF(W10<4.6,"PREWARNING",IF(W10<7.2,"WARNING","ALARM")))) -> NORMAL | Z10: 2V | AA10: 0.99 | AB10: 5 | AC10: 0.39 | AD10: 1.34 | AE10: 4.47 | AF10: 1.37 | AG10: 0.74 | AH10: 4.27 | AI10: 1.26 | AJ10: 1.18 | AK10: 1.76 | AL10: 1.86 | AM10: =MAX(AA10:AL10) -> 5 | AN10: =IF(AM10=0,"S/B",IF(AM10<4.6,"NORMAL",IF(AM10<7.1,"PREWARNING",IF(AM10<8.01,"WARNING","ALARM")))) -> PREWARNING
B11: 2 | C11: ='[1]INPUT EQUIPMENT'!B10 -> Motor ID Fan 2#1 | D11: GROUP 1 | E11: 0.78 | F11: 1.18 | G11: 0.35 | H11: 0.82 | I11: 0.99 | J11: 0.39 | K11: 0.49 | L11: 0.93 | M11: 0.88 | N11: 0.3 | O11: 0.67 | P11: 0.54 | Q11: 0.72 | R11: 0.97 | S11: 0.74 | T11: 0.69 | U11: 2.25 | V11: 0.49 | W11: =MAX(E11:V11) -> 2.25 | X11: =IF(W11=0,"STAND BY",IF(W11<2.3,"NORMAL",IF(W11<4.6,"PREWARNING",IF(W11<7.2,"WARNING","ALARM")))) -> NORMAL | Z11: 3A | AA11: =29+19 -> 48
B12: 3 | C12: ='[1]INPUT EQUIPMENT'!B11 -> Motor Primary Air Fan 1#1 | D12: GROUP 1 | E12: 1.38 | F12: 2.82 | G12: 1.12 | H12: 1.62 | I12: 2.08 | J12: 1.14 | K12: 1.95 | L12: 2.51 | M12: 2.83 | N12: 3.13 | O12: 2.45 | P12: 3.07 | Q12: NA | R12: NA | S12: NA | T12: NA | U12: NA | V12: NA | W12: =MAX(E12:V12) -> 3.13 | X12: =IF(W12=0,"STAND BY",IF(W12<2.3,"NORMAL",IF(W12<4.6,"PREWARNING",IF(W12<7.2,"WARNING","ALARM")))) -> PREWARNING | Z12: 3H | AA12: =AA11*AA15 -> 0.576
B13: 4 | C13: ='[1]INPUT EQUIPMENT'!B12 -> Motor Primary Air Fan 2#1 | D13: GROUP 1 | E13: 1.06 | F13: 1.49 | G13: 1.65 | H13: 1.56 | I13: 1.77 | J13: 1.42 | K13: 2.32 | L13: 2.34 | M13: 2.74 | N13: 3.39 | O13: 3.38 | P13: 2.65 | Q13: NA | R13: NA | S13: NA | T13: NA | U13: NA | V13: NA | W13: =MAX(E13:V13) -> 3.39 | X13: =IF(W13=0,"STAND BY",IF(W13<2.3,"NORMAL",IF(W13<4.6,"PREWARNING",IF(W13<7.2,"WARNING","ALARM")))) -> PREWARNING | Z13: 4V
B14: 5 | C14: ='[1]INPUT EQUIPMENT'!B13 -> Motor Secondary Air Fan 1#1 | D14: GROUP 1 | E14: 0.92 | F14: 2.28 | G14: 0.58 | H14: 0.45 | I14: 1.67 | J14: 0.33 | K14: 0.68 | L14: 1.15 | M14: 0.55 | N14: 0.42 | O14: 0.9 | P14: 0.57 | Q14: NA | R14: NA | S14: NA | T14: NA | U14: NA | V14: NA | W14: =MAX(E14:V14) -> 2.28 | X14: =IF(W14=0,"STAND BY",IF(W14<2.3,"NORMAL",IF(W14<4.6,"PREWARNING",IF(W14<7.2,"WARNING","ALARM")))) -> NORMAL
B15: 6 | C15: ='[1]INPUT EQUIPMENT'!B14 -> Motor Secondary Air Fan 2#1 | D15: GROUP 1 | E15: 0.94 | F15: 2.33 | G15: 0.55 | H15: 0.78 | I15: 1.78 | J15: 0.4 | K15: 0.47 | L15: 1.31 | M15: 0.41 | N15: 0.49 | O15: 1.07 | P15: 0.41 | Q15: NA | R15: NA | S15: NA | T15: NA | U15: NA | V15: NA | W15: =MAX(E15:V15) -> 2.33 | X15: =IF(W15=0,"STAND BY",IF(W15<2.3,"NORMAL",IF(W15<4.6,"PREWARNING",IF(W15<7.2,"WARNING","ALARM")))) -> PREWARNING | AA15: 0.012
B16: 7 | C16: ='[1]INPUT EQUIPMENT'!B15 -> Turbin-Generator#1 | D16: GROUP 1 | E16: 2.71 | F16: 1.4 | G16: 0.86 | H16: 3.63 | I16: 1.5 | J16: 2.63 | K16: 3.59 | L16: 1.6 | M16: 2.34 | N16: 0.81 | O16: 0.77 | P16: 0.23 | Q16: NA | R16: NA | S16: NA | T16: NA | U16: NA | V16: NA | W16: =MAX(E16:V16) -> 3.63 | X16: =IF(W16=0,"STAND BY",IF(W16<3.8,"NORMAL",IF(W16<7.5,"PREWARNING",IF(W16<10.1,"WARNING","ALARM")))) -> NORMAL | Z16: 4H
B17: 8 | C17: ='[1]INPUT EQUIPMENT'!B16 -> Motor Condensat Pump 1#1 | D17: GROUP 2 | E17: 0 | F17: 0 | G17: 0 | H17: 0 | I17: 0 | J17: 0 | K17: 0 | L17: 0 | M17: 0 | N17: NA | O17: NA | P17: NA | Q17: NA | R17: NA | S17: NA | T17: NA | U17: NA | V17: NA | W17: =MAX(E17:V17) -> 0 | X17: =IF(W17=0,"STAND BY",IF(W17<1.5,"NORMAL",IF(W17<2.81,"PREWARNING",IF(W17<4.5,"WARNING","ALARM")))) -> STAND BY | Z17: 1V
B18: 9 | C18: ='[1]INPUT EQUIPMENT'!B17 -> Motor Condensat Pump 2#1 | D18: GROUP 2 | E18: 8.07 | F18: 7.31 | G18: 0 | H18: 2.29 | I18: 2.14 | J18: 1.15 | K18: 1.02 | L18: 1.14 | M18: 1.46 | N18: NA | O18: NA | P18: NA | Q18: NA | R18: NA | S18: NA | T18: NA | U18: NA | V18: NA | W18: =MAX(E18:V18) -> 8.07 | X18: =IF(W18=0,"STAND BY",IF(W18<1.4,"NORMAL",IF(W18<2.81,"PREWARNING",IF(W18<4.5,"WARNING","ALARM")))) -> ALARM | Z18: 1H | AA18: 3.4
B19: 10 | C19: ='[1]INPUT EQUIPMENT'!B18 -> Motor Vacuum Pump 1#1 | D19: GROUP 2 | E19: 0.54 | F19: 0.74 | G19: 0.43 | H19: 0.6 | I19: 0.8 | J19: 0.54 | K19: 0.9 | L19: 0.78 | M19: 0.52 | N19: 1.54 | O19: 1.06 | P19: 0.4 | Q19: NA | R19: NA | S19: NA | T19: NA | U19: NA | V19: NA | W19: =MAX(E19:V19) -> 1.54 | X19: =IF(W19=0,"STAND BY",IF(W19<1.4,"NORMAL",IF(W19<2.81,"PREWARNING",IF(W19<4.5,"WARNING","ALARM")))) -> PREWARNING | AA19: =AA18-AA12 -> 2.824
B20: 11 | C20: ='[1]INPUT EQUIPMENT'!B19 -> Motor Vacuum Pump 2#1 | D20: GROUP 2 | E20: 0.53 | F20: 0.73 | G20: 0.39 | H20: 0.62 | I20: 0.7 | J20: 0.46 | K20: 1.15 | L20: 0.97 | M20: 0.54 | N20: 1.26 | O20: 2.45 | P20: 0.37 | Q20: NA | R20: NA | S20: NA | T20: NA | U20: NA | V20: NA | W20: =MAX(E20:V20) -> 2.45 | X20: =IF(W20=0,"STAND BY",IF(W20<1.5,"NORMAL",IF(W20<2.81,"PREWARNING",IF(W20<4.5,"WARNING","ALARM")))) -> PREWARNING | Z20: 4A | AA20: 1.7
B21: 12 | C21: ='[1]INPUT EQUIPMENT'!B20 -> Motor Boiler Feed Pump 1#1 | D21: GROUP 2 | E21: 3.8 | F21: 2.06 | G21: 3.9 | H21: 4.2 | I21: 1.3 | J21: 2.63 | K21: 0.53 | L21: 2.77 | M21: 4.21 | N21: 0.76 | O21: 0.67 | P21: 1.08 | Q21: 1.81 | R21: 2.49 | S21: 1.26 | T21: 1.58 | U21: 1.84 | V21: 1.33 | W21: =MAX(E21:V21) -> 4.21 | X21: =IF(W21=0,"STAND BY",IF(W21<2.4,"NORMAL",IF(W21<4.6,"PREWARNING",IF(W21<7.2,"WARNING","ALARM")))) -> PREWARNING | AA21: =AA19-AA20 -> 1.124
B22: 13 | C22: ='[1]INPUT EQUIPMENT'!B21 -> Motor Boiler Feed Pump 2#1 | D22: GROUP 2 | E22: 1.02 | F22: 1.07 | G22: 1.62 | H22: 1.1 | I22: 0.94 | J22: 0.85 | K22: 0.61 | L22: 2.15 | M22: 0.9 | N22: 0.45 | O22: 1.12 | P22: 1.22 | Q22: 3.52 | R22: 4.16 | S22: 0.34 | T22: 1.46 | U22: 1.84 | V22: 0.58 | W22: =MAX(E22:V22) -> 4.16 | X22: =IF(W22=0,"STAND BY",IF(W22<2.4,"NORMAL",IF(W22<4.6,"PREWARNING",IF(W22<7.2,"WARNING","ALARM")))) -> PREWARNING | Z22: 4H | AA22: =AA21/AA15 -> 93.666667
B23: 14 | C23: ='[1]INPUT EQUIPMENT'!B22 -> Motor CCCWP 1#1 | D23: GROUP 2 | E23: 1.87 | F23: 1.88 | G23: NA | H23: 1.72 | I23: 1.13 | J23: 0.61 | K23: 1.1 | L23: 0.71 | M23: 0.7 | N23: NA | O23: NA | P23: NA | Q23: NA | R23: NA | S23: NA | T23: NA | U23: NA | V23: NA | W23: =MAX(E23:V23) -> 1.88 | X23: =IF(W23=0,"STAND BY",IF(W23<1.5,"NORMAL",IF(W23<2.81,"PREWARNING",IF(W23<4.5,"WARNING","ALARM")))) -> PREWARNING | Z23: 1H
B24: 15 | C24: ='[1]INPUT EQUIPMENT'!B23 -> Motor CCCWP 2#1 | D24: GROUP 2 | E24: 2.13 | F24: 1.39 | G24: NA | H24: 1.12 | I24: 0.69 | J24: 0.58 | K24: 0.58 | L24: 0.4 | M24: 0.35 | N24: NA | O24: NA | P24: NA | Q24: NA | R24: NA | S24: NA | T24: NA | U24: NA | V24: NA | W24: =MAX(E24:V24) -> 2.13 | X24: =IF(W24=0,"STAND BY",IF(W24<1.5,"NORMAL",IF(W24<2.81,"PREWARNING",IF(W24<4.5,"WARNING","ALARM")))) -> PREWARNING | Z24: 1V
B25: 16 | C25: ='[1]INPUT EQUIPMENT'!B24 -> Motor CWP 355 Kw 1#1 | D25: GROUP 2 | E25: 1.87 | F25: 2.34 | G25: 1.4 | H25: 0.59 | I25: 0.53 | J25: 0.34 | K25: 0.37 | L25: 0.43 | M25: 0.45 | N25: NA | O25: NA | P25: NA | Q25: NA | R25: NA | S25: NA | T25: NA | U25: NA | V25: NA | W25: =MAX(E25:V25) -> 2.34 | X25: =IF(W25=0,"STAND BY",IF(W25<2.4,"NORMAL",IF(W25<4.6,"PREWARNING",IF(W25<7.2,"WARNING","ALARM")))) -> NORMAL | Z25: 1A
B26: 17 | C26: ='[1]INPUT EQUIPMENT'!B25 -> Motor CWP 355 Kw 2#1 | D26: GROUP 2 | E26: 1.11 | F26: 0.67 | G26: 0.97 | H26: 0.45 | I26: 0.86 | J26: 0.4 | K26: 0.26 | L26: 0.25 | M26: 0.35 | N26: NA | O26: NA | P26: NA | Q26: NA | R26: NA | S26: NA | T26: NA | U26: NA | V26: NA | W26: =MAX(E26:V26) -> 1.11 | X26: =IF(W26=0,"STAND BY",IF(W26<2.4,"NORMAL",IF(W26<4.6,"PREWARNING",IF(W26<7.2,"WARNING","ALARM")))) -> NORMAL | Z26: 1A
B27: 18 | C27: ='[1]INPUT EQUIPMENT'!B26 -> Motor BWRO 1#1 | D27: GROUP 2 | E27: 0.96 | F27: 1.01 | G27: 0 | H27: 1.03 | I27: 1.06 | J27: 0.79 | K27: NA | L27: NA | M27: NA | N27: NA | O27: NA | P27: NA | Q27: NA | R27: NA | S27: NA | T27: NA | U27: NA | V27: NA | W27: =MAX(E27:V27) -> 1.06 | X27: =IF(W27=0,"STAND BY",IF(W27<1.5,"NORMAL",IF(W27<2.81,"PREWARNING",IF(W27<4.5,"WARNING","ALARM")))) -> NORMAL | Z27: 1V
B28: 19 | C28: ='[1]INPUT EQUIPMENT'!B27 -> Motor BWRO 2#1 | D28: GROUP 2 | E28: 1.52 | F28: 1.64 | G28: 0 | H28: 1.05 | I28: 0.68 | J28: 0.8 | K28: NA | L28: NA | M28: NA | N28: NA | O28: NA | P28: NA | Q28: NA | R28: NA | S28: NA | T28: NA | U28: NA | V28: NA | W28: =MAX(E28:V28) -> 1.64 | X28: =IF(W28=0,"STAND BY",IF(W28<1.5,"NORMAL",IF(W28<2.81,"PREWARNING",IF(W28<4.5,"WARNING","ALARM")))) -> PREWARNING
B29: 20 | C29: ='[1]INPUT EQUIPMENT'!B28 -> Motor SWRO 1 #1 | D29: GROUP 2 | E29: 0 | F29: 0 | G29: 0 | H29: 0 | I29: 0 | J29: 0 | K29: NA | L29: NA | M29: NA | N29: NA | O29: NA | P29: NA | Q29: NA | R29: NA | S29: NA | T29: NA | U29: NA | V29: NA | W29: =MAX(E29:V29) -> 0 | X29: =IF(W29=0,"STAND BY",IF(W29<1.5,"NORMAL",IF(W29<2.81,"PREWARNING",IF(W29<4.5,"WARNING","ALARM")))) -> STAND BY | Z29: 1H
B30: 21 | C30: ='[1]INPUT EQUIPMENT'!B29 -> Motor SWRO 2#1 | D30: GROUP 2 | E30: 0.43 | F30: 1.02 | G30: 0.08 | H30: 0.27 | I30: 1.24 | J30: 0.28 | K30: NA | L30: NA | M30: NA | N30: NA | O30: NA | P30: NA | Q30: NA | R30: NA | S30: NA | T30: NA | U30: NA | V30: NA | W30: =MAX(E30:V30) -> 1.24 | X30: =IF(W30=0,"STAND BY",IF(W30<1.5,"NORMAL",IF(W30<2.81,"PREWARNING",IF(W30<4.5,"WARNING","ALARM")))) -> NORMAL | Z30: 1H
B31: 22 | C31: AC OIL PUMP UNIT 1 | D31: GROUP 2 | E31: 0.35 | F31: 1.06 | G31: 0.26 | H31: 0.3 | I31: 0.67 | J31: 0.71 | K31: 0.62 | L31: 0.85 | M31: 0.21 | N31: 0.4 | O31: 0.5 | P31: 0.23 | Q31: NA | R31: NA | S31: NA | T31: NA | U31: NA | V31: NA | W31: =MAX(E31:V31) -> 1.06 | X31: =IF(W31=0,"STAND BY",IF(W31<1.4,"NORMAL",IF(W31<2.81,"PREWARNING",IF(W31<4.5,"WARNING","ALARM")))) -> NORMAL | Z31: 1H
B32: 23 | C32: DC OIL PUMP UNIT 1 | D32: GROUP 2 | E32: 1.17 | F32: 0.87 | G32: 0.92 | H32: 0.99 | I32: 1.46 | J32: 1.21 | K32: 1.34 | L32: 1.95 | M32: 0.76 | N32: 1.07 | O32: 1.28 | P32: 0.74 | Q32: NA | R32: NA | S32: NA | T32: NA | U32: NA | V32: NA | W32: =MAX(E32:V32) -> 1.95 | X32: =IF(W32=0,"STAND BY",IF(W32<1.4,"NORMAL",IF(W32<2.81,"PREWARNING",IF(W32<4.5,"WARNING","ALARM")))) -> PREWARNING | Z32: 1H
B33: 24 | C33: DIESEL FIRE FIGHTING UNIT 1 | E33: 7.65 | F33: 6.11 | G33: 6.23 | H33: 12.07 | I33: 9.52 | J33: 7.39 | K33: 3.36 | L33: 3.2 | M33: 3.56 | N33: 3.12 | O33: 3.33 | P33: 3.41 | Q33: NA | R33: NA | S33: NA | T33: NA | U33: NA | V33: NA | W33: =MAX(E33:V33) -> 12.07 | X33: =IF(W33=0,"STAND BY",IF(W33<4.46,"NORMAL",IF(W33<28.2,"PREWARNING",IF(W33<44.6,"WARNING","ALARM")))) -> PREWARNING | Z33: 1H
B34: 25 | C34: ELECTRIC FIRE FIGHTING UNIT 1 | D34: GROUP 2 | E34: 1.6 | F34: 1.28 | G34: 1.72 | H34: 1.81 | I34: 1.44 | J34: 1.88 | K34: 2.13 | L34: 2.04 | M34: 2.36 | N34: 2.15 | O34: 2.63 | P34: 2.12 | Q34: NA | R34: NA | S34: NA | T34: NA | U34: NA | V34: NA | W34: =MAX(E34:V34) -> 2.63 | X34: =IF(W34=0,"STAND BY",IF(W34<1.4,"NORMAL",IF(W34<2.81,"PREWARNING",IF(W34<4.5,"WARNING","ALARM")))) -> PREWARNING | Z34: 1H
B35: 26 | C35: JOCKEY FIGHTING UNIT 1 | D35: GROUP 2 | E35: 0.86 | F35: 0.87 | G35: N/A | H35: 0.72 | I35: 0.78 | J35: 0.21 | K35: NA | L35: NA | M35: NA | N35: NA | O35: NA | P35: NA | Q35: NA | R35: NA | S35: NA | T35: NA | U35: NA | V35: NA | W35: =MAX(E35:V35) -> 0.87 | X35: =IF(W35=0,"STAND BY",IF(W35<1.4,"NORMAL",IF(W35<2.81,"PREWARNING",IF(W35<4.5,"WARNING","ALARM")))) -> NORMAL | Z35: 1H
C36: ='[1]INPUT EQUIPMENT'!A30 -> UNIT 2
B37: 1 | C37: ='[1]INPUT EQUIPMENT'!B31 -> Motor ID Fan 1#2 | D37: GROUP 1 | E37: 0.76 | F37: 1.81 | G37: 0.47 | H37: 0.66 | I37: 1.59 | J37: 0.46 | K37: 0.76 | L37: 1.26 | M37: 0.8 | N37: 0.4 | O37: 1.29 | P37: 0.41 | Q37: 0.7 | R37: 1.15 | S37: 0.54 | T37: 0.51 | U37: 1.05 | V37: 0.49 | W37: =MAX(E37:V37) -> 1.81 | X37: =IF(W37=0,"STAND BY",IF(W37<2.3,"NORMAL",IF(W37<4.6,"PREWARNING",IF(W37<7.2,"WARNING","ALARM")))) -> NORMAL | Z37: 2V
B38: 2 | C38: ='[1]INPUT EQUIPMENT'!B32 -> Motor ID Fan 2#2 | D38: GROUP 1 | E38: 0.51 | F38: 0.97 | G38: 0.69 | H38: 1.15 | I38: 0.97 | J38: 0.61 | K38: 0.7 | L38: 1.03 | M38: 1.62 | N38: 0.51 | O38: 0.69 | P38: 0.81 | Q38: 0.81 | R38: 1.11 | S38: 0.54 | T38: 0.66 | U38: 0.81 | V38: 0.58 | W38: =MAX(E38:V38) -> 1.62 | X38: =IF(W38=0,"STAND BY",IF(W38<2.3,"NORMAL",IF(W38<4.6,"PREWARNING",IF(W38<7.2,"WARNING","ALARM")))) -> NORMAL | Z38: 3A | AA38: =29+19 -> 48
B39: 3 | C39: ='[1]INPUT EQUIPMENT'!B33 -> Motor Primary Air Fan 1#2 | D39: GROUP 1 | E39: 0.44 | F39: 1.54 | G39: 0.97 | H39: 0.86 | I39: 1.36 | J39: 0.6 | K39: 0.98 | L39: 1.78 | M39: 1.11 | N39: 1.82 | O39: 2.23 | P39: 1.16 | Q39: NA | R39: NA | S39: NA | T39: NA | U39: NA | V39: NA | W39: =MAX(E39:V39) -> 2.23 | X39: =IF(W39=0,"STAND BY",IF(W39<2.3,"NORMAL",IF(W39<4.6,"PREWARNING",IF(W39<7.2,"WARNING","ALARM")))) -> NORMAL | Z39: 3H | AA39: =AA38*AA42 -> 0.576
B40: 4 | C40: ='[1]INPUT EQUIPMENT'!B34 -> Motor Primary Air Fan 2#2 | D40: GROUP 1 | E40: 1.22 | F40: 2.43 | G40: 1.04 | H40: 2.84 | I40: 2.41 | J40: 1.2 | K40: 0.86 | L40: 2.13 | M40: 0.7 | N40: 1.27 | O40: 1.35 | P40: 0.63 | Q40: NA | R40: NA | S40: NA | T40: NA | U40: NA | V40: NA | W40: =MAX(E40:V40) -> 2.84 | X40: =IF(W40=0,"STAND BY",IF(W40<2.3,"NORMAL",IF(W40<4.6,"PREWARNING",IF(W40<7.2,"WARNING","ALARM")))) -> PREWARNING | Z40: 4V
B41: 5 | C41: ='[1]INPUT EQUIPMENT'!B35 -> Motor Secondary Air Fan 1#2 | D41: GROUP 1 | E41: 0.61 | F41: 2.3 | G41: 0.67 | H41: 1.41 | I41: 1.63 | J41: 0.83 | K41: 1.68 | L41: 2.9 | M41: 0.99 | N41: 0.49 | O41: 1.92 | P41: 1.03 | Q41: NA | R41: NA | S41: NA | T41: NA | U41: NA | V41: NA | W41: =MAX(E41:V41) -> 2.9 | X41: =IF(W41=0,"STAND BY",IF(W41<2.3,"NORMAL",IF(W41<4.6,"PREWARNING",IF(W41<7.2,"WARNING","ALARM")))) -> PREWARNING
B42: 6 | C42: ='[1]INPUT EQUIPMENT'!B36 -> Motor Secondary Air Fan 2#2 | D42: GROUP 1 | E42: 1.08 | F42: 2.72 | G42: 0.8 | H42: 0.51 | I42: 2.71 | J42: 0.96 | K42: 0.69 | L42: 1.83 | M42: 0.99 | N42: 0.97 | O42: 2.08 | P42: 1.1 | Q42: NA | R42: NA | S42: NA | T42: NA | U42: NA | V42: NA | W42: =MAX(E42:V42) -> 2.72 | X42: =IF(W42=0,"STAND BY",IF(W42<2.3,"NORMAL",IF(W42<4.6,"PREWARNING",IF(W42<7.2,"WARNING","ALARM")))) -> PREWARNING | AA42: 0.012
B43: 7 | C43: ='[1]INPUT EQUIPMENT'!B37 -> Turbin-Generator#2 | D43: GROUP 1 | E43: 4.23 | F43: 2.36 | G43: 1.69 | H43: 0.39 | I43: 1.95 | J43: 1.05 | K43: 0.32 | L43: 2.53 | M43: 1.12 | N43: 2.61 | O43: 2.61 | P43: 5.85 | Q43: NA | R43: NA | S43: NA | T43: NA | U43: NA | V43: NA | W43: =MAX(E43:V43) -> 5.85 | X43: =IF(W43=0,"STAND BY",IF(W43<3.8,"NORMAL",IF(W43<7.5,"PREWARNING",IF(W43<10.1,"WARNING","ALARM")))) -> PREWARNING | Z43: 4H
B44: 8 | C44: ='[1]INPUT EQUIPMENT'!B38 -> Motor Condensat Pump 1#2 | D44: GROUP 2 | E44: 0 | F44: 0 | G44: 0 | H44: 0 | I44: 0 | J44: 0 | K44: 0 | L44: 0 | M44: 0 | N44: NA | O44: NA | P44: NA | Q44: NA | R44: NA | S44: NA | T44: NA | U44: NA | V44: NA | W44: =MAX(E44:V44) -> 0 | X44: =IF(W44=0,"STAND BY",IF(W44<1.5,"NORMAL",IF(W44<2.81,"PREWARNING",IF(W44<4.5,"WARNING","ALARM")))) -> STAND BY | Z44: 1V
B45: 9 | C45: ='[1]INPUT EQUIPMENT'!B39 -> Motor Condensat Pump 2#2 | D45: GROUP 2 | E45: 1.15 | F45: 1.2 | G45: 0 | H45: 0.4 | I45: 0.4 | J45: 0.74 | K45: 0.18 | L45: 0.54 | M45: 0.98 | N45: NA | O45: NA | P45: NA | Q45: NA | R45: NA | S45: NA | T45: NA | U45: NA | V45: NA | W45: =MAX(E45:V45) -> 1.2 | X45: =IF(W45=0,"STAND BY",IF(W45<1.4,"NORMAL",IF(W45<2.81,"PREWARNING",IF(W45<4.5,"WARNING","ALARM")))) -> NORMAL | Z45: 1H | AA45: 3.4
B46: 10 | C46: ='[1]INPUT EQUIPMENT'!B40 -> Motor Vacuum Pump 1#2 | D46: GROUP 2 | E46: 0.78 | F46: 0.52 | G46: 0.66 | H46: 1.09 | I46: 0.93 | J46: 0.62 | K46: 1.16 | L46: 1.5 | M46: 0.57 | N46: 0.94 | O46: 0.82 | P46: 0.49 | Q46: NA | R46: NA | S46: NA | T46: NA | U46: NA | V46: NA | W46: =MAX(E46:V46) -> 1.5 | X46: =IF(W46=0,"STAND BY",IF(W46<1.4,"NORMAL",IF(W46<2.81,"PREWARNING",IF(W46<4.5,"WARNING","ALARM")))) -> PREWARNING | AA46: =AA45-AA39 -> 2.824
B47: 11 | C47: ='[1]INPUT EQUIPMENT'!B41 -> Motor Vacuum Pump 2#2 | D47: GROUP 2 | E47: 0.62 | F47: 0.56 | G47: 0.71 | H47: 1.08 | I47: 1.12 | J47: 0.96 | K47: 1.19 | L47: 1.5 | M47: 0.53 | N47: 1.28 | O47: 0.86 | P47: 0.45 | Q47: NA | R47: NA | S47: NA | T47: NA | U47: NA | V47: NA | W47: =MAX(E47:V47) -> 1.5 | X47: =IF(W47=0,"STAND BY",IF(W47<1.5,"NORMAL",IF(W47<2.81,"PREWARNING",IF(W47<4.5,"WARNING","ALARM")))) -> PREWARNING | Z47: 4A | AA47: 1.7
B48: 12 | C48: ='[1]INPUT EQUIPMENT'!B42 -> Motor Boiler Feed Pump 1#2 | D48: GROUP 2 | E48: 0 | F48: 0 | G48: 0 | H48: 0 | I48: 0 | J48: 0 | K48: 0 | L48: 0 | M48: 0 | N48: 0 | O48: 0 | P48: 0 | Q48: 0 | R48: 0 | S48: 0 | T48: 0 | U48: 0 | V48: 0 | W48: =MAX(E48:V48) -> 0 | X48: =IF(W48=0,"STAND BY",IF(W48<2.4,"NORMAL",IF(W48<4.6,"PREWARNING",IF(W48<7.2,"WARNING","ALARM")))) -> STAND BY | AA48: =AA46-AA47 -> 1.124
B49: 13 | C49: ='[1]INPUT EQUIPMENT'!B43 -> Motor Boiler Feed Pump 2#2 | D49: GROUP 2 | E49: 0.58 | F49: 1.11 | G49: 1.4 | H49: 1.2 | I49: 1.43 | J49: 1.28 | K49: 0.41 | L49: 0.7 | M49: 0.69 | N49: 0.35 | O49: 0.65 | P49: 0.67 | Q49: 1.33 | R49: 1.92 | S49: 0.38 | T49: 2.14 | U49: 1.99 | V49: 0.86 | W49: =MAX(E49:V49) -> 2.14 | X49: =IF(W49=0,"STAND BY",IF(W49<2.4,"NORMAL",IF(W49<4.6,"PREWARNING",IF(W49<7.2,"WARNING","ALARM")))) -> NORMAL | Z49: 4H | AA49: =AA48/AA42 -> 93.666667
B50: 14 | C50: ='[1]INPUT EQUIPMENT'!B44 -> Motor CCCWP 1#2 | D50: GROUP 2 | E50: 1.6 | F50: 2.26 | G50: NA | H50: 1.44 | I50: 0.71 | J50: 0.75 | K50: 0.81 | L50: 0.54 | M50: 0.66 | N50: NA | O50: NA | P50: NA | Q50: NA | R50: NA | S50: NA | T50: NA | U50: NA | V50: NA | W50: =MAX(E50:V50) -> 2.26 | X50: =IF(W50=0,"STAND BY",IF(W50<1.5,"NORMAL",IF(W50<2.81,"PREWARNING",IF(W50<4.5,"WARNING","ALARM")))) -> PREWARNING | Z50: 1H
B51: 15 | C51: ='[1]INPUT EQUIPMENT'!B45 -> Motor CCCWP 2#2 | D51: GROUP 2 | E51: 0 | F51: 0 | G51: NA | H51: 0 | I51: 0 | J51: 0 | K51: 0 | L51: 0 | M51: 0 | N51: NA | O51: NA | P51: NA | Q51: NA | R51: NA | S51: NA | T51: NA | U51: NA | V51: NA | W51: =MAX(E51:V51) -> 0 | X51: =IF(W51=0,"STAND BY",IF(W51<1.5,"NORMAL",IF(W51<2.81,"PREWARNING",IF(W51<4.5,"WARNING","ALARM")))) -> STAND BY | Z51: 1V
B52: 16 | C52: Motor CCCWP 2C | D52: GROUP 2 | E52: 1 | F52: 1.22 | G52: 0.91 | H52: 2.07 | I52: 1.11 | J52: 0.47 | K52: 0.58 | L52: 0.32 | M52: 0.38 | N52: NA | O52: NA | P52: NA | Q52: NA | R52: NA | S52: NA | T52: NA | U52: NA | V52: NA | W52: =MAX(E52:V52) -> 2.07 | X52: =IF(W52=0,"STAND BY",IF(W52<1.5,"NORMAL",IF(W52<2.81,"PREWARNING",IF(W52<4.5,"WARNING","ALARM")))) -> PREWARNING | Z52: 1V
B53: 17 | C53: ='[1]INPUT EQUIPMENT'!B46 -> Motor CWP 355 Kw 1#2 | D53: GROUP 2 | E53: 0 | F53: 0 | G53: 0 | H53: 0 | I53: 0 | J53: 0 | K53: 0 | L53: 0 | M53: 0 | N53: NA | O53: NA | P53: NA | Q53: NA | R53: NA | S53: NA | T53: NA | U53: NA | V53: NA | W53: =MAX(E53:V53) -> 0 | X53: =IF(W53=0,"STAND BY",IF(W53<2.4,"NORMAL",IF(W53<4.6,"PREWARNING",IF(W53<7.2,"WARNING","ALARM")))) -> STAND BY | Z53: 1A
B54: 18 | C54: ='[1]INPUT EQUIPMENT'!B47 -> Motor CWP 355 Kw 2#2 | D54: GROUP 2 | E54: 1.62 | F54: 2.02 | G54: 1.02 | H54: 0.6 | I54: 1.49 | J54: 0.4 | K54: 0 | L54: 0 | M54: 0 | N54: NA | O54: NA | P54: NA | Q54: NA | R54: NA | S54: NA | T54: NA | U54: NA | V54: NA | W54: =MAX(E54:V54) -> 2.02 | X54: =IF(W54=0,"STAND BY",IF(W54<2.4,"NORMAL",IF(W54<4.6,"PREWARNING",IF(W54<7.2,"WARNING","ALARM")))) -> NORMAL | Z54: 1A
B55: 19 | C55: AC OIL PUMP UNIT 2 | D55: GROUP 2 | E55: 0 | F55: 0 | G55: 0 | H55: 0 | I55: 0 | J55: 0 | K55: 0 | L55: 0 | M55: 0 | N55: 0 | O55: 0 | P55: 0 | Q55: NA | R55: NA | S55: NA | T55: NA | U55: NA | V55: NA | W55: =MAX(E55:V55) -> 0 | X55: =IF(W55=0,"STAND BY",IF(W55<1.4,"NORMAL",IF(W55<2.81,"PREWARNING",IF(W55<4.5,"WARNING","ALARM")))) -> STAND BY | Z55: 1H
B56: 20 | C56: DC OIL PUMP UNIT 2 | D56: GROUP 2 | E56: 0 | F56: 0 | G56: 0 | H56: 0 | I56: 0 | J56: 0 | K56: 0 | L56: 0 | M56: 0 | N56: 0 | O56: 0 | P56: 0 | Q56: NA | R56: NA | S56: NA | T56: NA | U56: NA | V56: NA | W56: =MAX(E56:V56) -> 0 | X56: =IF(W56=0,"STAND BY",IF(W56<1.4,"NORMAL",IF(W56<2.81,"PREWARNING",IF(W56<4.5,"WARNING","ALARM")))) -> STAND BY | Z56: 1H
C57: ='[1]INPUT EQUIPMENT'!A48 -> UNIT 3 | AC57: 4 | AD57: April
B58: 1 | C58: ='[1]INPUT EQUIPMENT'!B49 -> Motor ID Fan 1#3 | D58: GROUP 1 | E58: 0.62 | F58: 0.93 | G58: 0.79 | H58: 0.87 | I58: 0.69 | J58: 0.39 | K58: 0.77 | L58: 1.23 | M58: 0.4 | N58: 0.52 | O58: 1.19 | P58: 0.32 | Q58: NA | R58: NA | S58: NA | T58: NA | U58: NA | V58: NA | W58: =MAX(E58:V58) -> 1.23 | X58: =IF(W58=0,"STAND BY",IF(W58<2.4,"NORMAL",IF(W58<4.6,"PREWARNING",IF(W58<7.2,"WARNING","ALARM")))) -> NORMAL | Z58: 4V | AC58: 5 | AD58: Mei
B59: 2 | C59: ='[1]INPUT EQUIPMENT'!B50 -> Motor ID Fan 2#3 | D59: GROUP 1 | E59: 0.26 | F59: 0.42 | G59: 0.55 | H59: 0.41 | I59: 0.53 | J59: 0.28 | K59: 0.24 | L59: 0.33 | M59: 0.8 | N59: 0.36 | O59: 0.54 | P59: 0.31 | Q59: NA | R59: NA | S59: NA | T59: NA | U59: NA | V59: NA | W59: =MAX(E59:V59) -> 0.8 | X59: =IF(W59=0,"STAND BY",IF(W59<2.4,"NORMAL",IF(W59<4.6,"PREWARNING",IF(W59<7.2,"WARNING","ALARM")))) -> NORMAL | Z59: 2A | AC59: 6 | AD59: Juni
B60: 3 | C60: ='[1]INPUT EQUIPMENT'!B51 -> Motor Primary Air Fan#3 | D60: GROUP 1 | E60: 1.78 | F60: 1.96 | G60: 1.34 | H60: 1.22 | I60: 2.21 | J60: 1.18 | K60: 1.27 | L60: 1.33 | M60: 1.29 | N60: 1.47 | O60: 1.84 | P60: 1.29 | Q60: NA | R60: NA | S60: NA | T60: NA | U60: NA | V60: NA | W60: =MAX(E60:V60) -> 2.21 | X60: =IF(W60=0,"STAND BY",IF(W60<2.4,"NORMAL",IF(W60<4.6,"PREWARNING",IF(W60<7.2,"WARNING","ALARM")))) -> NORMAL | Z60: 4V | AC60: 7 | AD60: Juli
B61: 4 | C61: ='[1]INPUT EQUIPMENT'!B52 -> Motor Secondary Air Fan#3 | D61: GROUP 1 | E61: 1.6 | F61: 2.39 | G61: 1.19 | H61: 1.72 | I61: 2.49 | J61: 1.45 | K61: 1.7 | L61: 1.81 | M61: 1.68 | N61: 2.45 | O61: 2.46 | P61: 1.73 | Q61: NA | R61: NA | S61: NA | T61: NA | U61: NA | V61: NA | W61: =MAX(E61:V61) -> 2.49 | X61: =IF(W61=0,"STAND BY",IF(W61<2.4,"NORMAL",IF(W61<4.6,"PREWARNING",IF(W61<7.2,"WARNING","ALARM")))) -> PREWARNING | Z61: 3H | AC61: 8 | AD61: Agustus
B62: 5 | C62: ='[1]INPUT EQUIPMENT'!B53 -> Motor Recirculating Air Fan 1#3 | D62: GROUP 2 | E62: 0 | F62: 0 | G62: 0 | H62: 0 | I62: 0 | J62: 0 | K62: 0 | L62: 0 | M62: 0 | N62: 0 | O62: 0 | P62: 0 | Q62: 0 | R62: 0 | S62: 0 | T62: 0 | U62: 0 | V62: 0 | W62: =MAX(E62:V62) -> 0 | X62: =IF(W62=0,"STAND BY",IF(W62<2.4,"NORMAL",IF(W62<4.6,"PREWARNING",IF(W62<7.2,"WARNING","ALARM")))) -> STAND BY | Z62: 5H | AC62: 9 | AD62: September
B63: 6 | C63: ='[1]INPUT EQUIPMENT'!B54 -> Motor Recirculating Air Fan 2#3 | D63: GROUP 2 | E63: 1.19 | F63: 1.12 | G63: 1.08 | H63: 0.81 | I63: 1.47 | J63: 1.04 | K63: 2.28 | L63: 3.36 | M63: 2.16 | N63: 2.37 | O63: 2.7 | P63: 2.16 | Q63: 2.42 | R63: 3.06 | S63: 2.31 | T63: 2.23 | U63: 2.7 | V63: 2.39 | W63: =MAX(E63:V63) -> 3.36 | X63: =IF(W63=0,"STAND BY",IF(W63<2.4,"NORMAL",IF(W63<4.6,"PREWARNING",IF(W63<7.2,"WARNING","ALARM")))) -> PREWARNING | Z63: 6H | AC63: 10 | AD63: Oktober
B64: 7 | C64: ='[1]INPUT EQUIPMENT'!B55 -> Turbin-Generator#3 | D64: GROUP 2 | E64: 1.04 | F64: 1.24 | G64: 0.91 | H64: 3.04 | I64: 2.79 | J64: 2.61 | K64: 0.37 | L64: 1.43 | M64: 2.73 | N64: 0.97 | O64: 0.48 | P64: 1.29 | Q64: NA | R64: NA | S64: NA | T64: NA | U64: NA | V64: NA | W64: =MAX(E64:V64) -> 3.04 | X64: =IF(W64=0,"STAND BY",IF(W64<3.8,"NORMAL",IF(W64<7.5,"PREWARNING",IF(W64<11.8,"WARNING","ALARM")))) -> NORMAL | Z64: 4A
B65: 8 | C65: ='[1]INPUT EQUIPMENT'!B56 -> Motor Condensat Pump 1#3 | D65: GROUP 2 | E65: 2.11 | F65: 2.54 | G65: 0.95 | H65: 1.7 | I65: 2.71 | J65: 1.85 | K65: 1.66 | L65: 1.57 | M65: 0.67 | N65: 1.13 | O65: 1.37 | P65: 1.02 | Q65: NA | R65: NA | S65: NA | T65: NA | U65: NA | V65: NA | W65: =MAX(E65:V65) -> 2.71 | X65: =IF(W65=0,"STAND BY",IF(W65<1.5,"NORMAL",IF(W65<2.9,"PREWARNING",IF(W65<4.6,"WARNING","ALARM")))) -> PREWARNING | Z65: 1H
B66: 9 | C66: ='[1]INPUT EQUIPMENT'!B57 -> Motor Condensat Pump 2#3 | D66: GROUP 2 | E66: 1.13 | F66: 2.01 | G66: 0.3 | H66: 1.72 | I66: 2.06 | J66: 0.91 | K66: 0.76 | L66: 1.54 | M66: 0.88 | N66: 1.81 | O66: 1.57 | P66: 1.06 | Q66: NA | R66: NA | S66: NA | T66: NA | U66: NA | V66: NA | W66: =MAX(E66:V66) -> 2.06 | X66: =IF(W66=0,"STAND BY",IF(W66<1.5,"NORMAL",IF(W66<2.9,"PREWARNING",IF(W66<4.6,"WARNING","ALARM")))) -> PREWARNING | Z66: 1H
B67: 10 | C67: ='[1]INPUT EQUIPMENT'!B58 -> Motor Condensat Pump 3#3 | D67: GROUP 2 | E67: 0.77 | F67: 1.68 | G67: 0.55 | H67: 0.87 | I67: 1.74 | J67: 0.86 | K67: 0.62 | L67: 1.59 | M67: 0.77 | N67: 0.84 | O67: 1.81 | P67: 0.97 | Q67: NA | R67: NA | S67: NA | T67: NA | U67: NA | V67: NA | W67: =MAX(E67:V67) -> 1.81 | X67: =IF(W67=0,"STAND BY",IF(W67<1.5,"NORMAL",IF(W67<2.9,"PREWARNING",IF(W67<4.6,"WARNING","ALARM")))) -> PREWARNING | Z67: 1H
B68: 11 | C68: ='[1]INPUT EQUIPMENT'!B59 -> Motor Water jet Pump 1#3 | D68: GROUP 2 | E68: 0.51 | F68: 1 | G68: 0.22 | H68: 0.92 | I68: 1.21 | J68: 0.58 | K68: 0.89 | L68: 1.02 | M68: 0.62 | N68: 0.91 | O68: 0.88 | P68: 0.67 | Q68: NA | R68: NA | S68: NA | T68: NA | U68: NA | V68: NA | W68: =MAX(E68:V68) -> 1.21 | X68: =IF(W68=0,"STAND BY",IF(W68<1.5,"NORMAL",IF(W68<2.9,"PREWARNING",IF(W68<4.6,"WARNING","ALARM")))) -> NORMAL | Z68: 3H
B69: 12 | C69: ='[1]INPUT EQUIPMENT'!B60 -> Motor Water jet Pump 2#3 | D69: GROUP 2 | E69: 0 | F69: 0 | G69: 0 | H69: 0 | I69: 0 | J69: 0 | K69: 0 | L69: 0 | M69: 0 | N69: 0 | O69: 0 | P69: 0 | Q69: NA | R69: NA | S69: NA | T69: NA | U69: NA | V69: NA | W69: =MAX(E69:V69) -> 0 | X69: =IF(W69=0,"STAND BY",IF(W69<1.5,"NORMAL",IF(W69<2.9,"PREWARNING",IF(W69<4.6,"WARNING","ALARM")))) -> STAND BY | Z69: 3H
B70: 13 | C70: ='[1]INPUT EQUIPMENT'!B61 -> Motor Boiler Feed Pump 1#3 | D70: GROUP 1 | E70: 0.69 | F70: 1.5 | G70: 1.79 | H70: 0.71 | I70: 1.06 | J70: 1.03 | K70: 0.74 | L70: 2.06 | M70: 1.25 | N70: 0.76 | O70: 2.02 | P70: 1.27 | Q70: 1.6 | R70: 2.08 | S70: 0.5 | T70: 0.63 | U70: 0.92 | V70: 0.43 | W70: =MAX(E70:V70) -> 2.08 | X70: =IF(W70=0,"STAND BY",IF(W70<2.4,"NORMAL",IF(W70<7.2,"PREWARNING",IF(W70<7.2,"WARNING","ALARM")))) -> NORMAL | Z70: 3H
B71: 14 | C71: ='[1]INPUT EQUIPMENT'!B62 -> Motor Boiler Feed Pump 2#3 | D71: GROUP 1 | E71: 0 | F71: 0 | G71: 0 | H71: 0 | I71: 0 | J71: 0 | K71: 0 | L71: 0 | M71: 0 | N71: 0 | O71: 0 | P71: 0 | Q71: 0 | R71: 0 | S71: 0 | T71: 0 | U71: 0 | V71: 0 | W71: =MAX(E71:V71) -> 0 | X71: =IF(W71=0,"STAND BY",IF(W71<2.4,"NORMAL",IF(W71<7.2,"PREWARNING",IF(W71<7.2,"WARNING","ALARM")))) -> STAND BY
B72: 15 | C72: ='[1]INPUT EQUIPMENT'!B63 -> Motor CCWP 1#3 | D72: GROUP 2 | E72: 0.83 | F72: 0.77 | G72: 0.98 | H72: 1.39 | I72: 2.34 | J72: 1.28 | K72: 1.26 | L72: 1.7 | M72: 0.77 | N72: 0.93 | O72: 0.64 | P72: 1.09 | Q72: NA | R72: NA | S72: NA | T72: NA | U72: NA | V72: NA | W72: =MAX(E72:V72) -> 2.34 | X72: =IF(W72=0,"STAND BY",IF(W72<1.5,"NORMAL",IF(W72<2.8,"PREWARNING",IF(W72<4.6,"WARNING","ALARM")))) -> PREWARNING | Z72: 2A
B73: 16 | C73: ='[1]INPUT EQUIPMENT'!B64 -> Motor CCWP 2#3 | D73: GROUP 2 | E73: 0.46 | F73: 1.62 | G73: 0.64 | H73: 1.97 | I73: 2.04 | J73: 1.41 | K73: 1.79 | L73: 1.14 | M73: 1.3 | N73: 1.23 | O73: 0.79 | P73: 1.84 | Q73: NA | R73: NA | S73: NA | T73: NA | U73: NA | V73: NA | W73: =MAX(E73:V73) -> 2.04 | X73: =IF(W73=0,"STAND BY",IF(W73<1.5,"NORMAL",IF(W73<2.9,"PREWARNING",IF(W73<4.6,"WARNING","ALARM")))) -> PREWARNING | Z73: 1V
B74: 17 | C74: ='[1]INPUT EQUIPMENT'!B65 -> Motor CWP 355 Kw 1#3 | D74: GROUP 1 | E74: 0 | F74: 0 | G74: 0 | H74: 0 | I74: 0 | J74: 0 | K74: 0 | L74: 0 | M74: 0 | N74: NA | O74: NA | P74: NA | Q74: NA | R74: NA | S74: NA | T74: NA | U74: NA | V74: NA | W74: =MAX(E74:V74) -> 0 | X74: =IF(W74=0,"STAND BY",IF(W74<2.4,"NORMAL",IF(W74<4.6,"PREWARNING",IF(W74<7.2,"WARNING","ALARM")))) -> STAND BY | Z74: 3A
B75: 18 | C75: ='[1]INPUT EQUIPMENT'!B66 -> Motor CWP 355 Kw 2#3 | D75: GROUP 1 | E75: 2.79 | F75: 2.32 | G75: 2.19 | H75: 1.75 | I75: 1.58 | J75: 2 | K75: 1.08 | L75: 0.87 | M75: 1.39 | N75: NA | O75: NA | P75: NA | Q75: NA | R75: NA | S75: NA | T75: NA | U75: NA | V75: NA | W75: =MAX(E75:V75) -> 2.79 | X75: =IF(W75=0,"STAND BY",IF(W75<2.4,"NORMAL",IF(W75<4.6,"PREWARNING",IF(W75<7.2,"WARNING","ALARM")))) -> PREWARNING
B76: 19 | C76: ='[1]INPUT EQUIPMENT'!B67 -> Motor BWRO 1#3 | D76: GROUP 2 | E76: 1.75 | F76: 1.98 | G76: NA | H76: 0.61 | I76: 0.67 | J76: 0.36 | K76: NA | L76: NA | M76: NA | N76: NA | O76: NA | P76: NA | Q76: NA | R76: NA | S76: NA | T76: NA | U76: NA | V76: NA | W76: =MAX(E76:V76) -> 1.98 | X76: =IF(W76=0,"STAND BY",IF(W76<1.4,"NORMAL",IF(W76<2.9,"PREWARNING",IF(W76<4.6,"WARNING","ALARM")))) -> PREWARNING | AA76: GANGGUAN
B77: 20 | C77: ='[1]INPUT EQUIPMENT'!B68 -> Motor BWRO 2#3 | D77: GROUP 2 | E77: 0 | F77: 0 | G77: NA | H77: 0 | I77: 0 | J77: 0 | K77: NA | L77: NA | M77: NA | N77: NA | O77: NA | P77: NA | Q77: NA | R77: NA | S77: NA | T77: NA | U77: NA | V77: NA | W77: =MAX(E77:V77) -> 0 | X77: =IF(W77=0,"STAND BY",IF(W77<1.5,"NORMAL",IF(W77<2.9,"PREWARNING",IF(W77<4.6,"WARNING","ALARM")))) -> STAND BY | AA77: GANGGUAN
B78: 21 | C78: ='[1]INPUT EQUIPMENT'!B69 -> Motor SWRO 1#3 | D78: GROUP 2 | E78: 0.49 | F78: 0.69 | G78: 0.13 | H78: 0.39 | I78: 0.8 | J78: 0.2 | K78: NA | L78: NA | M78: NA | N78: NA | O78: NA | P78: NA | Q78: NA | R78: NA | S78: NA | T78: NA | U78: NA | V78: NA | W78: =MAX(E78:V78) -> 0.8 | X78: =IF(W78=0,"STAND BY",IF(W78<1.5,"NORMAL",IF(W78<2.9,"PREWARNING",IF(W78<4.6,"WARNING","ALARM")))) -> NORMAL | AA78: GANGGUAN
B79: 22 | C79: ='[1]INPUT EQUIPMENT'!B70 -> Motor SWRO 2#3 | D79: GROUP 2 | E79: 0 | F79: 0 | G79: 0 | H79: 0 | I79: 0 | J79: 0 | K79: NA | L79: NA | M79: NA | N79: NA | O79: NA | P79: NA | Q79: NA | R79: NA | S79: NA | T79: NA | U79: NA | V79: NA | W79: =MAX(E79:V79) -> 0 | X79: =IF(W79=0,"STAND BY",IF(W79<1.5,"NORMAL",IF(W79<2.9,"PREWARNING",IF(W79<4.6,"WARNING","ALARM")))) -> STAND BY | AA79: GANGGUAN
B80: 24 | C80: Fire Fighting Jockey Pump 1 | D80: GROUP 2 | E80: 0.93 | F80: 0.83 | G80: 0.41 | H80: 0.46 | I80: 0.47 | J80: 0.43 | K80: NA | L80: NA | M80: NA | N80: NA | O80: NA | P80: NA | Q80: NA | R80: NA | S80: NA | T80: NA | U80: NA | V80: NA | W80: =MAX(E80:V80) -> 0.93 | X80: =IF(W80=0,"STAND BY",IF(W80<1.5,"NORMAL",IF(W80<2.9,"PREWARNING",IF(W80<4.6,"WARNING","ALARM")))) -> NORMAL | AA80: TIDAK SAFETY UNTUK DI AMBIL
B81: 25 | C81: Fire Fighting Jockey Pump 2 | D81: GROUP 2 | E81: 0 | F81: 0 | G81: 0 | H81: 0 | I81: 0 | J81: 0 | K81: NA | L81: NA | M81: NA | N81: NA | O81: NA | P81: NA | Q81: NA | R81: NA | S81: NA | T81: NA | U81: NA | V81: NA | W81: =MAX(E81:V81) -> 0 | X81: =IF(W81=0,"STAND BY",IF(W81<1.5,"NORMAL",IF(W81<2.9,"PREWARNING",IF(W81<4.6,"WARNING","ALARM")))) -> STAND BY | AC81: 11 | AD81: November
B82: 26 | C82: Fire Fighting Pump With Motor | D82: GROUP 2 | E82: 1.19 | F82: 1.82 | G82: 0.27 | H82: 1.72 | I82: 1.8 | J82: 1.07 | K82: 1.91 | L82: 1.7 | M82: 1.56 | N82: 1.61 | O82: 1.71 | P82: 1.74 | Q82: NA | R82: NA | S82: NA | T82: NA | U82: NA | V82: NA | W82: =MAX(E82:V82) -> 1.91 | X82: =IF(W82=0,"STAND BY",IF(W82<1.5,"NORMAL",IF(W82<2.9,"PREWARNING",IF(W82<4.6,"WARNING","ALARM")))) -> PREWARNING | AA82: TIDAK SAFETY UNTUK DI AMBIL
B83: 27 | C83: Fire Fighting Pump With Diesel | E83: 6.08 | F83: 16.49 | G83: 5.31 | H83: 5.01 | I83: 4.91 | J83: 8.53 | K83: 2.35 | L83: 2.27 | M83: 5.65 | N83: 1.9 | O83: 2.09 | P83: 5.89 | Q83: NA | R83: NA | S83: NA | T83: NA | U83: NA | V83: NA | W83: =MAX(E83:V83) -> 16.49 | X83: =IF(W83=0,"STAND BY",IF(W83<4.45,"NORMAL",IF(W83<28.1,"PREWARNING",IF(W83<44.5,"WARNING","ALARM")))) -> PREWARNING | AC83: 12 | AD83: Desember
B84: 28 | C84: AC Oil Pump Unit 3 | D84: GROUP 2 | E84: 0 | F84: 0 | G84: 0 | H84: 0 | I84: 0 | J84: 0 | K84: 0 | L84: 0 | M84: 0 | N84: 0 | O84: 0 | P84: 0 | Q84: NA | R84: NA | S84: NA | T84: NA | U84: NA | V84: NA | W84: =MAX(E84:V84) -> 0 | X84: =IF(W84=0,"STAND BY",IF(W84<1.5,"NORMAL",IF(W84<2.9,"PREWARNING",IF(W84<4.6,"WARNING","ALARM")))) -> STAND BY | AA84: TIDAK SAFETY UNTUK DI AMBIL
B85: 29 | C85: DC Oil Pump Unit 3 | D85: GROUP 2 | E85: 0 | F85: 0 | G85: 0 | H85: 0 | I85: 0 | J85: 0 | K85: 0 | L85: 0 | M85: 0 | N85: 0 | O85: 0 | P85: 0 | Q85: NA | R85: NA | S85: NA | T85: NA | U85: NA | V85: NA | W85: =MAX(E85:V85) -> 0 | X85: =IF(W85=0,"STAND BY",IF(W85<1.5,"NORMAL",IF(W85<2.9,"PREWARNING",IF(W85<4.6,"WARNING","ALARM")))) -> STAND BY | AC85: 11 | AD85: November
B86: 30 | C86: Jacking Oil Pump 3A | D86: GROUP 2 | E86: 0 | F86: 0 | G86: 0 | H86: 0 | I86: 0 | J86: 0 | K86: 0 | L86: 0 | M86: 0 | N86: 0 | O86: 0 | P86: 0 | Q86: NA | R86: NA | S86: NA | T86: NA | U86: NA | V86: NA | W86: =MAX(E86:V86) -> 0 | X86: =IF(W86=0,"STAND BY",IF(W86<1.5,"NORMAL",IF(W86<2.9,"PREWARNING",IF(W86<4.6,"WARNING","ALARM")))) -> STAND BY | AA86: TIDAK SAFETY UNTUK DI AMBIL
B87: 31 | C87: Jacking Oil Pump 3B | D87: GROUP 2 | E87: 0 | F87: 0 | G87: 0 | H87: 0 | I87: 0 | J87: 0 | K87: 0 | L87: 0 | M87: 0 | N87: 0 | O87: 0 | P87: 0 | Q87: NA | R87: NA | S87: NA | T87: NA | U87: NA | V87: NA | W87: =MAX(E87:V87) -> 0 | X87: =IF(W87=0,"STAND BY",IF(W87<2.8,"NORMAL",IF(W87<11,"PREWARNING",IF(W87<18,"WARNING","ALARM")))) -> STAND BY | AC87: 12 | AD87: Desember
C89: ='[1]INPUT EQUIPMENT'!A75 -> COAL ASH HANDLING
B90: 1 | C90: ='[1]INPUT EQUIPMENT'!B76 -> BC 4.1 | D90: GROUP 2 | E90: 1.22 | F90: 3.07 | G90: 1.32 | H90: 1.79 | I90: 3.5 | J90: 1.85 | K90: 1.59 | L90: 1.47 | M90: 1.75 | N90: 1.29 | O90: 1.79 | P90: 1.23 | Q90: 1.92 | R90: 1.74 | S90: 2.28 | T90: 1.68 | U90: 1.5 | V90: 1.82 | W90: =MAX(E90:V90) -> 3.5 | X90: =IF(W90=0,"STAND BY",IF(W90<2.4,"NORMAL",IF(W90<4.6,"PREWARNING",IF(W90<7.1,"WARNING","ALARM")))) -> PREWARNING | Z90: 2H
B91: 2 | C91: ='[1]INPUT EQUIPMENT'!B77 -> BC 4.2 | D91: GROUP 2 | E91: 0.72 | F91: 0.72 | G91: 0.75 | H91: 0.81 | I91: 1.07 | J91: 0.94 | K91: 1.08 | L91: 0.84 | M91: 1.14 | N91: 0.81 | O91: 0.7 | P91: 0.68 | Q91: 1.61 | R91: 1.02 | S91: 1.01 | T91: 0.9 | U91: 1.1 | V91: 1.33 | W91: =MAX(E91:V91) -> 1.61 | X91: =IF(W91=0,"STAND BY",IF(W91<2.4,"NORMAL",IF(W91<4.6,"PREWARNING",IF(W91<7.1,"WARNING","ALARM")))) -> NORMAL | Z91: 2H
B92: 3 | C92: ='[1]INPUT EQUIPMENT'!B78 -> BC 5.1 | D92: GROUP 2 | E92: 1.65 | F92: 1.71 | G92: 1.19 | H92: 1.8 | I92: 1.74 | J92: 1.22 | K92: 2.73 | L92: 2.61 | M92: 4.2 | N92: 3.01 | O92: 2.65 | P92: 2.23 | Q92: 2.81 | R92: 1.74 | S92: 1.86 | T92: 2.65 | U92: 1.64 | V92: 1.89 | W92: =MAX(E92:V92) -> 4.2 | X92: =IF(W92=0,"STAND BY",IF(W92<2.4,"NORMAL",IF(W92<4.6,"PREWARNING",IF(W92<7.1,"WARNING","ALARM")))) -> PREWARNING | Z92: 3A
B93: 4 | C93: ='[1]INPUT EQUIPMENT'!B79 -> BC 5.2 | D93: GROUP 2 | E93: 1.53 | F93: 1.57 | G93: 0.94 | H93: 1.44 | I93: 1.69 | J93: 0.87 | K93: 2.43 | L93: 1.63 | M93: 3.07 | N93: 2.32 | O93: 1.85 | P93: 3.72 | Q93: 2.53 | R93: 1.32 | S93: 1.46 | T93: 2.24 | U93: 1.34 | V93: 2.74 | W93: =MAX(E93:V93) -> 3.72 | X93: =IF(W93=0,"STAND BY",IF(W93<2.4,"NORMAL",IF(W93<4.6,"PREWARNING",IF(W93<7.1,"WARNING","ALARM")))) -> PREWARNING | Z93: 5A
B94: 5 | C94: ='[1]INPUT EQUIPMENT'!B80 -> BC 7.1 | D94: GROUP 2 | E94: 1.66 | F94: 2.03 | G94: 0.6 | H94: 1.43 | I94: 1.93 | J94: 0.78 | K94: 2.55 | L94: 2.38 | M94: 2.21 | N94: 2.45 | O94: 1.48 | P94: 1.1 | Q94: 1.03 | R94: 0.76 | S94: 3.19 | T94: 0.95 | U94: 0.8 | V94: 3.43 | W94: =MAX(E94:V94) -> 3.43 | X94: =IF(W94=0,"STAND BY",IF(W94<2.4,"NORMAL",IF(W94<4.6,"PREWARNING",IF(W94<7.1,"WARNING","ALARM")))) -> PREWARNING | Z94: 6A
B95: 6 | C95: ='[1]INPUT EQUIPMENT'!B81 -> BC 7. 2 | D95: GROUP 2 | E95: 1.75 | F95: 1.29 | G95: 1.09 | H95: 3.01 | I95: 0.79 | J95: 1.29 | K95: 1.57 | L95: 2.05 | M95: 2.78 | N95: 2.14 | O95: 2.79 | P95: 2.48 | Q95: 0.44 | R95: 0.37 | S95: 2.09 | T95: 0.47 | U95: 0.59 | V95: 2.01 | W95: =MAX(E95:V95) -> 3.01 | X95: =IF(W95=0,"STAND BY",IF(W95<2.4,"NORMAL",IF(W95<4.6,"PREWARNING",IF(W95<7.1,"WARNING","ALARM")))) -> PREWARNING | Z95: 3A
B96: 7 | C96: ='[1]INPUT EQUIPMENT'!B82 -> BC 8.1 | D96: GROUP 2 | E96: 3.21 | F96: 2.49 | G96: NA | H96: 2.67 | I96: 2.91 | J96: 2.78 | K96: 2.09 | L96: 2.02 | M96: 1.57 | N96: 2.65 | O96: 3.01 | P96: 2.96 | Q96: 0.48 | R96: 0.26 | S96: 0.27 | T96: 0.4 | U96: 0.25 | V96: 0.56 | W96: =MAX(E96:V96) -> 3.21 | X96: =IF(W96=0,"STAND BY",IF(W96<2.4,"NORMAL",IF(W96<4.6,"PREWARNING",IF(W96<7.1,"WARNING","ALARM")))) -> PREWARNING | Z96: 1V
B97: 8 | C97: ='[1]INPUT EQUIPMENT'!B83 -> BC 8.2 | D97: GROUP 2 | E97: 3.75 | F97: 3.03 | G97: NA | H97: 2.49 | I97: 2.38 | J97: 1.63 | K97: 2.18 | L97: 2.21 | M97: 2.56 | N97: 2.43 | O97: 1.97 | P97: 2.01 | Q97: 0.9 | R97: 0.44 | S97: 0.46 | T97: 0.72 | U97: 0.37 | V97: 0.5 | W97: =MAX(E97:V97) -> 3.75 | X97: =IF(W97=0,"STAND BY",IF(W97<2.4,"NORMAL",IF(W97<4.6,"PREWARNING",IF(W97<7.1,"WARNING","ALARM")))) -> PREWARNING | Z97: 1H
B98: 9 | C98: ='[1]INPUT EQUIPMENT'!B84 -> BC 10.1 | D98: GROUP 2 | E98: 2.59 | F98: 3.47 | G98: NA | H98: 1.27 | I98: 2.7 | J98: 1.46 | K98: 1.42 | L98: 1.21 | M98: NA | N98: 2.01 | O98: 1.4 | P98: 1.27 | Q98: 0.8 | R98: 0.48 | S98: 0.6 | T98: 0.5 | U98: 0.47 | V98: 0.7 | W98: =MAX(E98:V98) -> 3.47 | X98: =IF(W98=0,"STAND BY",IF(W98<2.4,"NORMAL",IF(W98<4.6,"PREWARNING",IF(W98<7.1,"WARNING","ALARM")))) -> PREWARNING | Z98: 1V
B99: 10 | C99: ='[1]INPUT EQUIPMENT'!B85 -> BC 10.2 | D99: GROUP 2 | E99: 3.45 | F99: 3.47 | G99: NA | H99: 4.34 | I99: 3.24 | J99: 4.08 | K99: 1.51 | L99: 0.93 | M99: NA | N99: 2.61 | O99: 1.34 | P99: 3.07 | Q99: 0.5 | R99: 0.4 | S99: 0.6 | T99: 1.21 | U99: 0.4 | V99: 0.77 | W99: =MAX(E99:V99) -> 4.34 | X99: =IF(W99=0,"STAND BY",IF(W99<2.4,"NORMAL",IF(W99<4.6,"PREWARNING",IF(W99<7.1,"WARNING","ALARM")))) -> PREWARNING | Z99: 1H
B100: 11 | C100: ='[1]INPUT EQUIPMENT'!B86 -> ROLLER SCREEN 1 | D100: GROUP 2 | E100: 8.21 | F100: 5.32 | G100: NA | H100: 6.05 | I100: 4.83 | J100: 4.84 | K100: NA | L100: NA | M100: NA | N100: NA | O100: NA | P100: NA | Q100: NA | R100: NA | S100: NA | T100: NA | U100: NA | V100: NA | W100: =MAX(E100:V100) -> 8.21 | X100: =IF(W100=0,"STAND BY",IF(W100<4.6,"NORMAL",IF(W100<6.6,"PREWARNING",IF(W100<7.6,"WARNING","ALARM")))) -> ALARM | Z100: 1V
B101: 12 | C101: ='[1]INPUT EQUIPMENT'!B87 -> ROLLER SCREEN 2 | D101: GROUP 2 | E101: 6.43 | F101: 5 | G101: NA | H101: 4.2 | I101: 3.29 | J101: 3.14 | K101: NA | L101: NA | M101: NA | N101: NA | O101: NA | P101: NA | Q101: NA | R101: NA | S101: NA | T101: NA | U101: NA | V101: NA | W101: =MAX(E101:V101) -> 6.43 | X101: =IF(W101=0,"STAND BY",IF(W101<4.6,"NORMAL",IF(W101<6.6,"PREWARNING",IF(W101<7.6,"WARNING","ALARM")))) -> PREWARNING | Z101: 1V
...

Sheet REKOMENDASI
E1: PT. PLN INDONESIA POWER | K1: No. Dok : FORM.JRG.F.05.001
E2: UNIT BISNIS PEMBANGKITAN JERANJANG | K2: Tgl Terbit : 1 Sep 2016
E3: BIDANG ENJINERING | K3: Rev : 00
E4: LAPORAN PDM TEKNOLOGI VIBRASI | K4: Hal :
A5: HASIL PENGUKURAN PADA EQUIPMENT BULAN JULI 2018 | B5: EXECUTIVE SUMMARY
C7: NO | D7: EQUIPMENT | E7: PENGUKURAN BULAN SEBELUMNYA | G7: PENGUKURAN BULAN MEI | I7: STATUS | J7: ANALISA | K7: REKOMENDASI | N7: Week | O7: Tanggal | P7: Analisa | Q7: Rekomendasi | R7: ACTION HAR | S7: KETERANGAN
E8: POSISI | F8: VIB MAX | G8: POSISI | H8: VIB MAX
D9: ='[1]INPUT EQUIPMENT'!A8 -> UNIT 1
A10: 43 | C10: 1 | D10: ='[1]INPUT EQUIPMENT'!B9 -> Motor ID Fan 1#1 | E10: 2H | F10: 2.23 | G10: 2H | H10: 2.21 | I10: NORMAL | J10: Secara overall nilai vibrasi IDF 1A masuk level NORMAL (level A) dengan keterangan kondisi sangat halus (new machine condition), berdasarkan ISO 10816-3 group 1 rigid. Nilai vibrasi overall tertinggi 2,21 mm/s pada bearing 6 arah horisontal | K10: - Lakukan monitoring vibrasi secara rutin dan berkala | N10: W1
A11: 44 | C11: 2 | D11: ='[1]INPUT EQUIPMENT'!B10 -> Motor ID Fan 2#1 | E11: 6H | F11: 2.09 | G11: 6H | H11: 2.25 | I11: NORMAL | J11: Secara overall nilai vibrasi IDF 1B masuk level NORMAL (level A) dengan keterangan kondisi sangat halus (new machine condition), berdasarkan ISO 10816-3 group 1 rigid. Nilai vibrasi overall tertinggi 2,25 mm/s pada bearing 6 arah horisontal | K11: - Lakukan monitoring vibrasi secara rutin dan berkala | N11: W3
A12: 45 | C12: 3 | D12: ='[1]INPUT EQUIPMENT'!B11 -> Motor Primary Air Fan 1#1 | E12: 4V | F12: 3.43 | G12: 4V | H12: 3.13 | I12: PREWARNING | J12: Secara overall nilai vibrasi PAF 1A masuk level PREWARNING (level B) dengan keterangan diperbolehkan beroperasi dalam jangka waktu lama, berdasarkan ISO 10816-3 group 1 rigid. Nilai vibrasi overall tertinggi 3,13 mm/s pada bearing 4 arah vertikal | K12: - Lakukan monitoring vibrasi secara rutin dan berkala | N12: W1
A13: 46 | C13: 4 | D13: ='[1]INPUT EQUIPMENT'!B12 -> Motor Primary Air Fan 2#1 | E13: 2H | F13: 1.65 | G13: 2H | H13: 3.39 | I13: PREWARNING | J13: Secara overall nilai vibrasi PAF 1B masuk level PREWARNING (level B) dengan keterangan diperbolehkan beroperasi dalam jangka waktu lama, berdasarkan berdasarkan ISO 10816-3 group 1 rigid. Nilai vibrasi overall tertinggi 3,39 mm/s pada bearing 4 arah vertikal | K13: - Lakukan monitoring vibrasi secara rutin dan berkala | N13: W3
A14: 47 | C14: 5 | D14: ='[1]INPUT EQUIPMENT'!B13 -> Motor Secondary Air Fan 1#1 | E14: 1H | F14: 2.05 | G14: 1H | H14: 2.28 | I14: NORMAL | J14: Secara overall nilai vibrasi SAF 1A masuk level NORMAL (level A) dengan keterangan kondisi sangat halus (new machine condition), berdasarkan ISO 10816-3 group 1 rigid. Nilai vibrasi overall tertinggi 2,29 mm/s pada bearing 1 arah horisontal | K14: - Lakukan monitoring vibrasi secara rutin dan berkala | N14: W1
A15: 48 | C15: 6 | D15: ='[1]INPUT EQUIPMENT'!B14 -> Motor Secondary Air Fan 2#1 | E15: 1H | F15: 3.7 | G15: 1H | H15: 2.33 | I15: PREWARNING | J15: Secara overall nilai vibrasi SAF 1B masuk level PREWARNING (level B) dengan keterangan diperbolehkan beroperasi dalam jangka waktu lama, berdasarkan ISO 10816-3 group 1 rigid. Nilai vibrasi overall tertinggi 2,33 mm/s pada bearing 1 arah horisontal after perbaikan blade | K15: Lakukan Penjadwalan atau perencaan Perbaikan saat Unit Stop | N15: W3
A16: 49 | C16: 7 | D16: ='[1]INPUT EQUIPMENT'!B15 -> Turbin-Generator#1 | E16: 2V | F16: 3.28 | G16: 2V | H16: 3.63 | I16: NORMAL | J16: Secara overaal nilai vibrasi turbine dan generator unit 1 masuk level NORMAL (level A) dengan keterangan kondisi sangat halus (new machine condition), berdasarkan standart ISO 10816-2 Nilai vibrasi overall tertinggi 3,63 mm/s pada bearing 2 arah vertikal | K16: - Monitoring parameter operasi (vibrasi dan temperatur) | N16: W1
A17: 50 | C17: 8 | D17: ='[1]INPUT EQUIPMENT'!B16 -> Motor Condensat Pump 1#1 | E17: 1H | F17: 1.08 | G17: 1H | H17: 0 | I17: STAND BY | J17: - | K17: - | N17: W2
A18: 51 | C18: 9 | D18: ='[1]INPUT EQUIPMENT'!B17 -> Motor Condensat Pump 2#1 | E18: 1V | F18: 4.41 | G18: 1V | H18: 8.07 | I18: ALARM | J18: Secara overall nilai vibrasi CEP 1B masuk level ALARM (level D) dengan keterangan jika dioperasikan akan mengakibatkan kerusakan yang lebih parah, berdasarkan berdasarkan ISO 10816-3 group 2 rigid. Nilai vibrasi overall tertinggi 8,07 mm/s pada bearing 1 arah vertikal dari hasil pengukuran specturm muncul indikasi bent shaft dan cocked sudah di terbitkan TE dengan No 09.TE/CBM/UBPJRJ/2026 dan SR CD No JRJ26/2026151037 | K18: - Lakukan monitoring vibrasi secara rutin dan berkala - Solo run (before&after pekerjaan) - Pengecekan kondisi pelumasan beairng - Pengecekan kondisi bearing, lakukan penggantian jika ditemukan kerusakan - Pengecekan kondisi Housing bearing motor - Pengecekan kondisi shaft, lakukan run out check - Re-alignment motor dan pompa - Pemasangan baut dudukan motor dan pompa pastikan menggunakan ring, - pengencangan baut dengan rata - Post Test Maintenance | N18: W4
A19: 52 | C19: 10 | D19: ='[1]INPUT EQUIPMENT'!B18 -> Motor Vacuum Pump 1#1 | E19: 4V | F19: 1.46 | G19: 4V | H19: 1.54 | I19: PREWARNING | J19: Secara overall nilai vibrasi vacuum pump 1A masuk level PREWARNING (level B) dengan keterangan diperbolehkan beroperasi dalam jangka waktu lama, berdasarkan ISO 10816-3 group 2 rigid. Nilai vibrasi overall tertinggi 1,54 mm/s pada bearing 4 arah vertikal | K19: - monitoring parameter operasi | N19: W3
A20: 53 | C20: 11 | D20: ='[1]INPUT EQUIPMENT'!B19 -> Motor Vacuum Pump 2#1 | E20: 4H | F20: 1.91 | G20: 4H | H20: 2.45 | I20: PREWARNING | J20: Secara overall nilai vibrasi vacuum pump 1B masuk level PREWARNING (level B) dengan keterangan diperbolehkan beroperasi dalam jangka waktu lama, berdasarkan ISO 10816-3 group 2 rigid. Nilai vibrasi overall tertinggi 2,45 mm/s pada bearing 4 arah horisontal | K20: - monitoring parameter operasi - inject grease 5x pada bearing 3 | N20: W3
A21: 54 | C21: 12 | D21: ='[1]INPUT EQUIPMENT'!B20 -> Motor Boiler Feed Pump 1#1 | E21: 2A | F21: 3.05 | G21: 2A | H21: 4.21 | I21: PREWARNING | J21: Secara overall nilai vibrasi BFP 1A masuk level PREWARNING (level B) dengan keterangan diperbolehkan beroperasi dalam jangka waktu lama, berdasarkan ISO 10816-3 group 1 rigid. Nilai vibrasi overall tertinggi 4,20 mm/s pada bearing 2 arah vertikal | K21: - monitoring parameter operasi | N21: W4
... A28: 61 | C28: 19 | D28: ='[1]INPUT EQUIPMENT'!B27 -> Motor BWRO 2#1 | E28: 1H | F28: 2.05 | G28: 1H | H28: 1.64 | I28: PREWARNING | J28: Secara overall nilai vibrasi BWRO 1B masuk level PREWARNING (level B) dengan keterangan diperbolehkan beroperasi dalam jangka waktu lama, berdasarkan ISO 10816-3 group 2 rigid. Nilai vibrasi overall tertinggi 1,64 mm/s pada bearing 1 arah horisontal | K28: - monitoring parameter operasi | N28: W3
A29: 62 | C29: 20 | D29: ='[1]INPUT EQUIPMENT'!B28 -> Motor SWRO 1 #1 | E29: 2H | F29: 1.19 | G29: 2H | H29: 0 | I29: STAND BY | J29: - | K29: - | N29: W1 | Q29: LJ30-PDM-VIB-0026-1V
A30: 63 | C30: 21 | D30: ='[1]INPUT EQUIPMENT'!B29 -> Motor SWRO 2#1 | E30: 1H | F30: 1.21 | G30: 1H | H30: 1.24 | I30: NORMAL | J30: Secara overall nilai vibrasi SWRO 1B masuk level NORMAL (level A) dengan keterangan kondisi sangat halus (new machine condition), berdasarkan ISO 10816-3 group 2 rigid. Nilai vibrasi overall tertinggi 1,24 pada bearing 2 arah horisontal | K30: - monitoring parameter operasi | N30: W3
A31: 63 | C31: 23 | D31: AC OIL PUMP UNIT 1 | E31: 1H | F31: 1.26 | G31: 1H | H31: 1.06 | I31: NORMAL | J31: Secara overall nilai vibrasi AC Oil Pump Unit 1 masuk level NORMAL (level A) dengan keterangan kondisi sangat halus (new machine condition), berdasarkan ISO 10816-3 group 2 rigid. Nilai vibrasi overall tertinggi 1,06 mm/s pada bearing 1 arah horisontal | K31: - monitoring parameter operasi | N31: W2
A32: 63 | C32: 24 | D32: DC OIPL PUMP UNIT 1 | E32: 3H | F32: 1.58 | G32: 3H | H32: 1.95 | I32: PREWARNING | J32: Secara overall nilai vibrasi DC Oil Pump Unit 1 level REWARNING (level B) dengan keterangan diperbolehkan beroperasi dalam jangka waktu lama, berdasarkan ISO 10816-3 group 2 rigid. Nilai vibrasi overall tertinggi 1,54 mm/s pada bearing 3 arah horisontal | K32: - monitoring parameter operasi | N32: W2
A33: 63 | C33: 25 | D33: DIESEL FIRE FIGHTING UNIT 1 | E33: 2V | F33: 13.55 | G33: 2V | H33: 12.07 | I33: PREWARNING | J33: Secara overaal nilai vibrasi DIESEL FIRE FIGHTING UNIT 1 masuk level PREWARNING (level B) dengan keterangan boleh dioperasikan dalam jangka waktu lama, berdasarkan standart ISO 10816-3 group 2 rigid. Nilai vibrasi overall tertinggi 12,1 mm/s pada bearing 2 arah vertikal | K33: - Pemantauan parameter operasi current dan temperatur | N33: W2
A34: 63 | C34: 26 | D34: ELECTRIC FIRE FIGHTING UNIT 1 | E34: 2V | F34: 2.62 | G34: 2V | H34: 2.63 | I34: PREWARNING | J34: Secara overaal nilai vibrasi FIRE FIGHTING PUMP WITH MOTOR Unit 1 masuk level PREWARNING (level B) dengan keterangan diperbolehkan beroperasi dalam jangka waktu lama, berdasarkan standart ISO 10816-3 group 2 rigid. Nilai vibrasi overall tertinggi 2,63 mm/s pada bearing 4 arah vertikal | K34: - Pemantauan parameter operasi current dan temperatur | N34: W2
A35: 63 | C35: 27 | D35: JOCKEY FIGHTING UNIT 1 | E35: 1V | F35: 1.07 | G35: 1V | H35: 0.87 | I35: NORMAL | J35: Secara overaal nilai vibrasi JACKING OIL PUMP 1A masuk level NORMAL (level A) dengan keterangan kondisi sangat halus (new machine condition), berdasarkan standart ISO 10816-3 group 2 rigid. Nilai vibrasi overall tertinggi 0,87 mm/s pada bearing 1 arah horisontal | K35: - Pemantauan parameter operasi current dan temperatur | N35: W2
D36: ='[1]INPUT EQUIPMENT'!A30 -> UNIT 2
A37: 43 | C37: 25 | D37: ='[1]INPUT EQUIPMENT'!B31 -> Motor ID Fan 1#2 | E37: 1H | F37: 1.9 | G37: 1H | H37: 1.81 | I37: NORMAL | J37: Secara overall nilai vibrasi IDF 1 unit 2 masuk level NORMAL (level A) dengan keterangan kondisi sangat halus (new machine condition), ISO 10816-3 group 1 rigid. Nilai vibrasi overall tertinggi 1,81 mm/s pada bearing 1 arah horisontal | K37: - Lakukan monitoring vibrasi secara rutin dan berkala | N37: W3
A38: 44 | C38: 26 | D38: ='[1]INPUT EQUIPMENT'!B32 -> Motor ID Fan 2#2 | E38: 3A | F38: 2.3 | G38: 3A | H38: 1.62 | I38: NORMAL | J38: Secara overall nilai vibrasi IDF 2 unit 2 masuk leve NORMAL (level A) dengan keterangan kondisi sangat halus (new machine condition), ISO 10816-3 group 1 rigid. Nilai vibrasi overall tertinggi 1,62 mm/s pada bearing 3 arah axial | K38: - Lakukan monitoring vibrasi secara rutin dan berkala | N38: W1
A39: 45 | C39: 27 | D39: ='[1]INPUT EQUIPMENT'!B33 -> Motor Primary Air Fan 1#2 | E39: 4H | F39: 2.48 | G39: 4H | H39: 2.23 | I39: NORMAL | J39: Secara overall nilai vibrasi PAF 1 unit 2 masuk level NORMAL (level A) dengan keterangan kondisi sangat halus (new machine condition), berdasarkan ISO 10816-3 group 1 rigid. Nilai vibrasi overall tertinggi 2,23 mm/s pada bearing 4 arah horisontal | K39: - Monitoring parameter operasi, arus, bukaan damper, flow | N39: W3 | P39: LJ30LAY10AA010-001
A40: 46 | C40: 28 | D40: ='[1]INPUT EQUIPMENT'!B34 -> Motor Primary Air Fan 2#2 | E40: 1H | F40: 2.8 | G40: 1H | H40: 2.84 | I40: PREWARNING | J40: Secara overall nilai vibrasi PAF 2 unit 2 masuk level PREWARNING (level B) dan diperbolehkan beroperasi dalam jangka waktu lama yang tak terbatas, berdasarkan berdasarkan ISO 10816-3 group 1 rigid. Nilai vibrasi overall tertinggi 2,84 mm/s pada bearing 2 arah horisontal | K40: - Lakukan monitoring vibrasi secara rutin dan berkala | N40: W1
A41: 47 | C41: 29 | D41: ='[1]INPUT EQUIPMENT'!B35 -> Motor Secondary Air Fan 1#2 | E41: 3H | F41: 2.94 | G41: 3H | H41: 2.9 | I41: PREWARNING | J41: Secara overall nilai vibrasi SAF 1 masuk level PREWARNING (level B) dan diperbolehkan beroperasi dalam jangka waktu lama yang tak terbatas, berdasarkan ISO 10816-3 group 1 rigid. Nilai vibrasi overall tertinggi 2,90 mm/s pada bearing 3 arah horisontal | K41: - Lakukan monitoring vibrasi secara rutin dan berkala | N41: W3
A42: 48 | C42: 30 | D42: ='[1]INPUT EQUIPMENT'!B36 -> Motor Secondary Air Fan 2#2 | E42: 1H | F42: 2.45 | G42: 1H | H42: 2.72 | I42: PREWARNING | J42: Secara overall nilai vibrasi SAF 2 masuk level PREWARNING (level B) dan diperbolehkan beroperasi dalam jangka waktu lama yang tak terbatas, berdasarkan ISO 10816-3 group 1 rigid. Nilai vibrasi overall tertinggi 2,72 mm/s pada bearing 1 arah horisontal | K42: - Lakukan monitoring vibrasi secara rutin dan berkala | N42: W1
A43: 49 | C43: 31 | D43: ='[1]INPUT EQUIPMENT'!B37 -> Turbin-Generator#2 | E43: 4A | F43: 4.6 | G43: 4A | H43: 5.85 | I43: PREWARNING | J43: Secara overaal nilai vibrasi turbine dan generator unit 2 masuk level PREWARNING (level B) dan diperbolehkan beroperasi dalam jangka waktu lama yang tak terbatas, berdasarkan standart ISO 10816-2 Nilai vibrasi overall tertinggi 5,85 mm/s pada bearing 4 arah axial | K43: - Monitoring parameter operasi (vibrasi dan temperatur) | N43: W3
A44: 50 | C44: 32 | D44: ='[1]INPUT EQUIPMENT'!B38 -> Motor Condensat Pump 1#2 | E44: 2H | F44: 0.83 | G44: 2H | H44: 0 | I44: STAND BY | J44: - | K44: - | N44: W4
A45: 51 | C45: 33 | D45: ='[1]INPUT EQUIPMENT'!B39 -> Motor Condensat Pump 2#2 | E45: 1V | F45: 4.41 | G45: 1V | H45: 1.2 | I45: NORMAL | J45: Secara overall nilai vibrasi CEP 2 masuk level NORMAL (level A) dengan keterangan kondisi sangat halus (new machine condition), berdasarkan ISO 10816-3 group 2 rigid. Nilai vibrasi overall tertinggi 1,20 mm/s pada bearing 1 arah horisontal | K45: - Lakukan monitoring vibrasi secara rutin dan berkala | N45: W2
A46: 52 | C46: 34 | D46: ='[1]INPUT EQUIPMENT'!B40 -> Motor Vacuum Pump 1#2 | E46: 4H | F46: 1.72 | G46: 4H | H46: 1.5 | I46: PREWARNING | J46: Secara overall nilai vibrasi vacuum pump 1 masuk level PREWARNING (level B) dan diperbolehkan beroperasi dalam jangka waktu lama yang tak terbatas, berdasarkan ISO 10816-3 group 2 rigid. Nilai vibrasi overall tertinggi 1,72 mm/s pada bearing 4 arah horisontal | K46: - monitoring parameter operasi - inject grease 5x pada bearing 3 dan 4 | N46: W3
A47: 53 | C47: 35 | D47: ='[1]INPUT EQUIPMENT'!B41 -> Motor Vacuum Pump 2#2 | E47: 4H | F47: 2.7 | G47: 4H | H47: 1.5 | I47: PREWARNING | J47: Secara overall nilai vibrasi vacuum pump 2 masuk level PREWARNING (level B) dan diperbolehkan beroperasi dalam jangka waktu lama yang tak terbatas, berdasarkan ISO 10816-3 group 2 rigid. Nilai vibrasi overall tertinggi 2,70 mm/s pada bearing 4 arah horisontal | K47: - monitoring parameter operasi - inject grease 5x pada bearing 3 dan 4 | N47: W3
A48: 54 | C48: 36 | D48: ='[1]INPUT EQUIPMENT'!B42 -> Motor Boiler Feed Pump 1#2 | E48: 5H | F48: 3.39 | G48: 5H | H48: 0 | I48: STAND BY | J48: - | K48: - | N48: W2
A49: 55 | C49: 37 | D49: ='[1]INPUT EQUIPMENT'!B43 -> Motor Boiler Feed Pump 2#2 | E49: 2A | F49: 2.7 | G49: 2A | H49: 2.14 | I49: NORMAL | J49: Secara overall nilai vibrasi BFP 2 unit 2 masuk level NORMAL (level A) dengan keterangan kondisi sangat halus (new machine condition), berdasarkan ISO 10816-3 group 1 rigid. Nilai vibrasi overall tertinggi 2,14 mm/s pada bearing 6 arah vertikal | K49: - monitoring parameter operasi - Lakukan monitoring vibrasi secara rutin dan berkala | N49: W4
A50: 56 | C50: 38 | D50: ='[1]INPUT EQUIPMENT'!B44 -> Motor CCCWP 1#2 | E50: 1V | F50: 2.33 | G50: 1V | H50: 2.26 | I50: PREWARNING | J50: Secara overall nilai vibrasi C3WP 1 masuk level PREWARNING (level B) dan diperbolehkan beroperasi dalam jangka waktu lama yang tak terbatas, berdasarkan ISO 10816-3 group 2 rigid. Nilai vibrasi overall tertinggi 2,26 mm/s pada bearing 1 arah horisontal | K50: - monitoring parameter operasi | N50: W3
A51: 57 | C51: 39 | D51: Motor CCCWP 2B | E51: 1V | F51: 1.06 | G51: 1V | H51: 0 | I51: STAND BY | J51: - | K51: - | N51: W3
A52: 57 | C52: 40 | D52: Motor CCCWP 2C | E52: 1H | F52: 1.23 | G52: 1H | H52: 2.07 | I52: PREWARNING | J52: Secara overall nilai vibrasi C3WP 2C masuk level PREWARNING (level B) dan diperbolehkan beroperasi dalam jangka waktu lama yang tak terbatas, berdasarkan ISO 10816-3 group 2 rigid. Nilai vibrasi overall tertinggi 2,07 mm/s pada bearing 1 arah horisontal | K52: - monitoring parameter operasi | N52: W3
A53: 58 | C53: 41 | D53: ='[1]INPUT EQUIPMENT'!B46 -> Motor CWP 355 Kw 1#2 | E53: 1H | F53: 2.75 | G53: 1H | H53: 0 | I53: STAND BY | J53: - | K53: - | N53: W2
A54: 59 | C54: 42 | D54: ='[1]INPUT EQUIPMENT'!B47 -> Motor CWP 355 Kw 2#2 | E54: 1H | F54: 2.27 | G54: 1H | H54: 2.02 | I54: NORMAL | J54: Secara overall nilai vibrasi CWP 2 masuk level NORMAL (level A) dengan keterangan kondisi sangat halus (new machine condition), berdasarkan ISO 10816-3 group 1 rigid. Nilai vibrasi overall tertinggi 2,02 mm/s pada bearing 1 horisontal | K54: - Lakukan monitoring vibrasi secara rutin dan berkala | N54: W4
A55: 63 | C55: 43 | D55: AC OIL PUMP UNIT 2 | E55: 3H | F55: 2.01 | G55: 3H | H55: 0 | I55: STAND BY | J55: - | K55: - | N55: W2
A56: 63 | C56: 44 | D56: DC OIPL PUMP UNIT 2 | E56: 3H | F56: 1.88 | G56: 3H | H56: 0 | I56: STAND BY | J56: - | K56: - | N56: W2
D57: ='[1]INPUT EQUIPMENT'!A48 -> UNIT 3
A58: 1 | C58: 25 | D58: ='[1]INPUT EQUIPMENT'!B49 -> Motor ID Fan 1#3 | E58: 4H | F58: 1.24 | G58: 4H | H58: 1.23 | I58: NORMAL | J58: Secara overall nilai vibrasi IDF 3A masuk level NORMAL (level A) dengan keterangan kondisi sangat halus (new machine condition), berdasarkan ISO 10816-3 group 1 rigid. Nilai vibrasi overall tertinggi 1,19 mm/s pada bearing 4 arah horisontal | K58: - Pemantauan parameter operasi current dan temperatur | N58: W2
A59: 2 | C59: 26 | D59: ='[1]INPUT EQUIPMENT'!B50 -> Motor ID Fan 2#3 | E59: 4H | F59: 0.53 | G59: 4H | H59: 0.8 | I59: NORMAL | J59: Secara overall nilai vibrasi IDF 3B masuk level NORMAL (level A) dengan keterangan kondisi sangat halus (new machine condition), berdasarkan ISO 10816-3 group 1 rigid. Nilai vibrasi overall tertinggi 0,81 mm/s pada bearing 3 arah axial | K59: - Pemantauan parameter operasi current dan temperatur | N59: W4
A60: 3 | C60: 41 | D60: ='[1]INPUT EQUIPMENT'!B51 -> Motor Primary Air Fan#3 | E60: 4H | F60: 2.12 | G60: 4H | H60: 2.21 | I60: NORMAL | J60: Secara overall nilai vibrasi PAF Unit 3 masuk level NORMAL (level A) dengan keterangan kondisi sangat halus (new machine condition), berdasarkan berdasarkan ISO 10816-3 group 1 rigid. Nilai vibrasi overall tertinggi 2,21 mm/s pada bearing 2 arah horisontal | K60: - Pemantauan parameter operasi current dan temperatur | N60: W4
A61: 4 | C61: 42 | D61: ='[1]INPUT EQUIPMENT'!B52 -> Motor Secondary Air Fan#3 | E61: 1H | F61: 3.58 | G61: 1H | H61: 2.49 | I61: PREWARNING | J61: 'Secara overall nilai vibrasi SAF Unit 3 masuk level PREWARNING (level B) dengan keterangan diperbolehkan beroperasi dalam jangka waktu lama, berdasarkan ISO 10816-3 group 1 rigid. Nilai vibrasi overall tertinggi 2,49 mm/s pada bearing 2 arah horisontal | K61: - Pemantauan parameter operasi current dan temperatur | N61: W3
A62: 5 | C62: 43 | D62: ='[1]INPUT EQUIPMENT'!B53 -> Motor Recirculating Air Fan 1#3 | E62: 5H | F62: 3.62 | G62: 5H | H62: 0 | I62: STAND BY | J62: - | K62: - | N62: W2
A63: 6 | C63: 44 | D63: ='[1]INPUT EQUIPMENT'!B54 -> Motor Recirculating Air Fan 2#3 | E63: 5H | F63: 2.66 | G63: 5H | H63: 3.36 | I63: PREWARNING | J63: Secara overall nilai vibrasi RAF 3B masuk level PREWARNING (level B) dengan keterangan boleh dioperasikan dalam jangka waktu lama, berdasarkan ISO 10816-3 group 1 rigid. Nilai vibrasi overall tertinggi 3,36 mm/s pada bearing 3 arah horisontal | K63: -'Pemantauan parameter operasi current dan temperatur | N63: W4
A64: 7 | C64: 45 | D64: ='[1]INPUT EQUIPMENT'!B55 -> Turbin-Generator#3 | E64: 2V | F64: 3.48 | G64: 2V | H64: 3.04 | I64: NORMAL | J64: Secara overaal nilai vibrasi turbine dan generator Unit 3 masuk level NORMAL (level A) dengan keterangan kondisi sangat halus (new machine condition), berdasarkan standart ISO 10816-2. Nilai vibrasi overall tertinggi 3,04 mm/s pada bearing 2 arah vertikal | K64: - Pemantauan parameter operasi vibrasi dan temperatur | N64: W1
A65: 8 | C65: 46 | D65: ='[1]INPUT EQUIPMENT'!B56 -> Motor Condensat Pump 1#3 | E65: 1H | F65: 2.58 | G65: 1H | H65: 2.71 | I65: PREWARNING | J65: Secara overaal nilai vibrasi CEP 3A masuk level PREWARNING (level B) dengan keterangan boleh dioperasikan dalam jangka waktu lama, berdasarkan standart ISO 10816-3 group 2 rigid. Nilai vibrasi overall tertinggi 2,71 mm/s pada bearing 2 arah horisontal | K65: - Pemantauan Parameter Operasi Temperatur dan current | N65: W4
A66: 9 | C66: 47 | D66: ='[1]INPUT EQUIPMENT'!B57 -> Motor Condensat Pump 2#3 | E66: 2H | F66: 2.25 | G66: 2H | H66: 2.06 | I66: PREWARNING | J66: Secara overall nilai vibrasi CEP 3B masuk level PREWARNING (level B) dengan keterangan diperbolehkan beroperasi dalam jangka waktu lama, berdasarkan standart ISO 10816-3 group 2 rigid. Nilai vibrasi overall tertinggi 2,06 mm/s pada bearing 2 arah horisontal | K66: - Pemantauan parameter operasi current dan temperatur | N66: W2
A67: 10 | C67: 48 | D67: ='[1]INPUT EQUIPMENT'!B58 -> Motor Condensat Pump 3#3 | E67: 1H | F67: 1.73 | G67: 1H | H67: 1.81 | I67: PREWARNING | J67: Secara overaal nilai vibrasi CEP 3C masuk level PREWARNING (level B) dengan keterangan diperbolehkan beroperasi dalam jangka waktu singkat, berdasarkan standart ISO 10816-3 group 2 rigid. Nilai vibrasi overall tertinggi 1,81 mm/s pada bearing 4 arah horisontal | K67: - Pemantauan parameter operasi current dan temperatur | N67: W2
A68: 11 | C68: 49 | D68: ='[1]INPUT EQUIPMENT'!B59 -> Motor Water jet Pump 1#3 | E68: 1H | F68: 1.51 | G68: 1H | H68: 1.21 | I68: NORMAL | J68: Secara overaal nilai vibrasi WATER JET PUMP 3A masuk level PREWARNING (level B) dengan keterangan boleh dioperasikan dalam jangka waktu lama, berdasarkan standart ISO 10816-3 group 2 rigid. Nilai vibrasi overall tertinggi 1,21 mm/s pada bearing 1 arah horisontal | K68: - Pemantauan parameter operasi current dan temperatur | N68: W4
A69: 12 | C69: 50 | D69: ='[1]INPUT EQUIPMENT'!B60 -> Motor Water jet Pump 2#3 | E69: 2H | F69: 1.77 | G69: 2H | H69: 0 | I69: STAND BY | J69: - | K69: - | N69: W2
... A76: 19 | C76: 57 | D76: ='[1]INPUT EQUIPMENT'!B67 -> Motor BWRO 1#3 | E76: 1V | F76: 2.08 | G76: 1V | H76: 1.98 | I76: PREWARNING | J76: Secara overaal nilai vibrasi BWRO 3A masuk level PREWARNING (level B) dengan keterangan boleh dioperasikan dalam jangka waktu lama, standart ISO 10816-3 group 2 rigid. Nilai vibrasi overall tertinggi 1,98 mm/s pada bearing 1 arah horisontal | K76: - Pemantauan parameter operasi current dan temperatur | N76: W3
A77: 20 | C77: 58 | D77: ='[1]INPUT EQUIPMENT'!B68 -> Motor BWRO 2#3 | F77: 0 | H77: 0 | I77: STAND BY | J77: - cartridge filter tidak ready | K77: - Pengadaan dan lakukan penggantian cartridge | N77: W4
A78: 21 | C78: 59 | D78: ='[1]INPUT EQUIPMENT'!B69 -> Motor SWRO 1#3 | E78: 2H | F78: 0.79 | G78: 2H | H78: 0.8 | I78: NORMAL | J78: Secara overaal nilai vibrasi SWRO 3A masuk level NORMAL (level A) dengan keterangan kondisi sangat halus (new machine condition), berdasarkan standart ISO 10816-3 group 2 rigid. Nilai vibrasi overall tertinggi 0,80 mm/s pada bearing 2 arah horisontal | K78: - Pemantauan parameter operasi current dan temperatur | N78: W3
A79: 22 | C79: 60 | D79: ='[1]INPUT EQUIPMENT'!B70 -> Motor SWRO 2#3 | E79: 1A | F79: 2.31 | G79: 1A | H79: 0 | I79: STAND BY | J79: - | K79: 0 | N79: W4
D80: Fire Fighting Jockey Pump 1 | E80: 1H | F80: 0.96 | G80: 1H | H80: 0.93 | I80: NORMAL | J80: Secara overaal nilai vibrasi JOCKEY PUMP 3A masuk level NORMAL (level A) dengan keterangan kondisi sangat halus (new machine condition), standart ISO 10816-3 group 2 rigid. Nilai vibrasi overall tertinggi 0,93 mm/s pada bearing 1 arah vertikal | K80: - Pemantauan parameter operasi current dan temperatur | N80: W1
D81: Fire Fighting Jockey Pump 2 | E81: 1H | F81: 1.2 | G81: 1H | H81: 0 | I81: STAND BY | J81: - | K81: - | N81: W1
D82: Fire Fighting Pump With Motor | E82: 4H | F82: 2.36 | G82: 4H | H82: 1.91 | I82: PREWARNING | J82: Secara overaal nilai vibrasi FIRE FIGHTING PUMP WITH MOTOR Unit 3 masuk level PREWARNING (level B) dengan keterangan diperbolehkan beroperasi dalam jangka waktu lama, berdasarkan standart ISO 10816-3 group 2 rigid. Nilai vibrasi overall tertinggi 1,91 mm/s pada bearing 3 arah vertikal | K82: - Pemantauan parameter operasi current dan temperatur | N82: W1
D83: Fire Fighting Pump With Diesel | E83: 1H | F83: 13.95 | G83: 1H | H83: 16.49 | I83: PREWARNING | J83: Secara overaal nilai vibrasi FIRE FIGHTING PUMP WITH DIESEL Unit 3 masuk level WARNING (level C) dengan keterangan boleh dioperasikan dalam jangka waktu singkat berdasarkan standart ISO 10816-3 group 2 rigid. Nilai vibrasi overall tertinggi 16,5 mm/s pada bearing 1 arah horisontal note pengoperasian belum sesuai pressure kerja | K83: - Pemantauan parameter operasi current dan temperatur | N83: W1
D84: AC Oil Pump Unit 3 | E84: 4H | F84: 6.44 | G84: 4H | H84: 0 | I84: STAND BY | J84: - | K84: - | N84: W1
D85: DC Oil Pump Unit 3 | E85: 4H | F85: 2.68 | G85: 4H | H85: 0 | I85: STAND BY | J85: - | K85: - | N85: W1
D86: Jacking Oil Pump 3A | E86: 1V | F86: 1.03 | G86: 1V | H86: 0 | I86: STAND BY | J86: - | K86: - | N86: W1
D87: Jacking Oil Pump 3B | E87: 1H | F87: 0.44 | G87: 1H | H87: 0 | I87: STAND BY | J87: - | K87: - | N87: W1
A88: 23 | C88: 23 | D88: ='[1]INPUT EQUIPMENT'!B71 -> Motor Cooling tower 1#3 | F88: 0 | H88: 0 | I88: 0 | J88: - | K88: -
A89: 24 | C89: 24 | D89: ='[1]INPUT EQUIPMENT'!B72 -> Motor Cooling tower 2#3 | E89: 1H | F89: 14.04 | H89: 0 | I89: 0 | J89: - | K89: -
A90: 25 | C90: 25 | D90: ='[1]INPUT EQUIPMENT'!B73 -> Motor Air Compressor 1#3 | F90: 0 | H90: 3.5 | I90: PREWARNING | J90: HERMAWAN | K90: HERMAWAN
A91: 26 | C91: 26 | D91: ='[1]INPUT EQUIPMENT'!B74 -> Motor Air Compressor 2#3 | F91: 0 | H91: 0 | I91: STAND BY | J91: HERMAWAN | K91: HERMAWAN
D92: ='[1]INPUT EQUIPMENT'!A75 -> COAL ASH HANDLING
A93: 27 | C93: 61 | D93: ='[1]INPUT EQUIPMENT'!B76 -> BC 4.1 | E93: 2H | F93: 3.67 | G93: 2H | H93: 3.5 | I93: PREWARNING | J93: Secara overall nilai vibrasi BC 4.1 masuk level PREWARNING (level B) dengan keterangan diperbolehkan beroperasi dalam jangka waktu lama, berdasarkan ISO 10816-3 group 2 flexible. Nilai vibrasi overall tertinggi 3,02 mm/s pada bearing 2 horiontal | K93: - Greasing secara berkala sesuai prosedur manual book | N93: W2
A94: 28 | C94: 62 | D94: ='[1]INPUT EQUIPMENT'!B77 -> BC 4.2 | E94: 3A | F94: 1.27 | G94: 3A | H94: 1.61 | I94: NORMAL | J94: Secara overall nilai vibrasi BC 4.2 masuk level NORMAL (level A) dengan keterangan kondisi sangat halus (new machine condition), berdasarkan ISO 10816-3 group 2 flexible. Nilai vibrasi overall tertinggi 1,02 mm/s pada bearing 5 arah vertikal After Penguatan Structure | K94: - Pastikan perlatan aman saat akan di operasikan | N94: W4
A95: 29 | C95: 63 | D95: ='[1]INPUT EQUIPMENT'!B78 -> BC 5.1 | E95: 3A | F95: 2.88 | G95: 3A | H95: 4.2 | I95: PREWARNING | J95: Secara overall nilai vibrasi BC 5.1 masuk level PREWARNING (level B) dengan keterangan diperbolehkan beroperasi dalam jangka waktu lama, berdasarkan ISO 10816-3 group 2 flexible. Nilai vibrasi overall tertinggi 2,88 mm/s pada bearing 5 arah vertikal | K95: - Greasing secara berkala sesuai prosedur manual book | N95: W2
A96: 30 | C96: 64 | D96: ='[1]INPUT EQUIPMENT'!B79 -> BC 5.2 | E96: 3A | F96: 2.91 | G96: 3A | H96: 3.72 | I96: PREWARNING | J96: Secara overall nilai vibrasi BC 5.2 masuk level PREWARNING (level B) dengan keterangan diperbolehkan beroperasi dalam jangka waktu lama, berdasarkan ISO 10816-3 group 2 flexible. Nilai vibrasi overall tertinggi 2,91 mm/s pada bearing 3 arah axial | K96: - Pastikan perlatan aman saat akan di operasikan | N96: W4
A97: 31 | C97: 65 | D97: ='[1]INPUT EQUIPMENT'!B80 -> BC 7.1 | E97: 3V | F97: 2.95 | G97: 3V | H97: 3.43 | I97: PREWARNING | J97: Secara overall nilai vibrasi BC 7.1 masuk level PREWARNING (level B) dengan keterangan diperbolehkan beroperasi dalam jangka waktu lama, berdasarkan ISO 10816-3 group 2 flexible. Nilai vibrasi overall tertinggi 2,95 mm/s pada bearing 1 arah horisontal | K97: - Pastikan perlatan aman saat akan di operasikan | N97: W2
A98: 32 | C98: 66 | D98: ='[1]INPUT EQUIPMENT'!B81 -> BC 7. 2 | E98: 2H | F98: 3.89 | G98: 2H | H98: 3.01 | I98: PREWARNING | J98: Secara overall nilai vibrasi BC 7.2 masuk level PREWARNING (level B) dengan keterangan diperbolehkan beroperasi dalam jangka waktu lama, berdasarkan ISO 10816-3 group 2 flexible. Nilai vibrasi overall tertinggi 3,89 mm/s pada bearing 2 arah vertikal after penggantian teflon ada bearing 3 | K98: - Pastikan perlatan aman saat akan di operasikan | N98: W4
A99: 33 | C99: 67 | D99: ='[1]INPUT EQUIPMENT'!B82 -> BC 8.1 | E99: 4H | F99: 3.62 | G99: 4H | H99: 3.21 | I99: PREWARNING | J99: Secara overall nilai vibrasi BC 8.1 masuk level PREWARNING (level B) dengan keterangan diperbolehkan beroperasi dalam jangka lama, berdasarkan ISO 10816-3 group 2 flexible. Nilai vibrasi overall tertinggi 3,62 mm/s pada bearing 1 arah horisontal | K99: - Pastikan perlatan aman saat akan di operasikan | N99: W2
A100: 34 | C100: 68 | D100: ='[1]INPUT EQUIPMENT'!B83 -> BC 8.2 | E100: 1V | F100: 3.48 | G100: 1V | H100: 3.75 | I100: PREWARNING | J100: Secara overall nilai vibrasi BC 8.2 masuk level PREWARNING (level B) dengan keterangan diperbolehkan beroperasi dalam jangka waktu lama, berdasarkan ISO 10816-3 group 2 flexible Nilai vibrasi overall tertinggi 3,48 mm/s pada bearing 1 arah horisontal | K100: - Pastikan perlatan aman saat akan di operasikan | N100: W4
A101: 35 | C101: 69 | D101: ='[1]INPUT EQUIPMENT'!B84 -> BC 10.1 | E101: 1V | F101: 4.33 | G101: 1V | H101: 3.47 | I101: PREWARNING | J101: Secara overall nilai vibrasi BC 10.1 masuk level PREWARNING (level B) dengan keterangan diperbolehkan beroperasi dalam jangka lama, berdasarkan berdasarkan ISO 10816-3 group 2 flexible. Nilai vibrasi overall tertinggi 4,33 pada bearing 1 arah horisontal | K101: - Pastikan perlatan aman saat akan di operasikan | N101: W2
A102: 36 | C102: 70 | D102: ='[1]INPUT EQUIPMENT'!B85 -> BC 10.2 | E102: 2A | F102: 4.1 | G102: 2A | H102: 4.34 | I102: PREWARNING | J102: Secara overall nilai vibrasi BC 10.2 masuk level PREWARNING (level B) dengan keterangan diperbolehkan beroperasi dalam jangka waktu lama, berdasarkan ISO 10816-3 group 2 flexible Nilai vibrasi overall tertinggi 4,1 mm/s bearing 2 arah axial | K102: - Pastikan perlatan aman saat akan di operasikan | N102: W4
A103: 37 | C103: 71 | D103: ='[1]INPUT EQUIPMENT'!B86 -> ROLLER SCREEN 1 | E103: 1V | F103: 10.97 | G103: 1V | H103: 8.21 | I103: ALARM | J103: Secara overall nilai vibrasi Rolling Screen 1 masuk level ALARM (level D) dengan keterangan Jika dioperasikan akan mengakibatkan kerusakan yang lebih parah. berdasarkan Baseline dan sister asset. Nilai vibrasi overall tertinggi 11 mm/s pada bearing 1 arah vertikal after penggantian bantalan bearing dan setting rantai | K103: - Pastikan perlatan aman saat akan di operasikan | N103: W2
A104: 38 | C104: 72 | D104: ='[1]INPUT EQUIPMENT'!B87 -> ROLLER SCREEN 2 | E104: 1V | F104: 7.12 | G104: 1V | H104: 6.43 | I104: PREWARNING | J104: Secara overall nilai vibrasi Roller Screen 2 masuk level PWARNING (level B) dengan keterangan diperbolehkan beroperasi dalam jangka singkat. berdasarkan Baseline dan sister asset. Nilai vibrasi overall tertinggi 7,12 mm/s pada bearing 1 arah vertikal | K104: - Pastikan perlatan aman saat akan di operasikan | N104: W4
A105: 39 | C105: 73 | D105: ='[1]INPUT EQUIPMENT'!B90 -> VIBRATING FEEDER 1 | E105: 1V | F105: #REF! | G105: 1V | H105: #REF! | I105: #REF!
A106: 40 | C106: 74 | D106: ='[1]INPUT EQUIPMENT'!B91 -> VIBRATING FEEDER 2 | F106: #REF! | H106: #REF! | I106: #REF!
A107: 41 | C107: 75 | D107: ='[1]INPUT EQUIPMENT'!B88 -> Motor Crusser 185kW 1 | E107: 1H | F107: 8.06 | G107: 1H | H107: 7.85 | I107: WARNING | J107: Secara overall nilai vibrasi crusser 1 masuk level ALARM (level D) dengan keterangan Jika dioperasikan akan mengakibatkan kerusakan yang lebih parah. berdasarkan Baseline dan sister asset. Nilai vibrasi overall tertinggi 8,06 mm/s pada bearing 1 arah horisontal after pengencangan baut coupling dan regreasing | K107: - Pastikan perlatan aman saat akan di operasikan | N107: W2
A108: 42 | C108: 76 | D108: ='[1]INPUT EQUIPMENT'!B89 -> Motor Crusser 185kW 2 | E108: 1H | F108: 5.42 | G108: 1H | H108: 4.74 | I108: PREWARNING | J108: Secara overall nilai vibrasi crusser 2 masuk level PREWARNING (level B) dengan keterangan diperbolehkan beroperasi dalam jangka lama, berdasarkan Baseline dan sister asset. Nilai vibrasi overall tertinggi 5,42 mm/s pada bearing 3 arah horisontal | K108: - Pastikan perlatan aman saat akan di operasikan | N108: W4
A109: 64 | C109: 64 | D109: ='[1]INPUT EQUIPMENT'!B92 -> Compressor For Instrument 1#1 | F109: 1.19
A110: 65 | C110: 65 | D110: ='[1]INPUT EQUIPMENT'!B93 -> Compressor For Instrument 2#1 | G110: 1H
A111: 66 | C111: 66 | D111: ='[1]INPUT EQUIPMENT'!B94 -> Compressor For Instrument 3#1
A112: 67 | C112: 67 | D112: ='[1]INPUT EQUIPMENT'!B95 -> Compressor For Ash Handling 1#1
A113: 68 | C113: 68 | D113: ='[1]INPUT EQUIPMENT'!B96 -> Compressor For Ash Handling 2#1
...
